batch_id,batch_status,page_id,title,category_parent,category_name,major,creator_name,creator_id,file_entries,unique_file_ids,total_size_bytes,total_size_mib,original_done_file_entries,original_failed_file_entries,original_not_in_state_file_entries,views,total_downloads,created_at,updated_at
1037wiki_download_2026-07-01_assumed_archived,assumed_downloaded_archived,69e36d13620074080627cfd3,毛泽东思想和中国特色社会主义理论体系概论往年期末题,课程,毛泽东思想和中国特色社会主义理论体系概论,计算机科学与技术,冰岩作坊,69955429d30401dc130fd331,7,7,2314919,2.208,7,0,0,2707,879,2026-04-18T11:37:55.297Z,
1037wiki_download_2026-07-01_assumed_archived,assumed_downloaded_archived,6a23fc3f82ff2e3e38551bb0,概率论2024/2023/2021试卷,课程,概率论与数理统计,计算机科学与技术,怡红主人,6a158f8da96692fab2fd5181,5,5,3908027,3.727,5,0,0,2847,874,2026-06-06T10:53:51.15Z,2026-06-06T10:53:51.15Z
1037wiki_download_2026-07-01_assumed_archived,assumed_downloaded_archived,69d3c02de847b61cbf71c528,数据库系统原理试卷,课程,数据库系统原理,计算机科学与技术,冰岩作坊,69955429d30401dc130fd331,10,10,52774212,50.329,10,0,0,2307,600,2026-04-06T14:16:13.265Z,2026-04-06T14:16:13.265Z
1037wiki_download_2026-07-01_assumed_archived,assumed_downloaded_archived,69fbe5d3d0537a25e4ceaa7f,微积分（B）考试合集,课程,微积分 (B),密码科学与技术,Na_Bian,69fbe4a6d0537a25e4ceaa77,1,1,2170693,2.07,1,0,0,3717,585,2026-05-07T01:07:31.574Z,2026-05-29T10:52:42.545Z
1037wiki_download_2026-07-01_assumed_archived,assumed_downloaded_archived,6a29045a0c3e53a8e9813041,概率论与数理统计往年真题,课程,概率论与数理统计,计算机科学与技术,流华纪,6a156099a96692fab2fd5159,11,11,20024578,19.097,11,0,0,1352,580,2026-06-10T06:29:46.598Z,2026-06-10T06:29:46.598Z
1037wiki_download_2026-07-01_assumed_archived,assumed_downloaded_archived,6a29054e0c3e53a8e981304b,大学物理22-24真题,课程,大学物理,计算机科学与技术,流华纪,6a156099a96692fab2fd5159,3,3,4288376,4.09,3,0,0,2434,577,2026-06-10T06:33:50.703Z,2026-06-10T06:33:50.703Z
1037wiki_download_2026-07-01_assumed_archived,assumed_downloaded_archived,6a4463bf5e75a9a64e046f7f,《毛泽东思想和中国特色社会主义理论体系概论》复习资料,课程,毛泽东思想和中国特色社会主义理论体系概论,机械设计制造及其自动化,Ashitaka,6a43efc55e75a9a64e046ed1,44,44,89114983,84.987,44,0,0,793,544,2026-07-01T00:47:59.899Z,2026-07-01T00:47:59.899Z
1037wiki_download_2026-07-01_assumed_archived,assumed_downloaded_archived,69a4fb2bbf7e2f5404a1aaa5,计科编译原理往年题,课程,编译原理,计算机科学与技术,冰岩作坊,69955429d30401dc130fd331,10,10,8480747,8.088,10,0,0,1043,478,2026-03-02T02:51:23.126Z,2026-03-02T02:51:23.126Z
1037wiki_download_2026-07-01_assumed_archived,assumed_downloaded_archived,69d3bff0e847b61cbf71c51d,计科数据库系统原理课件,课程,数据库系统原理,计算机科学与技术,冰岩作坊,69955429d30401dc130fd331,48,48,84435537,80.524,48,0,0,321,460,2026-04-06T14:15:12.798Z,2026-04-06T14:15:12.798Z
1037wiki_download_2026-07-01_assumed_archived,assumed_downloaded_archived,69d4e3c8e97c3e20fbc59b96,概率论与数理统计试卷,课程,概率论与数理统计,计算机科学与技术,冰岩作坊,69955429d30401dc130fd331,6,6,18633821,17.771,6,0,0,1332,449,2026-04-07T11:00:24.586Z,2026-04-07T11:00:24.586Z
1037wiki_download_2026-07-01_assumed_archived,assumed_downloaded_archived,6a1167779b187836f8cba6a6,四级真题,技能考试,四六级,计算机科学与技术,冰岩作坊,69955429d30401dc130fd331,7,7,316441121,301.782,7,0,0,1160,430,2026-05-23T08:38:15.412Z,2026-05-23T08:38:15.412Z
1037wiki_download_2026-07-01_assumed_archived,assumed_downloaded_archived,6a3cd2b75e75a9a64e044e4e,毛概复习,课程,毛泽东思想和中国特色社会主义理论体系概论,计算机科学与技术,阿巴阿巴柚子,6a1d812a73ba0e51a35540ff,2,2,9325303,8.893,2,0,0,2392,410,2026-06-25T07:03:19.442Z,2026-06-25T07:03:19.442Z
1037wiki_download_2026-07-01_assumed_archived,assumed_downloaded_archived,69da4ce82efdffcdc19666f4,大学物理实验,课程,大学物理,计算机科学与技术,冰岩作坊,69955429d30401dc130fd331,5,5,130786339,124.728,5,0,0,2386,382,2026-04-11T13:30:16.303Z,
1037wiki_download_2026-07-01_assumed_archived,assumed_downloaded_archived,69e3619a620074080627cfbb,中国近现代史纲要知识点总结,课程,中国近现代史纲要,计算机科学与技术,冰岩作坊,69955429d30401dc130fd331,5,5,7024043,6.699,5,0,0,1630,366,2026-04-18T10:48:58.358Z,
1037wiki_download_2026-07-01_assumed_archived,assumed_downloaded_archived,69d4e04c0ade361580f16afa,电路理论试卷,课程,电路理论,计算机科学与技术,冰岩作坊,69955429d30401dc130fd331,12,12,19511683,18.608,12,0,0,1298,334,2026-04-07T10:45:32.675Z,2026-04-07T10:45:32.675Z
1037wiki_download_2026-07-01_assumed_archived,assumed_downloaded_archived,6a0acc5078288d5040e7bc7c,计科 计算机系统基础 课件,课程,计算机系统基础,计算机科学与技术,Paul,69db678d8829cfa84be38df7,13,13,29020506,27.676,13,0,0,1554,324,2026-05-18T08:22:40.627Z,2026-05-18T08:22:40.627Z
1037wiki_download_2026-07-01_assumed_archived,assumed_downloaded_archived,69e36f3260eea1e5305c5d2d,毛泽东思想和中国特色社会主义理论体系概论知识点整理,课程,毛泽东思想和中国特色社会主义理论体系概论,计算机科学与技术,冰岩作坊,69955429d30401dc130fd331,8,8,90571771,86.376,8,0,0,1337,292,2026-04-18T11:46:58.435Z,
1037wiki_download_2026-07-01_assumed_archived,assumed_downloaded_archived,6a3908f20db72027d67a6980,大物（上）二级结论,课程,大学物理,微电子科学与工程,HUSTer川,6a1cd3d573ba0e51a3554088,1,1,893210,0.852,1,0,0,3124,286,2026-06-22T10:05:38.483Z,2026-06-23T10:28:51.182Z
1037wiki_download_2026-07-01_assumed_archived,assumed_downloaded_archived,69db69448829cfa84be38e9d,工程制图往年题,课程,工程制图,计算机科学与技术,冰岩作坊,69955429d30401dc130fd331,13,13,11642143,11.103,13,0,0,729,283,2026-04-12T09:43:32.97Z,
1037wiki_download_2026-07-01_assumed_archived,assumed_downloaded_archived,6a2946620c3e53a8e981311d,机械原理课程资料,课程,机械原理,新能源科学与工程,早苗家的辰,6a1a5cae885d3f61b1b89220,15,15,40057628,38.202,15,0,0,512,278,2026-06-10T11:11:30.613Z,2026-06-10T11:11:30.613Z
1037wiki_download_2026-07-01_assumed_archived,assumed_downloaded_archived,69e5ca4ae3b4fb01d056dcff,离散数学期末试卷,课程,离散数学,计算机科学与技术,冰岩作坊,69955429d30401dc130fd331,27,27,20232645,19.295,27,0,0,743,275,2026-04-20T06:40:10.831Z,2026-04-20T06:40:10.831Z
1037wiki_download_2026-07-01_assumed_archived,assumed_downloaded_archived,6a1e80bc73ba0e51a35541d4,概率论课件（黄老师制作）,课程,概率论与数理统计,计算机科学与技术,怡红主人,6a158f8da96692fab2fd5181,7,7,12547971,11.967,7,0,0,790,234,2026-06-02T07:05:32.645Z,2026-06-02T07:05:32.645Z
1037wiki_download_2026-07-01_assumed_archived,assumed_downloaded_archived,69d3c07069b3ac9dd785eb7e,计科数据库系统原理实验,课程,数据库系统原理,计算机科学与技术,冰岩作坊,69955429d30401dc130fd331,17,17,17022100,16.234,17,0,0,866,226,2026-04-06T14:17:20.427Z,2026-04-06T14:17:20.427Z
1037wiki_download_2026-07-01_assumed_archived,assumed_downloaded_archived,6a376d910c3e53a8e9814a5a,微积分（A）下,课程,微积分（一）,生物制药,沃尔玛购物袋,6a3371860c3e53a8e98143b3,29,29,33266427,31.725,29,0,0,229,226,2026-06-21T04:50:25.085Z,2026-06-28T14:58:22.356Z
1037wiki_download_2026-07-01_assumed_archived,assumed_downloaded_archived,69db68808829cfa84be38e76,工程制图答案,课程,工程制图,计算机科学与技术,冰岩作坊,69955429d30401dc130fd331,123,123,60822747,58.005,123,0,0,584,196,2026-04-12T09:40:16.943Z,
1037wiki_download_2026-07-01_assumed_archived,assumed_downloaded_archived,6a1168d09b187836f8cba6ae,六级真题,技能考试,四六级,计算机科学与技术,冰岩作坊,69955429d30401dc130fd331,7,7,338821867,323.126,7,0,0,688,186,2026-05-23T08:44:00.353Z,2026-05-23T08:44:00.353Z
1037wiki_download_2026-07-01_assumed_archived,assumed_downloaded_archived,6a2010ec82ff2e3e38551681,计算机组成原理 2021-2025试卷+答案,课程,计算机组成原理,计算机科学与技术,Paul,69db678d8829cfa84be38df7,1,1,15739332,15.01,1,0,0,1505,183,2026-06-03T11:33:00.881Z,2026-06-03T11:33:00.881Z
1037wiki_download_2026-07-01_assumed_archived,assumed_downloaded_archived,69da42bcbdc30a449663e9b9,大学物理期末试卷,课程,大学物理,计算机科学与技术,冰岩作坊,69955429d30401dc130fd331,12,12,115784910,110.421,12,0,0,1447,179,2026-04-11T12:46:52.392Z,
1037wiki_download_2026-07-01_assumed_archived,assumed_downloaded_archived,69ee1d7caea294ac499adbc3,概率论与数理统计课件,课程,概率论与数理统计,人工智能,阿来不是小狐狸,69ee1810312a802ba67450d7,21,21,99011107,94.424,21,0,0,403,173,2026-04-26T14:13:16.224Z,2026-04-26T14:13:16.224Z
1037wiki_download_2026-07-01_assumed_archived,assumed_downloaded_archived,69d3b97de847b61cbf71c487,计科计算机系统基础试卷,课程,计算机系统基础,计算机科学与技术,冰岩作坊,69955429d30401dc130fd331,19,19,3212215,3.063,19,0,0,312,173,2026-04-06T13:47:41.521Z,2026-04-06T13:47:41.521Z
1037wiki_download_2026-07-01_assumed_archived,assumed_downloaded_archived,69d4f1876bad0622e6cc9a20,数据结构知识点总结,课程,数据结构,计算机科学与技术,冰岩作坊,69955429d30401dc130fd331,1,1,5121095,4.884,1,0,0,1527,171,2026-04-07T11:59:03.658Z,2026-04-07T11:59:03.658Z
1037wiki_download_2026-07-01_assumed_archived,assumed_downloaded_archived,6a197728885d3f61b1b8917e,计科 计算机系统基础 往年题,课程,计算机系统基础,计算机科学与技术,Paul,69db678d8829cfa84be38df7,12,12,1933635,1.844,12,0,0,1139,162,2026-05-29T11:23:20.547Z,2026-05-29T11:23:20.547Z
1037wiki_download_2026-07-01_assumed_archived,assumed_downloaded_archived,6a1e783c73ba0e51a3554141,大学物理（上）课件,课程,大学物理,计算机科学与技术,怡红主人,6a158f8da96692fab2fd5181,22,22,13745486,13.109,22,0,0,454,152,2026-06-02T06:29:16.662Z,2026-06-02T06:29:16.662Z
1037wiki_download_2026-07-01_assumed_archived,assumed_downloaded_archived,69da4d782efdffcdc19666fa,大学物理习题,课程,大学物理,计算机科学与技术,冰岩作坊,69955429d30401dc130fd331,5,5,35442045,33.8,5,0,0,598,151,2026-04-11T13:32:40.639Z,
1037wiki_download_2026-07-01_assumed_archived,assumed_downloaded_archived,6a24d10d82ff2e3e38551c3d,数据结构试卷,课程,数据结构,计算机科学与技术,怡红主人,6a158f8da96692fab2fd5181,3,3,1265023,1.206,3,0,0,1037,150,2026-06-07T02:01:49.023Z,2026-06-07T02:01:49.023Z
1037wiki_download_2026-07-01_assumed_archived,assumed_downloaded_archived,6995718ee01ad802e5336f75,计科信号与线性系统试卷,课程,信号与线性系统,计算机科学与技术,冰岩作坊,69955429d30401dc130fd331,4,4,8094037,7.719,4,0,0,693,147,2026-02-18T08:00:14.698Z,2026-02-18T08:00:14.698Z
1037wiki_download_2026-07-01_assumed_archived,assumed_downloaded_archived,6a376f1d0c3e53a8e9814aa2,中国近代史纲要复习资料,课程,中国近现代史纲要,生物制药,沃尔玛购物袋,6a3371860c3e53a8e98143b3,6,6,25045403,23.885,6,0,0,421,143,2026-06-21T04:57:01.361Z,2026-06-21T04:57:01.361Z
1037wiki_download_2026-07-01_assumed_archived,assumed_downloaded_archived,6a39523f5e75a9a64e0441dc,概率论1-8章复习纲要（AI生成）+无偏估计专题复习,课程,概率论与数理统计,计算机科学与技术,夏梓涵,69ef59a2804bd87c7e21c1cc,3,3,691780,0.66,3,0,0,623,140,2026-06-22T15:18:23.401Z,2026-06-22T15:18:23.401Z
1037wiki_download_2026-07-01_assumed_archived,assumed_downloaded_archived,69e259c04572e5b625cc169f,微积分（二）往年题,课程,微积分（二）,计算机科学与技术,冰岩作坊,69955429d30401dc130fd331,24,24,8670104,8.268,24,0,0,646,134,2026-04-17T16:03:12.296Z,
1037wiki_download_2026-07-01_assumed_archived,assumed_downloaded_archived,69ee15a9fcf320d3721bf782,离散数学期中卷（计科）（含模拟）,课程,离散数学,计算机科学与技术,沈繁琦,69ee12ebfa0300b9d50d0a5a,8,8,3673509,3.503,8,0,0,474,128,2026-04-26T13:39:53.736Z,2026-04-26T13:39:53.736Z
1037wiki_download_2026-07-01_assumed_archived,assumed_downloaded_archived,6a2f561c0c3e53a8e98139cf,数据库系统考试知识点梳理（参考25年试卷）（AI辅助制作）,课程,数据库系统原理,计算机科学与技术,斐林世纪,6a26987382ff2e3e38551dd1,3,3,8666649,8.265,3,0,0,778,127,2026-06-15T01:32:12.412Z,2026-06-17T22:38:25.799Z
1037wiki_download_2026-07-01_assumed_archived,assumed_downloaded_archived,69db648e8829cfa84be38da1,线性代数往年题,课程,线性代数,计算机科学与技术,冰岩作坊,69955429d30401dc130fd331,20,20,25623390,24.436,20,0,0,674,125,2026-04-12T09:23:26.536Z,
1037wiki_download_2026-07-01_assumed_archived,assumed_downloaded_archived,69f01742804bd87c7e21c245,华科PPT模板,其他,PPT,计算机科学与技术,真的不会写代码,69eeca935df2c1ffd4a3c2e6,17,17,272050493,259.448,17,0,0,1144,124,2026-04-28T02:11:14.192Z,2026-04-28T02:14:54.478Z
1037wiki_download_2026-07-01_assumed_archived,assumed_downloaded_archived,69e446d17259460bd01c6f49,生活资料,生活,生活资料,计算机科学与技术,冰岩作坊,69955429d30401dc130fd331,3,3,6023217,5.744,3,0,0,2879,116,2026-04-19T03:06:57.6Z,
1037wiki_download_2026-07-01_assumed_archived,assumed_downloaded_archived,6a415dbc5e75a9a64e045eef,26毛概样卷及答案,课程,毛泽东思想和中国特色社会主义理论体系概论,机械设计制造及其自动化,昧光,6a1ee64c82ff2e3e3855136d,2,2,479350,0.457,2,0,0,1076,115,2026-06-28T17:45:32.632Z,2026-06-28T17:45:32.632Z
1037wiki_download_2026-07-01_assumed_archived,assumed_downloaded_archived,69d4e3eee97c3e20fbc59ba2,概率论与数理统计习题,课程,概率论与数理统计,计算机科学与技术,冰岩作坊,69955429d30401dc130fd331,11,11,121619125,115.985,11,0,0,713,113,2026-04-07T11:01:02.843Z,2026-04-07T11:01:02.843Z
1037wiki_download_2026-07-01_assumed_archived,assumed_downloaded_archived,69ef7a11804bd87c7e21c227,固体物理课程资料,课程,固体物理,材料科学与工程,Rochann,69ee2531aea294ac499adbdf,5,5,53313782,50.844,5,0,0,423,113,2026-04-27T15:00:33.888Z,2026-04-27T15:00:33.888Z
1037wiki_download_2026-07-01_assumed_archived,assumed_downloaded_archived,6a20f54282ff2e3e385517ca,数据库系统原理往年题,课程,数据库系统原理,计算机科学与技术,匿名用户,000000000000000000000000,1,1,338039,0.322,1,0,0,1177,105,2026-06-04T03:47:14.1Z,2026-06-04T03:47:14.1Z
1037wiki_download_2026-07-01_assumed_archived,assumed_downloaded_archived,699571bee01ad802e5336f97,计科信号与线性系统课件,课程,信号与线性系统,计算机科学与技术,冰岩作坊,69955429d30401dc130fd331,33,33,55129350,52.575,33,0,0,111,104,2026-02-18T08:01:02.411Z,2026-02-18T08:01:02.411Z
1037wiki_download_2026-07-01_assumed_archived,assumed_downloaded_archived,69d3be11e847b61cbf71c4e7,逻辑与计算机设计习题,课程,逻辑与计算机设计,计算机科学与技术,冰岩作坊,69955429d30401dc130fd331,7,7,1340788,1.279,7,0,0,529,102,2026-04-06T14:07:13.333Z,2026-04-06T14:07:13.333Z
1037wiki_download_2026-07-01_assumed_archived,assumed_downloaded_archived,69d4e3a3e97c3e20fbc59b8f,概率论与数理统计课件,课程,概率论与数理统计,计算机科学与技术,冰岩作坊,69955429d30401dc130fd331,19,19,31457513,30.0,19,0,0,240,102,2026-04-07T10:59:47.537Z,2026-04-07T10:59:47.537Z
1037wiki_download_2026-07-01_assumed_archived,assumed_downloaded_archived,6a1ec6ff82ff2e3e38551173,近现代史纲要预测题,课程,中国近现代史纲要,电子科学与技术,小姜小饺,6a1ec64582ff2e3e3855115e,2,2,1053698,1.005,2,0,0,785,98,2026-06-02T12:05:19.985Z,2026-06-02T12:05:19.985Z
1037wiki_download_2026-07-01_assumed_archived,assumed_downloaded_archived,6a0eeefc78288d5040e7bdb8,计科 计算机组成原理 课件,课程,计算机组成原理,计算机科学与技术,Paul,69db678d8829cfa84be38df7,9,9,186291762,177.662,9,0,0,345,94,2026-05-21T11:39:40.325Z,2026-05-21T11:39:40.325Z
1037wiki_download_2026-07-01_assumed_archived,assumed_downloaded_archived,69d3a523d40f2133774f9b8e,微积分 (B) 往年题,课程,微积分 (B),计算机科学与技术,冰岩作坊,69955429d30401dc130fd331,20,20,4376664,4.174,20,0,0,1222,93,2026-04-06T12:20:51.058Z,2026-04-06T12:20:51.058Z
1037wiki_download_2026-07-01_assumed_archived,assumed_downloaded_archived,69d4f15a6bad0622e6cc9a1b,数据结构实验,课程,数据结构,计算机科学与技术,冰岩作坊,69955429d30401dc130fd331,5,5,19461547,18.56,5,0,0,690,93,2026-04-07T11:58:18.564Z,2026-04-07T11:58:18.564Z
1037wiki_download_2026-07-01_assumed_archived,assumed_downloaded_archived,69e3629e620074080627cfca,中国近现代史纲要习题,课程,中国近现代史纲要,计算机科学与技术,冰岩作坊,69955429d30401dc130fd331,8,8,6268858,5.978,8,0,0,374,91,2026-04-18T10:53:18.414Z,
1037wiki_download_2026-07-01_assumed_archived,assumed_downloaded_archived,69d3bde4e847b61cbf71c4da,逻辑与计算机设计试卷,课程,逻辑与计算机设计,计算机科学与技术,冰岩作坊,69955429d30401dc130fd331,7,7,6401628,6.105,7,0,0,293,91,2026-04-06T14:06:28.441Z,2026-04-06T14:06:28.441Z
1037wiki_download_2026-07-01_assumed_archived,assumed_downloaded_archived,6a1272174f06b86bc71a678c,计算机组成原理实验 答案,课程,计算机组成原理,计算机科学与技术,Paul,69db678d8829cfa84be38df7,1,1,6047056,5.767,1,0,0,860,89,2026-05-24T03:35:51.487Z,2026-05-24T03:35:51.487Z
1037wiki_download_2026-07-01_assumed_archived,assumed_downloaded_archived,69e35de8620074080627cfa8,有机化学知识点整理,课程,有机化学,计算机科学与技术,冰岩作坊,69955429d30401dc130fd331,1,1,17255192,16.456,1,0,0,673,86,2026-04-18T10:33:12.054Z,
1037wiki_download_2026-07-01_assumed_archived,assumed_downloaded_archived,699571d0e01ad802e5336f9b,计科信号与线性系统总结,课程,信号与线性系统,计算机科学与技术,冰岩作坊,69955429d30401dc130fd331,3,3,11369151,10.842,3,0,0,638,86,2026-02-18T08:01:20.505Z,2026-02-18T08:01:20.505Z
1037wiki_download_2026-07-01_assumed_archived,assumed_downloaded_archived,6a195fd6885d3f61b1b8916c,线性代数试卷与复习题,课程,线性代数,计算机科学与技术,怡红主人,6a158f8da96692fab2fd5181,8,8,19206285,18.317,8,0,0,222,86,2026-05-29T09:43:50.457Z,2026-05-29T09:43:50.457Z
1037wiki_download_2026-07-01_assumed_archived,assumed_downloaded_archived,69eeeaf6804bd87c7e21c115,24医科（非临八）细胞生物学期末回忆版,课程,医科生理学,预防医学,匿名用户,000000000000000000000000,1,1,13810,0.013,1,0,0,608,84,2026-04-27T04:49:58.234Z,2026-04-27T04:49:58.234Z
1037wiki_download_2026-07-01_assumed_archived,assumed_downloaded_archived,6a1ee3f782ff2e3e3855135c,数据结构（1）,课程,数据结构,电子信息工程,5mEo,6a1ecd4682ff2e3e385511ec,10,10,4200300,4.006,10,0,0,358,83,2026-06-02T14:08:55.441Z,2026-06-02T14:19:04.881Z
1037wiki_download_2026-07-01_assumed_archived,assumed_downloaded_archived,69d4f3216bad0622e6cc9a2e,数字逻辑电路试卷,课程,数字逻辑电路,计算机科学与技术,冰岩作坊,69955429d30401dc130fd331,3,3,1450823,1.384,3,0,0,612,82,2026-04-07T12:05:53.035Z,2026-04-07T12:05:53.035Z
1037wiki_download_2026-07-01_assumed_archived,assumed_downloaded_archived,69d3c09569b3ac9dd785eb8b,数据库系统原理习题,课程,数据库系统原理,计算机科学与技术,冰岩作坊,69955429d30401dc130fd331,12,12,16192451,15.442,12,0,0,498,82,2026-04-06T14:17:57.587Z,2026-04-06T14:17:57.587Z
1037wiki_download_2026-07-01_assumed_archived,assumed_downloaded_archived,69ee25c5aea294ac499adbe2,计算机组成原理,课程,计算机组成原理,人工智能,ccc,69ee2149aea294ac499adbd4,2,2,140325735,133.825,2,0,0,910,81,2026-04-26T14:48:37.398Z,2026-04-26T14:48:37.398Z
1037wiki_download_2026-07-01_assumed_archived,assumed_downloaded_archived,69d3bdfbe847b61cbf71c4df,逻辑与计算机设计实验,课程,逻辑与计算机设计,计算机科学与技术,冰岩作坊,69955429d30401dc130fd331,4,4,2711080,2.585,4,0,0,395,81,2026-04-06T14:06:51.5Z,2026-04-06T14:06:51.5Z
1037wiki_download_2026-07-01_assumed_archived,assumed_downloaded_archived,69d4f6056bad0622e6cc9a71,计科计算机组成原理试卷,课程,计算机组成原理,计算机科学与技术,冰岩作坊,69955429d30401dc130fd331,6,6,6936587,6.615,6,0,0,515,79,2026-04-07T12:18:13.887Z,2026-04-07T12:18:13.887Z
1037wiki_download_2026-07-01_assumed_archived,assumed_downloaded_archived,69d4f1756bad0622e6cc9a1e,数据结构习题,课程,数据结构,计算机科学与技术,冰岩作坊,69955429d30401dc130fd331,2,2,2066796,1.971,2,0,0,953,76,2026-04-07T11:58:45.945Z,2026-04-07T11:58:45.945Z
1037wiki_download_2026-07-01_assumed_archived,assumed_downloaded_archived,69e36e6460eea1e5305c5d1f,毛泽东思想和中国特色社会主义理论体系概论习题,课程,毛泽东思想和中国特色社会主义理论体系概论,计算机科学与技术,冰岩作坊,69955429d30401dc130fd331,1,1,58386628,55.682,1,0,0,758,73,2026-04-18T11:43:32.588Z,
1037wiki_download_2026-07-01_assumed_archived,assumed_downloaded_archived,6a3953ac5e75a9a64e044209,微积分B（下）课件合集,课程,微积分（二）,计算机科学与技术,夏梓涵,69ef59a2804bd87c7e21c1cc,35,35,56683248,54.057,35,0,0,73,71,2026-06-22T15:24:28.745Z,2026-06-22T15:24:28.745Z
1037wiki_download_2026-07-01_assumed_archived,assumed_downloaded_archived,69ee18d8312a802ba67450f8,大学物理（上）课件,课程,大学物理,人工智能,阿来不是小狐狸,69ee1810312a802ba67450d7,33,33,63317969,60.385,33,0,0,87,70,2026-04-26T13:53:28.214Z,2026-04-26T13:53:28.214Z
1037wiki_download_2026-07-01_assumed_archived,assumed_downloaded_archived,69d3be40e847b61cbf71c4eb,逻辑与计算机设计知识点总结,课程,逻辑与计算机设计,计算机科学与技术,冰岩作坊,69955429d30401dc130fd331,3,3,5586863,5.328,3,0,0,460,68,2026-04-06T14:08:00.84Z,2026-04-06T14:08:00.84Z
1037wiki_download_2026-07-01_assumed_archived,assumed_downloaded_archived,69d3ba6ae847b61cbf71c49d,计科计算机系统基础习题,课程,计算机系统基础,计算机科学与技术,冰岩作坊,69955429d30401dc130fd331,19,19,23121212,22.05,19,0,0,154,67,2026-04-06T13:51:38.583Z,2026-04-06T13:51:38.583Z
1037wiki_download_2026-07-01_assumed_archived,assumed_downloaded_archived,6a3e51115e75a9a64e0453cb,大数据分析课件,课程,大数据分析,数据科学与大数据技术,匿名用户,000000000000000000000000,11,11,120375758,114.799,11,0,0,80,66,2026-06-26T10:14:41.798Z,2026-06-26T10:14:41.798Z
1037wiki_download_2026-07-01_assumed_archived,assumed_downloaded_archived,69956940e01ad802e5336f0b,计科Java往年题,课程,Java程序设计,计算机科学与技术,冰岩作坊,69955429d30401dc130fd331,7,7,12945418,12.346,7,0,0,575,60,2026-02-18T07:24:48.727Z,2026-02-18T07:24:48.727Z
1037wiki_download_2026-07-01_assumed_archived,assumed_downloaded_archived,6a199f59885d3f61b1b89204,微积分（B）笔记（cover：wdr老师）,课程,微积分 (B),机械设计制造及其自动化,正在降落的A330,6a199ce9885d3f61b1b891a8,2,2,196768301,187.653,2,0,0,513,59,2026-05-29T14:14:49.739Z,2026-05-29T14:14:49.739Z
1037wiki_download_2026-07-01_assumed_archived,assumed_downloaded_archived,69957178e01ad802e5336f70,计科信号与线性系统作业和习题,课程,信号与线性系统,计算机科学与技术,冰岩作坊,69955429d30401dc130fd331,19,19,19890204,18.969,19,0,0,240,59,2026-02-18T07:59:52.958Z,2026-02-18T07:59:52.958Z
1037wiki_download_2026-07-01_assumed_archived,assumed_downloaded_archived,6a1e7fec73ba0e51a35541cb,概率论学习辅导,课程,概率论与数理统计,计算机科学与技术,怡红主人,6a158f8da96692fab2fd5181,1,1,58518604,55.808,1,0,0,565,58,2026-06-02T07:02:04.404Z,2026-06-02T07:02:04.404Z
1037wiki_download_2026-07-01_assumed_archived,assumed_downloaded_archived,69d4c73869a8e39588242408,材料力学习题答案,课程,材料力学,计算机科学与技术,冰岩作坊,69955429d30401dc130fd331,1,1,24902084,23.748,1,0,0,553,57,2026-04-07T08:58:32.988Z,2026-04-07T08:58:32.988Z
1037wiki_download_2026-07-01_assumed_archived,assumed_downloaded_archived,6a3df7eb5e75a9a64e045174,大一下英语听力,课程,大学英语,微电子科学与工程,匿名用户,000000000000000000000000,1,1,35583564,33.935,1,0,0,269,57,2026-06-26T03:54:19.064Z,2026-06-26T03:54:19.064Z
1037wiki_download_2026-07-01_assumed_archived,assumed_downloaded_archived,69db65f58829cfa84be38dc9,启明选拔往年题,其他,启明及转专业,计算机科学与技术,冰岩作坊,69955429d30401dc130fd331,26,26,9858813,9.402,26,0,0,187,57,2026-04-12T09:29:25.028Z,
1037wiki_download_2026-07-01_assumed_archived,assumed_downloaded_archived,6a40d5365e75a9a64e045af1,医学细胞生物学,课程,医科细胞生物学,生物制药,沃尔玛购物袋,6a3371860c3e53a8e98143b3,16,16,77598618,74.004,16,0,0,111,57,2026-06-28T08:03:02.861Z,2026-06-28T08:31:28.911Z
1037wiki_download_2026-07-01_assumed_archived,assumed_downloaded_archived,69ee2129aea294ac499adbd3,新视野视听说第四册 Further Listening,课程,大学英语,临床医学,匿名用户,000000000000000000000000,1,1,35583564,33.935,1,0,0,81,57,2026-04-26T14:28:57.686Z,2026-04-26T14:28:57.686Z
1037wiki_download_2026-07-01_assumed_archived,assumed_downloaded_archived,69956d48e01ad802e5336f1c,中国语文试卷和复习,课程,中国语文,计算机科学与技术,冰岩作坊,69955429d30401dc130fd331,3,3,695450,0.663,3,0,0,1253,55,2026-02-18T07:42:00.141Z,2026-02-18T07:42:00.141Z
1037wiki_download_2026-07-01_assumed_archived,assumed_downloaded_archived,69e5c892e3b4fb01d056dce3,离散数学课件,课程,离散数学,计算机科学与技术,冰岩作坊,69955429d30401dc130fd331,23,23,107771716,102.779,23,0,0,147,55,2026-04-20T06:32:50.453Z,2026-04-20T06:32:50.453Z
1037wiki_download_2026-07-01_assumed_archived,assumed_downloaded_archived,69ef2221804bd87c7e21c168,光电&集成信号与系统期末试题回忆版,课程,信号与线性系统,光电信息科学与工程,林嘉茉,69ef1bc2804bd87c7e21c15c,3,3,336564,0.321,3,0,0,151,54,2026-04-27T08:45:21.283Z,2026-04-27T08:45:21.283Z
1037wiki_download_2026-07-01_assumed_archived,assumed_downloaded_archived,6a1ff0b382ff2e3e3855160a,Python(医科),课程,Python,基础医学,斩癌0629,6a1fe7e882ff2e3e385515d0,6,6,3711356,3.539,6,0,0,190,53,2026-06-03T09:15:31.359Z,2026-06-03T09:15:31.359Z
1037wiki_download_2026-07-01_assumed_archived,assumed_downloaded_archived,69db66528829cfa84be38df6,转专业,其他,启明及转专业,计算机科学与技术,冰岩作坊,69955429d30401dc130fd331,44,44,19175471,18.287,44,0,0,322,52,2026-04-12T09:30:58.898Z,
1037wiki_download_2026-07-01_assumed_archived,assumed_downloaded_archived,6995633a93657d3dba13bc49,计科 C++ 往年试卷,课程,C++程序设计,计算机科学与技术,冰岩作坊,69955429d30401dc130fd331,24,24,56512546,53.895,24,0,0,424,50,2026-02-18T06:59:06.908Z,2026-04-20T05:26:58.769Z
1037wiki_download_2026-07-01_assumed_archived,assumed_downloaded_archived,6a296f5a0c3e53a8e981314e,计算机学院数据结构PPT（25级）,课程,数据结构,计算机科学与技术,手心Palm,6a2145a982ff2e3e3855186f,9,9,61667899,58.811,9,0,0,211,50,2026-06-10T14:06:18.457Z,2026-06-10T14:06:18.457Z
1037wiki_download_2026-07-01_assumed_archived,assumed_downloaded_archived,69e389b97259460bd01c6eef,微观经济学习题,课程,微观经济学,计算机科学与技术,冰岩作坊,69955429d30401dc130fd331,24,24,199636422,190.388,24,0,0,182,49,2026-04-18T13:40:09.28Z,
1037wiki_download_2026-07-01_assumed_archived,assumed_downloaded_archived,6a27064c82ff2e3e38551e87,信号与系统课件,课程,信号与系统,集成电路设计与集成系统,匿名用户,000000000000000000000000,22,22,38839675,37.04,22,0,0,46,49,2026-06-08T18:13:32.509Z,2026-06-08T18:13:32.509Z
1037wiki_download_2026-07-01_assumed_archived,assumed_downloaded_archived,69ef0737804bd87c7e21c13c,【CET4真题】2015-2025 英语四级真题电子版,技能考试,四六级,计算机科学与技术,losyi,69ee1381fa0300b9d50d0a5b,2,2,1174,0.001,2,0,0,548,48,2026-04-27T06:50:31.358Z,2026-05-26T12:29:52.271Z
1037wiki_download_2026-07-01_assumed_archived,assumed_downloaded_archived,6a44ac9e5e75a9a64e0471f2,毛概客观题题库,课程,毛泽东思想和中国特色社会主义理论体系概论,大数据管理与应用,沉默的学渣,69fc83c7d0537a25e4ceaabb,1,1,886966,0.846,1,0,0,425,48,2026-07-01T05:58:54.163Z,2026-07-01T05:58:54.163Z
1037wiki_download_2026-07-01_assumed_archived,assumed_downloaded_archived,6a349d210c3e53a8e98145b6,机械设计 课件,课程,机械设计,机械设计制造及其自动化,昧光,6a1ee64c82ff2e3e3855136d,12,12,41344388,39.429,12,0,0,76,48,2026-06-19T01:36:33.237Z,2026-06-19T01:36:33.237Z
1037wiki_download_2026-07-01_assumed_archived,assumed_downloaded_archived,6a1ecff182ff2e3e38551216,金属学及热处理思维导图,课程,金属学与热处理,材料成型及控制工程,Pestooooo,6a1ebd8682ff2e3e385510e2,10,10,28852701,27.516,10,0,0,152,47,2026-06-02T12:43:29.107Z,2026-06-02T12:43:29.107Z
1037wiki_download_2026-07-01_assumed_archived,assumed_downloaded_archived,6a2dfee50c3e53a8e981369d,大物课本电子版,课程,大学物理,微电子科学与工程,HUSTer川,6a1cd3d573ba0e51a3554088,1,1,195640147,186.577,1,0,0,566,46,2026-06-14T01:07:49.647Z,2026-06-14T01:07:49.647Z
1037wiki_download_2026-07-01_assumed_archived,assumed_downloaded_archived,6a22a18b82ff2e3e38551a63,PyTorch学习笔记,技能考试,AI,计算机科学与技术,怡红主人,6a158f8da96692fab2fd5181,46,46,33533426,31.98,46,0,0,111,46,2026-06-05T10:14:35.94Z,2026-06-05T10:14:35.94Z
1037wiki_download_2026-07-01_assumed_archived,assumed_downloaded_archived,6a2015a782ff2e3e385516ae,物院量子力学往年题,课程,量子力学,物理学,Dark,6a1ec5ad82ff2e3e38551154,1,1,7800084,7.439,1,0,0,241,45,2026-06-03T11:53:11.597Z,2026-06-03T11:53:11.597Z
1037wiki_download_2026-07-01_assumed_archived,assumed_downloaded_archived,6a349c780c3e53a8e98145a8,机械原理 课件,课程,机械原理,机械设计制造及其自动化,昧光,6a1ee64c82ff2e3e3855136d,10,10,211796114,201.985,10,0,0,159,44,2026-06-19T01:33:44.484Z,2026-06-19T01:33:44.484Z
1037wiki_download_2026-07-01_assumed_archived,assumed_downloaded_archived,69e5eaaa0971532697c9a30f,离散数学知识点总结,课程,离散数学,计算机科学与技术,冰岩作坊,69955429d30401dc130fd331,1,1,26540977,25.311,1,0,0,269,42,2026-04-20T08:58:18.378Z,2026-04-20T08:58:18.378Z
1037wiki_download_2026-07-01_assumed_archived,assumed_downloaded_archived,69e5ceb0e3b4fb01d056dd04,离散数学作业,课程,离散数学,计算机科学与技术,冰岩作坊,69955429d30401dc130fd331,1,1,26540977,25.311,1,0,0,106,42,2026-04-20T06:58:56.504Z,2026-04-20T06:58:56.504Z
1037wiki_download_2026-07-01_assumed_archived,assumed_downloaded_archived,69ef1c43804bd87c7e21c163,C++实验,课程,C++程序设计,计算机科学与技术,真的不会写代码,69eeca935df2c1ffd4a3c2e6,17,17,28537524,27.216,17,0,0,899,41,2026-04-27T08:20:19.337Z,2026-04-27T08:20:19.337Z
1037wiki_download_2026-07-01_assumed_archived,assumed_downloaded_archived,69957a06e01ad802e5336fcc,军事理论,课程,军事理论,计算机科学与技术,冰岩作坊,69955429d30401dc130fd331,13,13,36733010,35.031,13,0,0,280,40,2026-02-18T08:36:22.911Z,2026-02-18T08:36:22.911Z
1037wiki_download_2026-07-01_assumed_archived,assumed_downloaded_archived,69d4f13c6bad0622e6cc9a15,数据结构课件,课程,数据结构,计算机科学与技术,冰岩作坊,69955429d30401dc130fd331,10,10,61872045,59.006,10,0,0,273,40,2026-04-07T11:57:48.518Z,2026-04-07T11:57:48.518Z
1037wiki_download_2026-07-01_assumed_archived,assumed_downloaded_archived,6a1e7c5373ba0e51a355416d,大英赛原题（C类）,竞赛,大英赛,计算机科学与技术,怡红主人,6a158f8da96692fab2fd5181,40,40,335772169,320.217,0,40,0,46,40,2026-06-02T06:46:43.801Z,2026-06-02T06:46:43.801Z
1037wiki_download_2026-07-01_assumed_archived,assumed_downloaded_archived,6a1c228b73ba0e51a3554070,数据库系统原理习题解答,课程,数据库系统原理,计算机科学与技术,galaxy,6a0b10ae78288d5040e7bcef,1,1,161152735,153.687,1,0,0,215,39,2026-05-31T11:59:07.471Z,2026-05-31T11:59:07.471Z
1037wiki_download_2026-07-01_assumed_archived,assumed_downloaded_archived,69db690d8829cfa84be38e8f,工程制图模型,课程,工程制图,计算机科学与技术,冰岩作坊,69955429d30401dc130fd331,17,17,2155768,2.056,17,0,0,234,38,2026-04-12T09:42:37.38Z,
1037wiki_download_2026-07-01_assumed_archived,assumed_downloaded_archived,69d3bdcae847b61cbf71c4d2,逻辑与计算机设计课件,课程,逻辑与计算机设计,计算机科学与技术,冰岩作坊,69955429d30401dc130fd331,33,33,259665604,247.636,33,0,0,178,38,2026-04-06T14:06:02.63Z,2026-04-06T14:06:02.63Z
1037wiki_download_2026-07-01_assumed_archived,assumed_downloaded_archived,69ef0fe1804bd87c7e21c141,【CET6真题】2015-2025 英语六级真题电子版,技能考试,四六级,计算机科学与技术,losyi,69ee1381fa0300b9d50d0a5b,1,1,265,0.0,1,0,0,287,36,2026-04-27T07:27:29.173Z,2026-04-27T07:27:29.173Z
1037wiki_download_2026-07-01_assumed_archived,assumed_downloaded_archived,6995646693657d3dba13bc52,计科C++2024作业,课程,C++程序设计,计算机科学与技术,冰岩作坊,69955429d30401dc130fd331,8,8,14724603,14.042,8,0,0,653,34,2026-02-18T07:04:06.948Z,2026-02-18T07:04:06.948Z
1037wiki_download_2026-07-01_assumed_archived,assumed_downloaded_archived,69ee14e8fa0300b9d50d0a65,毛概电子版,课程,毛泽东思想和中国特色社会主义理论体系概论,计算机科学与技术,hustdun,69ee0c1f5b31549ed4b391ff,1,1,62346169,59.458,1,0,0,583,34,2026-04-26T13:36:40.09Z,2026-04-26T13:36:40.09Z
1037wiki_download_2026-07-01_assumed_archived,assumed_downloaded_archived,6a2beb1c0c3e53a8e981342d,集成电路学院25年量子力学试题,课程,量子力学,微电子科学与工程,山南awa,69fc401dd0537a25e4ceaa8a,1,1,522183,0.498,1,0,0,46,34,2026-06-12T11:18:52.372Z,2026-06-12T11:18:52.372Z
1037wiki_download_2026-07-01_assumed_archived,assumed_downloaded_archived,6a376ea80c3e53a8e9814a7d,大学物理（上）,课程,大学物理,生物制药,沃尔玛购物袋,6a3371860c3e53a8e98143b3,33,33,455743338,434.631,33,0,0,476,33,2026-06-21T04:55:04.417Z,2026-06-28T14:55:33.067Z
1037wiki_download_2026-07-01_assumed_archived,assumed_downloaded_archived,6a376ecf0c3e53a8e9814a9d,大学物理（下）,课程,大学物理,生物制药,沃尔玛购物袋,6a3371860c3e53a8e98143b3,31,31,84890446,80.958,31,0,0,279,32,2026-06-21T04:55:43.813Z,2026-06-28T14:56:01.296Z
1037wiki_download_2026-07-01_assumed_archived,assumed_downloaded_archived,69d3c0d269b3ac9dd785eb96,数据库系统原理知识点整理,课程,数据库系统原理,计算机科学与技术,冰岩作坊,69955429d30401dc130fd331,10,10,19188030,18.299,10,0,0,270,32,2026-04-06T14:18:58.672Z,2026-04-06T14:18:58.672Z
1037wiki_download_2026-07-01_assumed_archived,assumed_downloaded_archived,69e259584572e5b625cc1686,微积分（一）往年题,课程,微积分（一）,计算机科学与技术,冰岩作坊,69955429d30401dc130fd331,24,24,14924252,14.233,24,0,0,164,32,2026-04-17T16:01:28.469Z,
1037wiki_download_2026-07-01_assumed_archived,assumed_downloaded_archived,69d51a476bad0622e6cc9aa6,哲学导论课件,课程,哲学导论,计算机科学与技术,冰岩作坊,69955429d30401dc130fd331,5,5,104546354,99.703,5,0,0,66,31,2026-04-07T14:52:55.426Z,2026-04-07T14:52:55.426Z
1037wiki_download_2026-07-01_assumed_archived,assumed_downloaded_archived,6a2009e582ff2e3e38551669,物院电动力学往年题,课程,电动力学,物理学,Dark,6a1ec5ad82ff2e3e38551154,1,1,40715024,38.829,1,0,0,220,30,2026-06-03T11:03:01.254Z,2026-06-03T11:03:01.254Z
1037wiki_download_2026-07-01_assumed_archived,assumed_downloaded_archived,69ef400d804bd87c7e21c17c,电机学（下）考试题记忆版,课程,电机学,电气工程及其自动化,Larbarry,69ee1674312a802ba67450d6,1,1,28671,0.027,1,0,0,310,29,2026-04-27T10:53:01.455Z,2026-04-27T10:53:01.455Z
1037wiki_download_2026-07-01_assumed_archived,assumed_downloaded_archived,69d3b5d8d40f2133774f9bb0,大数据分析实验,课程,大数据分析,计算机科学与技术,冰岩作坊,69955429d30401dc130fd331,6,6,3007297,2.868,6,0,0,263,29,2026-04-06T13:32:08.831Z,2026-04-06T13:32:08.831Z
1037wiki_download_2026-07-01_assumed_archived,assumed_downloaded_archived,69d4f6236bad0622e6cc9a73,计科计算机组成原理知识点总结,课程,计算机组成原理,计算机科学与技术,冰岩作坊,69955429d30401dc130fd331,1,1,255508,0.244,1,0,0,199,29,2026-04-07T12:18:43.137Z,2026-04-07T12:18:43.137Z
1037wiki_download_2026-07-01_assumed_archived,assumed_downloaded_archived,6a17b30fff86d5a1ab3e7f05,数理方程往年题23~25年（含解析）,课程,数理方程,生物医学工程,tongtong,6a17b2a5ff86d5a1ab3e7f01,3,3,1023048,0.976,3,0,0,178,29,2026-05-28T03:14:23.597Z,2026-05-28T03:14:23.597Z
1037wiki_download_2026-07-01_assumed_archived,assumed_downloaded_archived,6a39f8675e75a9a64e0442c8,微积分复习资料,课程,微积分 (B),微电子科学与工程,HUSTer川,6a1cd3d573ba0e51a3554088,1,1,662205,0.632,1,0,0,335,28,2026-06-23T03:07:19.196Z,2026-06-23T03:07:19.196Z
1037wiki_download_2026-07-01_assumed_archived,assumed_downloaded_archived,6a1e7ebc73ba0e51a35541c9,大英赛听力音频资料,竞赛,大英赛,计算机科学与技术,怡红主人,6a158f8da96692fab2fd5181,28,28,695167008,662.963,0,28,0,59,28,2026-06-02T06:57:00.46Z,2026-06-02T06:57:00.46Z
1037wiki_download_2026-07-01_assumed_archived,assumed_downloaded_archived,69ee1bdcaea294ac499adb8c,普通化学课件（未来）,课程,普通化学,人工智能,阿来不是小狐狸,69ee1810312a802ba67450d7,20,20,47690630,45.481,20,0,0,111,27,2026-04-26T14:06:20.106Z,2026-04-26T14:06:20.106Z
1037wiki_download_2026-07-01_assumed_archived,assumed_downloaded_archived,6a38ecc40c3e53a8e9814f62,大物（上）PPT,课程,大学物理,微电子科学与工程,HUSTer川,6a1cd3d573ba0e51a3554088,2,2,33233891,31.694,2,0,0,784,24,2026-06-22T08:05:24.852Z,2026-06-22T08:17:16.758Z
1037wiki_download_2026-07-01_assumed_archived,assumed_downloaded_archived,6a2a4b5b0c3e53a8e98131d8,大学物理同步辅导,课程,大学物理,计算机科学与技术,怡红主人,6a158f8da96692fab2fd5181,1,1,11767786,11.223,1,0,0,465,24,2026-06-11T05:44:59.395Z,2026-06-20T15:41:22.17Z
1037wiki_download_2026-07-01_assumed_archived,assumed_downloaded_archived,69a4fb52bf7e2f5404a1aaa9,计科编译原理总结,课程,编译原理,计算机科学与技术,冰岩作坊,69955429d30401dc130fd331,3,3,13633203,13.002,3,0,0,252,24,2026-03-02T02:52:02.608Z,2026-03-02T02:52:02.608Z
1037wiki_download_2026-07-01_assumed_archived,assumed_downloaded_archived,69da3befbdc30a449663e983,大学物理教材,课程,大学物理,计算机科学与技术,冰岩作坊,69955429d30401dc130fd331,5,5,194042566,185.053,5,0,0,87,24,2026-04-11T12:17:51.604Z,
1037wiki_download_2026-07-01_assumed_archived,assumed_downloaded_archived,69da4dbc2efdffcdc19666fd,大学物理知识点总结,课程,大学物理,计算机科学与技术,冰岩作坊,69955429d30401dc130fd331,2,2,12313615,11.743,2,0,0,85,24,2026-04-11T13:33:48.04Z,
1037wiki_download_2026-07-01_assumed_archived,assumed_downloaded_archived,69d4e81c6bad0622e6cc99bc,宏观经济学课件,课程,宏观经济学,计算机科学与技术,冰岩作坊,69955429d30401dc130fd331,12,12,310544632,296.158,12,0,0,49,24,2026-04-07T11:18:52.501Z,2026-04-07T11:18:52.501Z
1037wiki_download_2026-07-01_assumed_archived,assumed_downloaded_archived,69da404ebdc30a449663e9ab,大学物理课件,课程,大学物理,计算机科学与技术,冰岩作坊,69955429d30401dc130fd331,39,39,221613467,211.347,39,0,0,39,24,2026-04-11T12:36:30.576Z,
1037wiki_download_2026-07-01_assumed_archived,assumed_downloaded_archived,6a200a6982ff2e3e38551672,物院光学往年题,课程,光学,物理学,Dark,6a1ec5ad82ff2e3e38551154,1,1,12274778,11.706,1,0,0,191,23,2026-06-03T11:05:13.512Z,2026-06-03T11:05:13.512Z
1037wiki_download_2026-07-01_assumed_archived,assumed_downloaded_archived,6a3372c30c3e53a8e98143d4,药理学,课程,药理学,生物制药,沃尔玛购物袋,6a3371860c3e53a8e98143b3,22,22,162745612,155.206,22,0,0,36,22,2026-06-18T04:23:31.612Z,2026-06-30T08:27:01.903Z
1037wiki_download_2026-07-01_assumed_archived,assumed_downloaded_archived,6a1a62f3885d3f61b1b8922b,流体力学习题答案,课程,流体力学,新能源科学与工程,早苗家的辰,6a1a5cae885d3f61b1b89220,1,1,86596459,82.585,1,0,0,285,21,2026-05-30T04:09:23.917Z,2026-05-30T04:09:23.917Z
1037wiki_download_2026-07-01_assumed_archived,assumed_downloaded_archived,69e5a825582c0b5e569f69e8,新闻外国新闻传播史课件,课程,外国新闻传播史,计算机科学与技术,冰岩作坊,69955429d30401dc130fd331,1,1,247180981,235.73,1,0,0,66,21,2026-04-20T04:14:29.265Z,2026-04-20T04:14:29.265Z
1037wiki_download_2026-07-01_assumed_archived,assumed_downloaded_archived,69e3615e620074080627cfb5,中国近现代史纲要教材,课程,中国近现代史纲要,计算机科学与技术,冰岩作坊,69955429d30401dc130fd331,1,1,23963122,22.853,1,0,0,341,20,2026-04-18T10:47:58.772Z,
1037wiki_download_2026-07-01_assumed_archived,assumed_downloaded_archived,6a1ee67482ff2e3e38551377,固体物理往年卷,课程,固体物理,微电子科学与工程,山南awa,69fc401dd0537a25e4ceaa8a,4,4,4237289,4.041,4,0,0,210,20,2026-06-02T14:19:32.127Z,2026-06-12T13:12:50.918Z
1037wiki_download_2026-07-01_assumed_archived,assumed_downloaded_archived,699572ade01ad802e5336fa6,信息安全数学基础试卷,课程,信息安全数学基础,计算机科学与技术,冰岩作坊,69955429d30401dc130fd331,9,9,693615,0.661,9,0,0,141,20,2026-02-18T08:05:01.542Z,2026-02-18T08:05:01.542Z
1037wiki_download_2026-07-01_assumed_archived,assumed_downloaded_archived,69db65128829cfa84be38dad,批判性思维课件,课程,批判性思维,计算机科学与技术,冰岩作坊,69955429d30401dc130fd331,10,10,17889058,17.06,10,0,0,86,20,2026-04-12T09:25:38.676Z,
1037wiki_download_2026-07-01_assumed_archived,assumed_downloaded_archived,69e44b217259460bd01c6f5d,四六级资料,技能考试,四六级,计算机科学与技术,冰岩作坊,69955429d30401dc130fd331,1,1,12070155,11.511,1,0,0,300,17,2026-04-19T03:25:21.801Z,
1037wiki_download_2026-07-01_assumed_archived,assumed_downloaded_archived,6a20089d82ff2e3e3855165d,物院概统往年期末题,课程,概率论与数理统计,物理学,Dark,6a1ec5ad82ff2e3e38551154,1,1,31879330,30.402,1,0,0,279,17,2026-06-03T10:57:33.249Z,2026-06-03T10:57:33.249Z
1037wiki_download_2026-07-01_assumed_archived,assumed_downloaded_archived,6a1eb53882ff2e3e38551059,计量经济学（管理学院）期末参考题,课程,计量经济学,信息管理与信息系统,匿名用户,000000000000000000000000,1,1,103971,0.099,1,0,0,193,17,2026-06-02T10:49:28.661Z,2026-06-02T10:49:28.661Z
1037wiki_download_2026-07-01_assumed_archived,assumed_downloaded_archived,6a3e32b05e75a9a64e0452ea,大学各类平台刷课全攻略@LZH,生活,生活资料,光电信息科学与工程,Lzh,6a3e30b65e75a9a64e0452c0,4,4,2474859,2.36,4,0,0,154,17,2026-06-26T08:05:04.506Z,2026-06-26T08:05:04.506Z
1037wiki_download_2026-07-01_assumed_archived,assumed_downloaded_archived,69ee144bfa0300b9d50d0a5f,计算机组成原理课本,课程,计算机组成原理,计算机科学与技术,hustdun,69ee0c1f5b31549ed4b391ff,1,1,36541096,34.848,1,0,0,130,17,2026-04-26T13:34:03.744Z,2026-04-26T13:34:03.744Z
1037wiki_download_2026-07-01_assumed_archived,assumed_downloaded_archived,6a1273244f06b86bc71a678e,计算机系统基础 实验,课程,计算机系统基础,计算机科学与技术,Paul,69db678d8829cfa84be38df7,1,1,1290533,1.231,1,0,0,695,16,2026-05-24T03:40:20.584Z,2026-05-24T03:40:20.584Z
1037wiki_download_2026-07-01_assumed_archived,assumed_downloaded_archived,69eed2205df2c1ffd4a3c2fc,C语言课程设计（计科）,课程,C程序设计,计算机科学与技术,真的不会写代码,69eeca935df2c1ffd4a3c2e6,4,4,1553346,1.481,4,0,0,123,16,2026-04-27T03:04:00.728Z,2026-04-27T03:04:00.728Z
1037wiki_download_2026-07-01_assumed_archived,assumed_downloaded_archived,69eef5e0804bd87c7e21c122,物理化学上册ppt,课程,化学,化学,匿名用户,000000000000000000000000,6,6,70945792,67.659,6,0,0,47,16,2026-04-27T05:36:32.299Z,2026-04-27T05:36:32.299Z
1037wiki_download_2026-07-01_assumed_archived,assumed_downloaded_archived,69e37fa360eea1e5305c5e17,大学英语教材资料,课程,大学英语,计算机科学与技术,冰岩作坊,69955429d30401dc130fd331,108,108,200107801,190.838,108,0,0,486,15,2026-04-18T12:57:07.053Z,
1037wiki_download_2026-07-01_assumed_archived,assumed_downloaded_archived,69ee3065aea294ac499adc6c,光电集成-电路理论（64学时）-课件,课程,电路理论,集成电路设计与集成系统,lnwsh,69ee29f3aea294ac499adc09,15,15,69192865,65.987,15,0,0,170,15,2026-04-26T15:33:57.798Z,2026-04-26T15:33:57.798Z
1037wiki_download_2026-07-01_assumed_archived,assumed_downloaded_archived,69ee284daea294ac499adbf9,计算机系统结构课本,课程,计算机系统结构,计算机科学与技术,losyi,69ee1381fa0300b9d50d0a5b,1,1,108413499,103.391,1,0,0,60,15,2026-04-26T14:59:25.597Z,2026-04-26T14:59:25.597Z
1037wiki_download_2026-07-01_assumed_archived,assumed_downloaded_archived,69ef6cf6804bd87c7e21c1f0,物理实验（上）计算表格,课程,物理实验,机械设计制造及其自动化,momooo,69ee11d5fa0300b9d50d0a59,3,3,172030,0.164,3,0,0,371,14,2026-04-27T14:04:38.379Z,2026-04-27T14:35:35.811Z
1037wiki_download_2026-07-01_assumed_archived,assumed_downloaded_archived,69d4f3346bad0622e6cc9a36,数字逻辑电路实验,课程,数字逻辑电路,计算机科学与技术,冰岩作坊,69955429d30401dc130fd331,7,7,9489889,9.05,7,0,0,229,14,2026-04-07T12:06:12.148Z,2026-04-07T12:06:12.148Z
1037wiki_download_2026-07-01_assumed_archived,assumed_downloaded_archived,6a195d9f885d3f61b1b8915c,大物同步辅导上册,课程,大学物理,计算机科学与技术,怡红主人,6a158f8da96692fab2fd5181,1,1,49310375,47.026,1,0,0,222,14,2026-05-29T09:34:23.221Z,2026-06-11T05:46:39.169Z
1037wiki_download_2026-07-01_assumed_archived,assumed_downloaded_archived,6a20157d82ff2e3e385516ac,物院近代物理往年题,课程,近代物理,物理学,Dark,6a1ec5ad82ff2e3e38551154,1,1,2291453,2.185,1,0,0,127,14,2026-06-03T11:52:29.084Z,2026-06-03T11:52:29.084Z
1037wiki_download_2026-07-01_assumed_archived,assumed_downloaded_archived,6a211a3982ff2e3e385517f6,固体物理,课程,固体物理,电子科学与技术,匿名用户,000000000000000000000000,1,1,116288157,110.901,1,0,0,106,14,2026-06-04T06:24:57.062Z,2026-06-04T06:24:57.062Z
1037wiki_download_2026-07-01_assumed_archived,assumed_downloaded_archived,69d4e250e97c3e20fbc59b66,复变函数与积分变换知识点总结,课程,复变函数与积分变换,计算机科学与技术,冰岩作坊,69955429d30401dc130fd331,3,3,52317257,49.894,3,0,0,30,14,2026-04-07T10:54:08.677Z,2026-04-07T10:54:08.677Z
1037wiki_download_2026-07-01_assumed_archived,assumed_downloaded_archived,69d4e0a30ade361580f16aff,电路理论习题,课程,电路理论,计算机科学与技术,冰岩作坊,69955429d30401dc130fd331,4,4,68714746,65.531,4,0,0,197,13,2026-04-07T10:46:59.548Z,2026-04-07T10:46:59.548Z
1037wiki_download_2026-07-01_assumed_archived,assumed_downloaded_archived,6a03e7a1abfe09661dcd8abe,数据库系统原理课本,课程,数据库系统原理,计算机科学与技术,husking,6a03e6a4abfe09661dcd8abc,1,1,17887013,17.058,1,0,0,165,13,2026-05-13T02:53:21.909Z,2026-05-13T02:53:21.909Z
1037wiki_download_2026-07-01_assumed_archived,assumed_downloaded_archived,6a1eee8282ff2e3e385513be,留学申请CV模版,升学,留学,产品设计,coco,69eebe255df2c1ffd4a3c2d5,1,1,15081,0.014,1,0,0,163,13,2026-06-02T14:53:54.554Z,2026-06-02T14:53:54.554Z
1037wiki_download_2026-07-01_assumed_archived,assumed_downloaded_archived,6a3fb8b25e75a9a64e0456f4,中国近现代史纲要课后思考题,课程,中国近现代史纲要,能源与动力工程,Sleeeeeepy,6a24167682ff2e3e38551bcb,1,1,25765,0.025,1,0,0,121,13,2026-06-27T11:49:06.802Z,2026-06-27T11:49:06.802Z
1037wiki_download_2026-07-01_assumed_archived,assumed_downloaded_archived,69db640d8829cfa84be38d8c,线性代数知识点总结,课程,线性代数,计算机科学与技术,冰岩作坊,69955429d30401dc130fd331,6,6,16213477,15.462,6,0,0,87,13,2026-04-12T09:21:17.774Z,
1037wiki_download_2026-07-01_assumed_archived,assumed_downloaded_archived,6a1ed6b582ff2e3e3855125c,校内外美味小馆子合集1,生活,吃啥,材料成型及控制工程,Pestooooo,6a1ebd8682ff2e3e385510e2,1,1,1049761,1.001,1,0,0,632,12,2026-06-02T13:12:21.845Z,2026-06-02T13:12:21.845Z
1037wiki_download_2026-07-01_assumed_archived,assumed_downloaded_archived,6a15d60ea96692fab2fd51de,Noita 的一些小图标,生活,meme,计算机科学与技术,滑中科稽大水怪,69d91676368aa3fb667689a0,6,6,5960,0.006,6,0,0,372,12,2026-05-26T17:19:10.692Z,2026-05-26T17:43:31.361Z
1037wiki_download_2026-07-01_assumed_archived,assumed_downloaded_archived,69e383cfbc34e08147cf39ee,大学英语习题,课程,大学英语,计算机科学与技术,冰岩作坊,69955429d30401dc130fd331,3,3,130571,0.125,3,0,0,326,12,2026-04-18T13:14:55.417Z,
1037wiki_download_2026-07-01_assumed_archived,assumed_downloaded_archived,6a3954a45e75a9a64e04421e,大学生数学竞赛,竞赛,数学类竞赛试题,计算机科学与技术,fValentine,6a39538e5e75a9a64e044207,6,6,217284429,207.219,6,0,0,174,12,2026-06-22T15:28:36.639Z,2026-06-22T15:28:36.639Z
1037wiki_download_2026-07-01_assumed_archived,assumed_downloaded_archived,699569ace01ad802e5336f11,计科Java习题,课程,Java程序设计,计算机科学与技术,冰岩作坊,69955429d30401dc130fd331,3,3,3934484,3.752,3,0,0,112,12,2026-02-18T07:26:36.038Z,2026-02-18T07:26:36.038Z
1037wiki_download_2026-07-01_assumed_archived,assumed_downloaded_archived,6a15d069a96692fab2fd51d5,贴吧表情,生活,meme,计算机科学与技术,滑中科稽大水怪,69d91676368aa3fb667689a0,7,7,32872,0.031,7,0,0,476,11,2026-05-26T16:55:05.499Z,2026-05-26T17:08:43.449Z
1037wiki_download_2026-07-01_assumed_archived,assumed_downloaded_archived,6a1ee69d82ff2e3e3855137a,数据结构（2）,课程,数据结构,电子信息工程,5mEo,6a1ecd4682ff2e3e385511ec,4,4,19428031,18.528,4,0,0,197,11,2026-06-02T14:20:13.772Z,2026-06-02T14:20:13.772Z
1037wiki_download_2026-07-01_assumed_archived,assumed_downloaded_archived,69d3bab2e847b61cbf71c49f,计科计算机系统基础知识点总结,课程,计算机系统基础,计算机科学与技术,冰岩作坊,69955429d30401dc130fd331,1,1,558360,0.532,1,0,0,166,11,2026-04-06T13:52:50.279Z,2026-04-06T13:52:50.279Z
1037wiki_download_2026-07-01_assumed_archived,assumed_downloaded_archived,6a349ea60c3e53a8e98145c8,机械设计 期末 重难点 考点复习,课程,机械设计,机械设计制造及其自动化,昧光,6a1ee64c82ff2e3e3855136d,1,1,1056768,1.008,1,0,0,151,11,2026-06-19T01:43:02.62Z,2026-06-19T01:43:02.62Z
1037wiki_download_2026-07-01_assumed_archived,assumed_downloaded_archived,6a349dd90c3e53a8e98145c5,机械设计 期末 考点重难点,课程,机械设计,机械设计制造及其自动化,昧光,6a1ee64c82ff2e3e3855136d,1,1,1056768,1.008,1,0,0,14,11,2026-06-19T01:39:37.038Z,2026-06-19T01:39:37.038Z
1037wiki_download_2026-07-01_assumed_archived,assumed_downloaded_archived,6a19c046885d3f61b1b89213,高考物理模拟卷（test）,生活,meme,计算机科学与技术,匿名用户,000000000000000000000000,4,4,5585845,5.327,4,0,0,513,10,2026-05-29T16:35:18.035Z,2026-05-29T16:35:18.035Z
1037wiki_download_2026-07-01_assumed_archived,assumed_downloaded_archived,69ee2e26aea294ac499adc50,邵琨微积分（一）课堂板书,课程,微积分（一）,物理学,Hiya,69ee28adaea294ac499adbfc,3,3,397800922,379.373,3,0,0,315,10,2026-04-26T15:24:22.355Z,2026-04-26T15:24:22.355Z
1037wiki_download_2026-07-01_assumed_archived,assumed_downloaded_archived,6a1ec85e82ff2e3e38551196,大学生数学竞赛讲义（干货版）,竞赛,数学类竞赛试题,能源与动力工程,神来了,6a1ec55082ff2e3e3855114f,1,1,32724953,31.209,1,0,0,231,10,2026-06-02T12:11:10.683Z,2026-06-02T12:11:10.683Z
1037wiki_download_2026-07-01_assumed_archived,assumed_downloaded_archived,6a1eca9082ff2e3e385511bf,MATLAB安装方法,竞赛,数学类竞赛试题,储能科学与工程,匿名用户,000000000000000000000000,1,1,19886225,18.965,1,0,0,199,10,2026-06-02T12:20:32.958Z,2026-06-02T12:20:32.958Z
1037wiki_download_2026-07-01_assumed_archived,assumed_downloaded_archived,69ee2ba9aea294ac499adc0f,大学生心理健康作业,课程,大学生心理健康,计算机科学与技术,losyi,69ee1381fa0300b9d50d0a5b,1,1,2372272,2.262,1,0,0,173,10,2026-04-26T15:13:45.28Z,2026-04-26T15:13:45.28Z
1037wiki_download_2026-07-01_assumed_archived,assumed_downloaded_archived,6a2c290a0c3e53a8e98134f2,机电（一）单片机部分课件,课程,机电控制与检测（一）,机械设计制造及其自动化,昧光,6a1ee64c82ff2e3e3855136d,9,9,9346048,8.913,9,0,0,132,10,2026-06-12T15:43:06.028Z,2026-06-12T15:52:54.45Z
1037wiki_download_2026-07-01_assumed_archived,assumed_downloaded_archived,6a30d25f0c3e53a8e9813d07,物院数学物理方程往年题,课程,数学物理方法,物理学,Dark,6a1ec5ad82ff2e3e38551154,1,1,79048955,75.387,1,0,0,97,10,2026-06-16T04:34:39.489Z,2026-06-16T04:34:39.489Z
1037wiki_download_2026-07-01_assumed_archived,assumed_downloaded_archived,69ee288aaea294ac499adbfb,机器学习西瓜书,课程,机器学习,人工智能,ccc,69ee2149aea294ac499adbd4,1,1,41663773,39.734,1,0,0,91,10,2026-04-26T15:00:26.017Z,2026-04-26T15:00:26.017Z
1037wiki_download_2026-07-01_assumed_archived,assumed_downloaded_archived,69e5f2750971532697c9a318,理论力学习题,课程,理论力学,计算机科学与技术,冰岩作坊,69955429d30401dc130fd331,1,1,77913567,74.304,1,0,0,60,10,2026-04-20T09:31:33.311Z,2026-04-20T09:31:33.311Z
1037wiki_download_2026-07-01_assumed_archived,assumed_downloaded_archived,69ee30c9aea294ac499adc76,计算机操作系统原理课件-2025,课程,操作系统设计原理,计算机科学与技术,losyi,69ee1381fa0300b9d50d0a5b,9,9,29316996,27.959,9,0,0,40,10,2026-04-26T15:35:37.677Z,2026-04-26T15:35:37.677Z
1037wiki_download_2026-07-01_assumed_archived,assumed_downloaded_archived,6a2ec74d0c3e53a8e981397e,机电 电工学 课件,课程,机电,机械设计制造及其自动化,昧光,6a1ee64c82ff2e3e3855136d,8,8,159890269,152.483,8,0,0,35,10,2026-06-14T15:22:53.526Z,2026-06-14T15:22:53.526Z
1037wiki_download_2026-07-01_assumed_archived,assumed_downloaded_archived,6a3956155e75a9a64e044222,概率论第一章拔高题+概率论2~4章基础题+拔高题,课程,概率论与数理统计,计算机科学与技术,夏梓涵,69ef59a2804bd87c7e21c1cc,3,3,1061124,1.012,3,0,0,346,9,2026-06-22T15:34:45.717Z,2026-06-22T15:34:45.717Z
1037wiki_download_2026-07-01_assumed_archived,assumed_downloaded_archived,6a2006b682ff2e3e38551651,物院热学往年期末题,课程,热学,物理学,Dark,6a1ec5ad82ff2e3e38551154,2,2,1603408,1.529,2,0,0,321,9,2026-06-03T10:49:26.95Z,2026-06-03T10:49:26.95Z
1037wiki_download_2026-07-01_assumed_archived,assumed_downloaded_archived,69d4e330e97c3e20fbc59b6f,概率论与数理统计笔记,课程,概率论与数理统计,计算机科学与技术,冰岩作坊,69955429d30401dc130fd331,5,5,9755273,9.303,5,0,0,218,9,2026-04-07T10:57:52.892Z,2026-04-07T10:57:52.892Z
1037wiki_download_2026-07-01_assumed_archived,assumed_downloaded_archived,69db68cc8829cfa84be38e7c,工程制图课件,课程,工程制图,计算机科学与技术,冰岩作坊,69955429d30401dc130fd331,5,5,12884149,12.287,5,0,0,200,9,2026-04-12T09:41:32.171Z,
1037wiki_download_2026-07-01_assumed_archived,assumed_downloaded_archived,69956af4e01ad802e5336f14,计科Verilog笔记,课程,Verilog设计,计算机科学与技术,冰岩作坊,69955429d30401dc130fd331,1,1,1067085,1.018,1,0,0,154,9,2026-02-18T07:32:04.248Z,2026-02-18T07:32:04.248Z
1037wiki_download_2026-07-01_assumed_archived,assumed_downloaded_archived,6a20162f82ff2e3e385516b2,物理学院模电复习资料,课程,模拟电子技术,物理学,Dark,6a1ec5ad82ff2e3e38551154,1,1,160790002,153.341,1,0,0,65,9,2026-06-03T11:55:27.993Z,2026-06-03T11:55:27.993Z
1037wiki_download_2026-07-01_assumed_archived,assumed_downloaded_archived,69e3764060eea1e5305c5d76,计算机院算法设计与分析往年期末题,课程,算法设计与分析,计算机科学与技术,冰岩作坊,69955429d30401dc130fd331,1,1,16409182,15.649,1,0,0,58,9,2026-04-18T12:17:04.215Z,
1037wiki_download_2026-07-01_assumed_archived,assumed_downloaded_archived,6a376bda0c3e53a8e9814a26,普生植物学,课程,普通生物学,生物制药,沃尔玛购物袋,6a3371860c3e53a8e98143b3,9,9,67316434,64.198,9,0,0,14,9,2026-06-21T04:43:06.911Z,2026-06-21T04:43:06.911Z
1037wiki_download_2026-07-01_assumed_archived,assumed_downloaded_archived,69ee14befa0300b9d50d0a63,信号与线性系统电子版,课程,信号与线性系统,计算机科学与技术,hustdun,69ee0c1f5b31549ed4b391ff,1,1,72949391,69.57,1,0,0,235,8,2026-04-26T13:35:58.135Z,2026-04-26T13:35:58.135Z
1037wiki_download_2026-07-01_assumed_archived,assumed_downloaded_archived,69eef691804bd87c7e21c12b,大学物理实验数据（部分）,课程,大学物理,化学,匿名用户,000000000000000000000000,8,8,154083,0.147,8,0,0,191,8,2026-04-27T05:39:29.864Z,2026-04-27T05:39:29.864Z
1037wiki_download_2026-07-01_assumed_archived,assumed_downloaded_archived,6a40b8235e75a9a64e04599a,工程控制基础 2019-2020 学年第二学期期末考试 A 卷 (能源) 答案,课程,工程控制基础,能源与动力工程,笠原May,6a20f10282ff2e3e385517c4,1,1,437549,0.417,1,0,0,164,8,2026-06-28T05:58:59.71Z,2026-06-28T05:58:59.71Z
1037wiki_download_2026-07-01_assumed_archived,assumed_downloaded_archived,69d4f3466bad0622e6cc9a38,数字逻辑电路习题,课程,数字逻辑电路,计算机科学与技术,冰岩作坊,69955429d30401dc130fd331,1,1,970941,0.926,1,0,0,153,8,2026-04-07T12:06:30.33Z,2026-04-07T12:06:30.33Z
1037wiki_download_2026-07-01_assumed_archived,assumed_downloaded_archived,6a40b8d15e75a9a64e0459a1,工程控制基础(能源) 2019-2020 学年第二学期期末考试 A 卷答案,课程,工程控制基础,能源与动力工程,笠原May,6a20f10282ff2e3e385517c4,1,1,437549,0.417,1,0,0,123,8,2026-06-28T06:01:53.269Z,2026-06-28T06:01:53.269Z
1037wiki_download_2026-07-01_assumed_archived,assumed_downloaded_archived,69ee1bacaea294ac499adb76,数值分析课件&样卷25年版,课程,数值分析,计算机科学与技术,棔簃听雨,69ee1956aea294ac499adb23,7,7,12646212,12.06,7,0,0,91,8,2026-04-26T14:05:32.057Z,2026-04-26T14:05:32.057Z
1037wiki_download_2026-07-01_assumed_archived,assumed_downloaded_archived,69e35ecf620074080627cfb0,生物化学知识点整理,课程,生物化学,计算机科学与技术,冰岩作坊,69955429d30401dc130fd331,2,2,52828139,50.381,2,0,0,89,8,2026-04-18T10:37:03.043Z,
1037wiki_download_2026-07-01_assumed_archived,assumed_downloaded_archived,69d4f35a6bad0622e6cc9a3b,数字逻辑电路知识点总结,课程,数字逻辑电路,计算机科学与技术,冰岩作坊,69955429d30401dc130fd331,2,2,6730626,6.419,2,0,0,84,8,2026-04-07T12:06:50.668Z,2026-04-07T12:06:50.668Z
1037wiki_download_2026-07-01_assumed_archived,assumed_downloaded_archived,6a44c0145e75a9a64e047381,概率论与数理统计第二学期期末考试A卷真题与解析汇编（Updated 26.7.1）,课程,概率论与数理统计,计算机科学与技术,手心Palm,6a2145a982ff2e3e3855186f,1,1,460211,0.439,1,0,0,74,8,2026-07-01T07:21:56.557Z,2026-07-01T07:24:18.714Z
1037wiki_download_2026-07-01_assumed_archived,assumed_downloaded_archived,6a202b5082ff2e3e38551712,C++的VScode环境配置和基础调试,课程,C++程序设计,智能科学与技术,TAB,6a17d714ff86d5a1ab3e7f0a,2,2,815275,0.778,2,0,0,67,8,2026-06-03T13:25:36.36Z,2026-06-03T13:25:36.36Z
1037wiki_download_2026-07-01_assumed_archived,assumed_downloaded_archived,6a105c6ce07d40821c91b527,计算机系统结构真题（2026）和复习笔记,课程,计算机系统结构,计算机科学与技术,losyi,69ee1381fa0300b9d50d0a5b,2,2,59770867,57.002,2,0,0,49,8,2026-05-22T13:38:52.803Z,2026-05-22T13:38:52.803Z
1037wiki_download_2026-07-01_assumed_archived,assumed_downloaded_archived,69ee2d3faea294ac499adc36,人工智能导论课件,课程,人工智能导论（计科）,计算机科学与技术,losyi,69ee1381fa0300b9d50d0a5b,7,7,93061300,88.75,7,0,0,49,8,2026-04-26T15:20:31.485Z,2026-04-26T15:20:31.485Z
1037wiki_download_2026-07-01_assumed_archived,assumed_downloaded_archived,6a40e5265e75a9a64e045bad,计量经济学PPT,课程,计量经济学,大数据管理与应用,沉默的学渣,69fc83c7d0537a25e4ceaabb,8,8,12696430,12.108,8,0,0,33,8,2026-06-28T09:11:02.495Z,2026-06-28T09:11:02.495Z
1037wiki_download_2026-07-01_assumed_archived,assumed_downloaded_archived,69ef6fbd804bd87c7e21c1f3,物理实验（上）报告参考,课程,物理实验,机械设计制造及其自动化,momooo,69ee11d5fa0300b9d50d0a59,3,3,18146422,17.306,3,0,0,662,7,2026-04-27T14:16:29.806Z,2026-05-08T10:26:58.945Z
1037wiki_download_2026-07-01_assumed_archived,assumed_downloaded_archived,69ee1494fa0300b9d50d0a61,计算机系统基础电子版课本,课程,计算机系统基础,计算机科学与技术,hustdun,69ee0c1f5b31549ed4b391ff,1,1,95380762,90.962,1,0,0,297,7,2026-04-26T13:35:16.313Z,2026-04-26T13:35:16.313Z
1037wiki_download_2026-07-01_assumed_archived,assumed_downloaded_archived,6a3b91185e75a9a64e04497b,中国近代史纲要（纯文字版）,课程,中国近现代史纲要,机器人工程,Daniel,6a18571d152ff5f9da662f6d,2,2,2194821,2.093,2,0,0,142,7,2026-06-24T08:11:04.77Z,2026-06-27T14:57:41.285Z
1037wiki_download_2026-07-01_assumed_archived,assumed_downloaded_archived,69d3b9e5e847b61cbf71c489,计科计算机系统基础实验,课程,计算机系统基础,计算机科学与技术,冰岩作坊,69955429d30401dc130fd331,1,1,4739842,4.52,1,0,0,86,7,2026-04-06T13:49:25.415Z,2026-04-06T13:49:25.415Z
1037wiki_download_2026-07-01_assumed_archived,assumed_downloaded_archived,69956cbde01ad802e5336f17,计科Verilog实验,课程,Verilog设计,计算机科学与技术,冰岩作坊,69955429d30401dc130fd331,1,1,54180,0.052,1,0,0,76,7,2026-02-18T07:39:41.458Z,2026-02-18T07:39:41.458Z
1037wiki_download_2026-07-01_assumed_archived,assumed_downloaded_archived,69955fee93657d3dba13bc00,计科C++知识点总结,课程,C++程序设计,计算机科学与技术,冰岩作坊,69955429d30401dc130fd331,5,5,17928070,17.098,5,0,0,218,6,2026-02-18T06:45:02.045Z,2026-02-18T06:45:02.045Z
1037wiki_download_2026-07-01_assumed_archived,assumed_downloaded_archived,6a2bbf500c3e53a8e981339c,立直麻将学习笔记,其他,雀魂绝艺总纲,物理学,宇佐見蓮子,6a0acf1778288d5040e7bc8f,4,4,16944782,16.16,4,0,0,185,6,2026-06-12T08:12:00.427Z,2026-06-20T01:21:02.156Z
1037wiki_download_2026-07-01_assumed_archived,assumed_downloaded_archived,6a2397e982ff2e3e38551af6,微机原理与接口技术课程资料-23级,课程,软件学院软件工程资料,软件工程,qi1940,6a2391d482ff2e3e38551af0,1,1,45213400,43.119,1,0,0,163,6,2026-06-06T03:45:45.612Z,2026-06-06T03:45:45.612Z
1037wiki_download_2026-07-01_assumed_archived,assumed_downloaded_archived,699572ede01ad802e5336fad,信息论,课程,信息论,计算机科学与技术,冰岩作坊,69955429d30401dc130fd331,5,5,51195715,48.824,5,0,0,153,6,2026-02-18T08:06:05.99Z,2026-02-18T08:06:05.99Z
1037wiki_download_2026-07-01_assumed_archived,assumed_downloaded_archived,69ee1b15aea294ac499adb5a,数据结构与算法设计课件（未来）,课程,数据结构与算法设计（未来）,人工智能,阿来不是小狐狸,69ee1810312a802ba67450d7,17,17,79742387,76.048,17,0,0,135,6,2026-04-26T14:03:01.541Z,2026-04-26T14:03:01.541Z
1037wiki_download_2026-07-01_assumed_archived,assumed_downloaded_archived,69d3bc67e847b61cbf71c4a5,计科计算机系统结构试卷,课程,计算机系统结构,计算机科学与技术,冰岩作坊,69955429d30401dc130fd331,1,1,353314,0.337,1,0,0,132,6,2026-04-06T14:00:07.386Z,2026-04-06T14:00:07.386Z
1037wiki_download_2026-07-01_assumed_archived,assumed_downloaded_archived,69d4e381e97c3e20fbc59b7b,概率论与数理统计教材,课程,概率论与数理统计,计算机科学与技术,冰岩作坊,69955429d30401dc130fd331,11,11,183049388,174.569,11,0,0,128,6,2026-04-07T10:59:13.616Z,2026-04-07T10:59:13.616Z
1037wiki_download_2026-07-01_assumed_archived,assumed_downloaded_archived,6a03eb03abfe09661dcd8ac9,数字逻辑电路课件(计算机),课程,数字逻辑电路,计算机科学与技术,husking,6a03e6a4abfe09661dcd8abc,8,8,38528198,36.743,8,0,0,122,6,2026-05-13T03:07:47.361Z,2026-05-13T03:07:47.361Z
1037wiki_download_2026-07-01_assumed_archived,assumed_downloaded_archived,6a0c826378288d5040e7bd32,机器学习（必修课内容）,课程,机器学习,计算机科学与技术,lknfurina,6a0c818178288d5040e7bd30,1,1,189041070,180.284,1,0,0,116,6,2026-05-19T15:31:47.981Z,2026-05-19T15:31:47.981Z
1037wiki_download_2026-07-01_assumed_archived,assumed_downloaded_archived,69e5cad1e3b4fb01d056dd02,离散数学教材,课程,离散数学,计算机科学与技术,冰岩作坊,69955429d30401dc130fd331,2,2,312857816,298.364,2,0,0,68,6,2026-04-20T06:42:25.878Z,2026-04-20T06:42:25.878Z
1037wiki_download_2026-07-01_assumed_archived,assumed_downloaded_archived,6a2016e082ff2e3e385516b6,物院热统往年题,课程,热力学与统计物理,物理学,Dark,6a1ec5ad82ff2e3e38551154,1,1,6847572,6.53,1,0,0,58,6,2026-06-03T11:58:24.852Z,2026-06-03T11:58:24.852Z
1037wiki_download_2026-07-01_assumed_archived,assumed_downloaded_archived,69d3bc38e847b61cbf71c4a3,计科计算机系统结构课件,课程,计算机系统结构,计算机科学与技术,冰岩作坊,69955429d30401dc130fd331,2,2,18682006,17.817,2,0,0,41,6,2026-04-06T13:59:20.455Z,2026-04-06T13:59:20.455Z
1037wiki_download_2026-07-01_assumed_archived,assumed_downloaded_archived,6a1ef0e482ff2e3e385513d0,电路理论（基础篇）PPT,课程,电路理论,微电子科学与工程,HUSTer川,6a1cd3d573ba0e51a3554088,1,1,34010635,32.435,1,0,0,88,5,2026-06-02T15:04:04.357Z,2026-06-02T15:04:04.357Z
1037wiki_download_2026-07-01_assumed_archived,assumed_downloaded_archived,69fc858cd0537a25e4ceaac3,运筹学习题,课程,运筹学,大数据管理与应用,沉默的学渣,69fc83c7d0537a25e4ceaabb,5,5,563200,0.537,5,0,0,85,5,2026-05-07T12:29:00.6Z,2026-05-07T12:29:00.6Z
1037wiki_download_2026-07-01_assumed_archived,assumed_downloaded_archived,6995730fe01ad802e5336fbc,军事理论,课程,军事理论,计算机科学与技术,冰岩作坊,69955429d30401dc130fd331,13,13,36733010,35.031,13,0,0,67,5,2026-02-18T08:06:39.328Z,2026-02-18T08:06:39.328Z
1037wiki_download_2026-07-01_assumed_archived,assumed_downloaded_archived,69d3bcafe847b61cbf71c4ad,计科计算机系统结构习题,课程,计算机系统结构,计算机科学与技术,冰岩作坊,69955429d30401dc130fd331,2,2,3546185,3.382,2,0,0,64,5,2026-04-06T14:01:19.503Z,2026-04-06T14:01:19.503Z
1037wiki_download_2026-07-01_assumed_archived,assumed_downloaded_archived,69956de2e01ad802e5336f33,习概复习资料和习题,课程,习近平新时代社会主义思想概论,计算机科学与技术,冰岩作坊,69955429d30401dc130fd331,21,21,58682413,55.964,21,0,0,50,5,2026-02-18T07:44:34.845Z,2026-02-18T07:44:34.845Z
1037wiki_download_2026-07-01_assumed_archived,assumed_downloaded_archived,69e3719f60eea1e5305c5d37,软件学院软件工程课程资料,课程,软件学院软件工程资料,计算机科学与技术,冰岩作坊,69955429d30401dc130fd331,4,4,5477580,5.224,4,0,0,31,5,2026-04-18T11:57:19.914Z,
1037wiki_download_2026-07-01_assumed_archived,assumed_downloaded_archived,6a1e7df473ba0e51a35541a7,大英赛杂类资料,竞赛,大英赛,计算机科学与技术,怡红主人,6a158f8da96692fab2fd5181,5,5,114603707,109.295,0,5,0,30,5,2026-06-02T06:53:40.113Z,2026-06-02T06:57:47.642Z
1037wiki_download_2026-07-01_assumed_archived,assumed_downloaded_archived,6a40dd695e75a9a64e045b6b,生物化学（上）,课程,生物化学,生物制药,沃尔玛购物袋,6a3371860c3e53a8e98143b3,27,27,139926787,133.445,27,0,0,7,5,2026-06-28T08:38:01.636Z,2026-06-28T08:38:01.636Z
1037wiki_download_2026-07-01_assumed_archived,assumed_downloaded_archived,6a1941d4885d3f61b1b89119,基于数据驱动的留学项目推荐系统（主要面向港新英澳等地区的硕士，内测中）,升学,留学,数据科学与大数据技术,shiyanliu,6a19413d885d3f61b1b8910c,1,1,1381794,1.318,1,0,0,350,4,2026-05-29T07:35:48.164Z,2026-05-29T07:35:48.164Z
1037wiki_download_2026-07-01_assumed_archived,assumed_downloaded_archived,6a395eee5e75a9a64e04424c,离散数学实验报告开源小工具（改进后未实验版）,其他,实验报告,计算机科学与技术,夏梓涵,69ef59a2804bd87c7e21c1cc,1,1,173188,0.165,1,0,0,120,4,2026-06-22T16:12:30.976Z,2026-06-22T16:12:30.976Z
1037wiki_download_2026-07-01_assumed_archived,assumed_downloaded_archived,69d4e0cde97c3e20fbc59b56,电路理论知识点总结,课程,电路理论,计算机科学与技术,冰岩作坊,69955429d30401dc130fd331,1,1,75715,0.072,1,0,0,113,4,2026-04-07T10:47:41.083Z,2026-04-07T10:47:41.083Z
1037wiki_download_2026-07-01_assumed_archived,assumed_downloaded_archived,69ee2516aea294ac499adbde,多元分析学（实验班）,课程,多元分析学,电子科学与技术,hzr_at_hust,69ee2363aea294ac499adbd8,1,1,28349864,27.037,1,0,0,86,4,2026-04-26T14:45:42.934Z,2026-04-26T14:45:42.934Z
1037wiki_download_2026-07-01_assumed_archived,assumed_downloaded_archived,69d4f2696bad0622e6cc9a29,数值分析,课程,数值分析,计算机科学与技术,冰岩作坊,69955429d30401dc130fd331,2,2,22678055,21.627,2,0,0,79,4,2026-04-07T12:02:49.905Z,2026-04-07T12:02:49.905Z
1037wiki_download_2026-07-01_assumed_archived,assumed_downloaded_archived,6a20172c82ff2e3e385516bb,物院天体物理导论复习资料,课程,天体物理导论,物理学,Dark,6a1ec5ad82ff2e3e38551154,1,1,2697003,2.572,1,0,0,65,4,2026-06-03T11:59:40.504Z,2026-06-03T11:59:40.504Z
1037wiki_download_2026-07-01_assumed_archived,assumed_downloaded_archived,6a39e7245e75a9a64e044292,物理学院2025秋电动力学试卷,课程,电动力学,物理学,匿名用户,000000000000000000000000,1,1,12635,0.012,1,0,0,56,4,2026-06-23T01:53:40.112Z,2026-06-23T01:53:40.112Z
1037wiki_download_2026-07-01_assumed_archived,assumed_downloaded_archived,69e259a04572e5b625cc1689,微积分（二）教材,课程,微积分（二）,计算机科学与技术,冰岩作坊,69955429d30401dc130fd331,1,1,95250042,90.838,1,0,0,56,4,2026-04-17T16:02:40.794Z,
1037wiki_download_2026-07-01_assumed_archived,assumed_downloaded_archived,6a2006f282ff2e3e38551653,物院数理基础期末往年题,课程,数学物理基础,物理学,Dark,6a1ec5ad82ff2e3e38551154,1,1,510302,0.487,1,0,0,48,4,2026-06-03T10:50:26.597Z,2026-06-03T10:50:26.597Z
1037wiki_download_2026-07-01_assumed_archived,assumed_downloaded_archived,6a3e0b895e75a9a64e04522e,计算方法试卷和复习资料,课程,计算方法,自动化,pentsinh,6a38fddd0db72027d67a6957,1,1,23573337,22.481,1,0,0,34,4,2026-06-26T05:18:01.924Z,2026-06-26T05:18:01.924Z
1037wiki_download_2026-07-01_assumed_archived,assumed_downloaded_archived,69db62288829cfa84be38d72,线性代数教材,课程,线性代数,计算机科学与技术,冰岩作坊,69955429d30401dc130fd331,23,23,805849738,768.518,23,0,0,31,4,2026-04-12T09:13:12.557Z,
1037wiki_download_2026-07-01_assumed_archived,assumed_downloaded_archived,69e35e45620074080627cfac,无机化学知识点整理,课程,无机化学,计算机科学与技术,冰岩作坊,69955429d30401dc130fd331,2,2,9312561,8.881,2,0,0,25,4,2026-04-18T10:34:45.921Z,
1037wiki_download_2026-07-01_assumed_archived,assumed_downloaded_archived,6a413a6b5e75a9a64e045e8a,微积分（A）上真题,课程,微积分（一）,生物制药,沃尔玛购物袋,6a3371860c3e53a8e98143b3,13,13,8924973,8.512,13,0,0,4,4,2026-06-28T15:14:51.79Z,2026-06-28T15:14:51.79Z
1037wiki_download_2026-07-01_assumed_archived,assumed_downloaded_archived,6a199d1e885d3f61b1b89201,邵神板书-2024级版,课程,微积分 (B),网络空间安全,JHJack,6a19998b885d3f61b1b891a6,88,88,197082357,187.952,88,0,0,191,3,2026-05-29T14:05:18.249Z,2026-05-29T14:05:18.249Z
1037wiki_download_2026-07-01_assumed_archived,assumed_downloaded_archived,69955f5893657d3dba13bbfa,计科C++课件,课程,C++程序设计,计算机科学与技术,冰岩作坊,69955429d30401dc130fd331,21,21,38668219,36.877,21,0,0,138,3,2026-02-18T06:42:32.294Z,2026-02-18T06:42:32.294Z
1037wiki_download_2026-07-01_assumed_archived,assumed_downloaded_archived,69ee1d02aea294ac499adbad,数学物理方程与特殊函数课件,课程,数学物理方程与特殊函数,人工智能,阿来不是小狐狸,69ee1810312a802ba67450d7,25,25,38882918,37.082,25,0,0,126,3,2026-04-26T14:11:14.369Z,2026-04-26T14:11:14.369Z
1037wiki_download_2026-07-01_assumed_archived,assumed_downloaded_archived,69ee2d6faea294ac499adc37,光电集成-C语言-真题,课程,C程序设计,集成电路设计与集成系统,lnwsh,69ee29f3aea294ac499adc09,24,24,6308343,6.016,24,0,0,109,3,2026-04-26T15:21:19.134Z,2026-04-26T15:39:54.115Z
1037wiki_download_2026-07-01_assumed_archived,assumed_downloaded_archived,69e257e14572e5b625cc164e,微积分（一）教材,课程,微积分（一）,计算机科学与技术,冰岩作坊,69955429d30401dc130fd331,2,2,138544239,132.126,2,0,0,85,3,2026-04-17T15:55:13.085Z,
1037wiki_download_2026-07-01_assumed_archived,assumed_downloaded_archived,6a23a06082ff2e3e38551b2c,程序设计新生杯-23,竞赛,程序设计新生杯,软件工程,qi1940,6a2391d482ff2e3e38551af0,3,3,3143937,2.998,3,0,0,80,3,2026-06-06T04:21:52.891Z,2026-06-06T04:21:52.891Z
1037wiki_download_2026-07-01_assumed_archived,assumed_downloaded_archived,69ef7600804bd87c7e21c204,工程化学往年卷,课程,工程化学,机械设计制造及其自动化,momooo,69ee11d5fa0300b9d50d0a59,3,3,12659674,12.073,3,0,0,54,3,2026-04-27T14:43:12.313Z,2026-04-27T14:43:12.313Z
1037wiki_download_2026-07-01_assumed_archived,assumed_downloaded_archived,6995662193657d3dba13bc9c,计科C复习资料,课程,C程序设计,计算机科学与技术,冰岩作坊,69955429d30401dc130fd331,9,9,3350413,3.195,9,0,0,43,3,2026-02-18T07:11:29.416Z,2026-02-18T07:11:29.416Z
1037wiki_download_2026-07-01_assumed_archived,assumed_downloaded_archived,6a1ec0c982ff2e3e38551108,25年工程测试技术真题（回忆版）,课程,工程测试技术,材料成型及控制工程,Pestooooo,6a1ebd8682ff2e3e385510e2,1,1,7102,0.007,1,0,0,28,3,2026-06-02T11:38:49.059Z,2026-06-02T11:38:49.059Z
1037wiki_download_2026-07-01_assumed_archived,assumed_downloaded_archived,69e5a5ed582c0b5e569f69df,新闻运作管理,课程,运作管理,计算机科学与技术,冰岩作坊,69955429d30401dc130fd331,1,1,15098625,14.399,1,0,0,15,3,2026-04-20T04:05:01.981Z,2026-04-20T04:05:01.981Z
1037wiki_download_2026-07-01_assumed_archived,assumed_downloaded_archived,69ee3124aea294ac499adc79,光电集成-真题-C语言,课程,计算机与程序设计基础,集成电路设计与集成系统,lnwsh,69ee29f3aea294ac499adc09,24,24,6308343,6.016,24,0,0,10,3,2026-04-26T15:37:08.073Z,2026-04-26T15:37:08.073Z
1037wiki_download_2026-07-01_assumed_archived,assumed_downloaded_archived,69ee2dc3aea294ac499adc4c,电路理论作业答案,课程,电路理论,人工智能,ccc,69ee2149aea294ac499adbd4,15,15,28015860,26.718,15,0,0,272,2,2026-04-26T15:22:43.793Z,2026-04-26T15:22:43.793Z
1037wiki_download_2026-07-01_assumed_archived,assumed_downloaded_archived,6a1fa11082ff2e3e3855150d,你觉得你是 AE 高手吗（一）,其他,AfterEffects,数据科学与大数据,OraLan,6a1f912882ff2e3e385514be,1,1,134661,0.128,1,0,0,182,2,2026-06-03T03:35:44.719Z,2026-06-03T03:35:44.719Z
1037wiki_download_2026-07-01_assumed_archived,assumed_downloaded_archived,6a261d5582ff2e3e38551d49,生科院2026数据结构,课程,数据结构,生物信息学,as well,69f0541d804bd87c7e21c25c,1,1,139139,0.133,1,0,0,116,2,2026-06-08T01:39:33.982Z,2026-06-08T01:39:33.982Z
1037wiki_download_2026-07-01_assumed_archived,assumed_downloaded_archived,69fb41acd0537a25e4ceaa64,华科新版试卷latex模板（手搓）,课程,通用,物理学,匿名用户,000000000000000000000000,3,3,1800491,1.717,3,0,0,114,2,2026-05-06T13:27:08.443Z,2026-05-06T13:27:08.443Z
1037wiki_download_2026-07-01_assumed_archived,assumed_downloaded_archived,69ee3511aea294ac499adc80,【高中教资】415 信息技术 笔记资料,技能考试,中小学教师资格考试,计算机科学与技术,losyi,69ee1381fa0300b9d50d0a5b,1,1,110171,0.105,1,0,0,107,2,2026-04-26T15:53:53.816Z,2026-04-26T15:53:53.816Z
1037wiki_download_2026-07-01_assumed_archived,assumed_downloaded_archived,69d4f6926bad0622e6cc9a83,操作系统设计原理往年题,课程,操作系统设计原理,计算机科学与技术,冰岩作坊,69955429d30401dc130fd331,17,17,26712470,25.475,17,0,0,94,2,2026-04-07T12:20:34.847Z,2026-04-07T12:20:34.847Z
1037wiki_download_2026-07-01_assumed_archived,assumed_downloaded_archived,69ee5c7baea294ac499adc88,智能制造装备与工艺（二）速通指南,课程,智能制造装备与工艺（二）,机械设计制造及其自动化,MOROSE,69ee596faea294ac499adc85,1,1,1678424,1.601,1,0,0,76,2,2026-04-26T18:42:03.875Z,2026-04-26T18:42:03.875Z
1037wiki_download_2026-07-01_assumed_archived,assumed_downloaded_archived,6a3b4a265e75a9a64e044805,26作业与小测整理（含ai）,课程,数据库系统原理,大数据管理与应用,匿名用户,000000000000000000000000,1,1,3181056,3.034,1,0,0,71,2,2026-06-24T03:08:22.545Z,2026-06-24T03:08:22.545Z
1037wiki_download_2026-07-01_assumed_archived,assumed_downloaded_archived,6a18e9e6152ff5f9da662fb3,量子力学,课程,量子力学,材料科学与工程,冷漠的野猪骑士,6a14151c4f06b86bc71a68a0,7,7,836804,0.798,7,0,0,71,2,2026-05-29T01:20:38.64Z,2026-05-29T01:30:14.834Z
1037wiki_download_2026-07-01_assumed_archived,assumed_downloaded_archived,6a395cf05e75a9a64e044242,MBTI16人格详解（英文版+译文版）,生活,生活资料,计算机科学与技术,夏梓涵,69ef59a2804bd87c7e21c1cc,1,1,101521012,96.818,1,0,0,69,2,2026-06-22T16:04:00.912Z,2026-06-22T16:04:00.912Z
1037wiki_download_2026-07-01_assumed_archived,assumed_downloaded_archived,69e38839118797682c02279a,自然语言处理实验,课程,自然语言处理,计算机科学与技术,冰岩作坊,69955429d30401dc130fd331,8,8,150933129,143.941,8,0,0,53,2,2026-04-18T13:33:45.301Z,
1037wiki_download_2026-07-01_assumed_archived,assumed_downloaded_archived,69956993e01ad802e5336f0d,计科Java实验,课程,Java程序设计,计算机科学与技术,冰岩作坊,69955429d30401dc130fd331,1,1,7802771,7.441,1,0,0,52,2,2026-02-18T07:26:11.526Z,2026-02-18T07:26:11.526Z
1037wiki_download_2026-07-01_assumed_archived,assumed_downloaded_archived,69ef76ce804bd87c7e21c208,能源材料课程资料（材料专业）,课程,能源材料,材料科学与工程,Rochann,69ee2531aea294ac499adbdf,2,2,64409295,61.425,2,0,0,42,2,2026-04-27T14:46:38.225Z,2026-04-27T14:46:38.225Z
1037wiki_download_2026-07-01_assumed_archived,assumed_downloaded_archived,69ef3d20804bd87c7e21c179,电力系统分析（上） 考试记忆版,课程,电力系统分析,电气工程及其自动化,Larbarry,69ee1674312a802ba67450d6,1,1,1012598,0.966,1,0,0,42,2,2026-04-27T10:40:32.14Z,2026-04-27T11:11:42.309Z
1037wiki_download_2026-07-01_assumed_archived,assumed_downloaded_archived,69957111e01ad802e5336f5b,传播心理学课件,课程,传播心理学,计算机科学与技术,冰岩作坊,69955429d30401dc130fd331,13,13,95924695,91.481,13,0,0,38,2,2026-02-18T07:58:09.567Z,2026-02-18T07:58:09.567Z
1037wiki_download_2026-07-01_assumed_archived,assumed_downloaded_archived,69ee1b98aea294ac499adb75,工图课件（电类）,课程,工程制图,人工智能,匿名用户,000000000000000000000000,1,1,8591282,8.193,1,0,0,35,2,2026-04-26T14:05:12.214Z,2026-04-26T14:05:12.214Z
1037wiki_download_2026-07-01_assumed_archived,assumed_downloaded_archived,69d4ec9b6bad0622e6cc9a09,计算机网络与通信知识点总结,课程,计算机网络与通信,计算机科学与技术,冰岩作坊,69955429d30401dc130fd331,4,4,11011486,10.501,4,0,0,20,2,2026-04-07T11:38:03.783Z,2026-04-07T11:38:03.783Z
1037wiki_download_2026-07-01_assumed_archived,assumed_downloaded_archived,69d4e1b8e97c3e20fbc59b5a,复变函数与积分变换教材,课程,复变函数与积分变换,计算机科学与技术,冰岩作坊,69955429d30401dc130fd331,2,2,32175879,30.685,2,0,0,19,2,2026-04-07T10:51:36.149Z,2026-04-07T10:51:36.149Z
1037wiki_download_2026-07-01_assumed_archived,assumed_downloaded_archived,69d4dd120ade361580f16abf,道路交通课件,课程,道路交通,计算机科学与技术,冰岩作坊,69955429d30401dc130fd331,8,8,53212679,50.748,8,0,0,18,2,2026-04-07T10:31:46.302Z,2026-04-07T10:31:46.302Z
1037wiki_download_2026-07-01_assumed_archived,assumed_downloaded_archived,69ee1abeaea294ac499adb47,复变函数与积分变换课件,课程,复变函数与积分变换,人工智能,阿来不是小狐狸,69ee1810312a802ba67450d7,2,2,134569168,128.335,2,0,0,10,2,2026-04-26T14:01:34.757Z,2026-04-26T14:01:34.757Z
1037wiki_download_2026-07-01_assumed_archived,assumed_downloaded_archived,69d4f51c6bad0622e6cc9a4e,数据库,课程,数据库,计算机科学与技术,冰岩作坊,69955429d30401dc130fd331,5,5,1241600,1.184,5,0,0,205,1,2026-04-07T12:14:20.677Z,2026-04-07T12:14:20.677Z
1037wiki_download_2026-07-01_assumed_archived,assumed_downloaded_archived,6a3374840c3e53a8e9814406,有机化学,课程,有机化学,生物制药,沃尔玛购物袋,6a3371860c3e53a8e98143b3,31,31,232059542,221.309,31,0,0,100,1,2026-06-18T04:31:00.349Z,2026-06-18T04:31:00.349Z
1037wiki_download_2026-07-01_assumed_archived,assumed_downloaded_archived,6a159ad5a96692fab2fd51a3,C语言实验报告,课程,C程序设计,计算机科学与技术,怡红主人,6a158f8da96692fab2fd5181,14,14,3586447,3.42,14,0,0,88,1,2026-05-26T13:06:29.797Z,2026-05-26T13:06:29.797Z
1037wiki_download_2026-07-01_assumed_archived,assumed_downloaded_archived,69db62bb8829cfa84be38d75,线性代数笔记,课程,线性代数,计算机科学与技术,冰岩作坊,69955429d30401dc130fd331,2,2,10469559,9.985,2,0,0,88,1,2026-04-12T09:15:39.035Z,
1037wiki_download_2026-07-01_assumed_archived,assumed_downloaded_archived,6a3b43ce5e75a9a64e0447ae,数据库复习点,课程,数据库系统原理,计算机科学与技术,阿巴阿巴柚子,6a1d812a73ba0e51a35540ff,1,1,301999,0.288,1,0,0,82,1,2026-06-24T02:41:18.132Z,2026-06-25T09:00:18.983Z
1037wiki_download_2026-07-01_assumed_archived,assumed_downloaded_archived,69e383f8bc34e08147cf39ef,大学英语慕课,课程,大学英语,计算机科学与技术,冰岩作坊,69955429d30401dc130fd331,11,11,29534275,28.166,11,0,0,76,1,2026-04-18T13:15:36.316Z,
1037wiki_download_2026-07-01_assumed_archived,assumed_downloaded_archived,69ef7e36804bd87c7e21c22c,量子力学课程资料（材料&电封专业）,课程,量子力学,材料科学与工程,Rochann,69ee2531aea294ac499adbdf,3,3,68481483,65.309,3,0,0,52,1,2026-04-27T15:18:14.054Z,2026-04-27T15:18:14.054Z
1037wiki_download_2026-07-01_assumed_archived,assumed_downloaded_archived,69e5ef5f0971532697c9a317,量子力学教材,课程,量子力学,计算机科学与技术,冰岩作坊,69955429d30401dc130fd331,1,1,11896902,11.346,1,0,0,50,1,2026-04-20T09:18:23.978Z,2026-04-20T09:18:23.978Z
1037wiki_download_2026-07-01_assumed_archived,assumed_downloaded_archived,69e38b877259460bd01c6f06,运筹学课件,课程,运筹学,计算机科学与技术,冰岩作坊,69955429d30401dc130fd331,21,21,38401449,36.622,21,0,0,50,1,2026-04-18T13:47:51.622Z,
1037wiki_download_2026-07-01_assumed_archived,assumed_downloaded_archived,69d4e86e6bad0622e6cc99c2,化学课件,课程,化学,计算机科学与技术,冰岩作坊,69955429d30401dc130fd331,4,4,49790976,47.484,4,0,0,43,1,2026-04-07T11:20:14.2Z,2026-04-07T11:20:14.2Z
1037wiki_download_2026-07-01_assumed_archived,assumed_downloaded_archived,6a1eb59882ff2e3e38551061,宏观经济学期末试题（管理学院z老师）,课程,宏观经济学,信息管理与信息系统,匿名用户,000000000000000000000000,1,1,91094,0.087,1,0,0,36,1,2026-06-02T10:51:04.482Z,2026-06-02T10:51:04.482Z
1037wiki_download_2026-07-01_assumed_archived,assumed_downloaded_archived,6a2511ac82ff2e3e38551c7e,物院激光物理往年资料,课程,激光物理,物理学,Dark,6a1ec5ad82ff2e3e38551154,1,1,10843375,10.341,1,0,0,32,1,2026-06-07T06:37:32.312Z,2026-06-07T06:37:32.312Z
1037wiki_download_2026-07-01_assumed_archived,assumed_downloaded_archived,6a3373970c3e53a8e98143e6,生物化学（下）,课程,生物化学,生物制药,沃尔玛购物袋,6a3371860c3e53a8e98143b3,17,17,54886325,52.344,17,0,0,28,1,2026-06-18T04:27:03.651Z,2026-06-28T08:38:21.253Z
1037wiki_download_2026-07-01_assumed_archived,assumed_downloaded_archived,6a2008c282ff2e3e3855165f,物院复变函数往年期末题,课程,复变函数,物理学,Dark,6a1ec5ad82ff2e3e38551154,1,1,2154940,2.055,1,0,0,28,1,2026-06-03T10:58:10.513Z,2026-06-03T10:58:10.513Z
1037wiki_download_2026-07-01_assumed_archived,assumed_downloaded_archived,69ef4250804bd87c7e21c180,电气工程基础 考试题记忆版（2025）,课程,电气工程基础,电气工程及其自动化,Larbarry,69ee1674312a802ba67450d6,1,1,177615,0.169,1,0,0,27,1,2026-04-27T11:02:40.182Z,2026-04-27T11:02:40.182Z
1037wiki_download_2026-07-01_assumed_archived,assumed_downloaded_archived,6a2008f382ff2e3e38551662,物院电磁学往年期末题,课程,电磁学,物理学,Dark,6a1ec5ad82ff2e3e38551154,1,1,17140286,16.346,1,0,0,26,1,2026-06-03T10:58:59.157Z,2026-06-03T10:58:59.157Z
1037wiki_download_2026-07-01_assumed_archived,assumed_downloaded_archived,69d4d6648dcd7ed69ef303fe,财务管理课件,课程,财务管理,计算机科学与技术,冰岩作坊,69955429d30401dc130fd331,12,12,17314445,16.512,12,0,0,23,1,2026-04-07T10:03:16.375Z,2026-04-07T10:03:16.375Z
1037wiki_download_2026-07-01_assumed_archived,assumed_downloaded_archived,69e39bab7259460bd01c6f44,商业数据分析与挖掘课件,课程,商业数据分析与挖掘,计算机科学与技术,冰岩作坊,69955429d30401dc130fd331,10,10,64504394,61.516,10,0,0,22,1,2026-04-18T14:56:43.411Z,
1037wiki_download_2026-07-01_assumed_archived,assumed_downloaded_archived,6a42e2225e75a9a64e0466d1,生物信息数据挖掘,课程,生物信息数据挖掘,生物信息学,匿名用户,000000000000000000000000,1,1,1423719,1.358,1,0,0,21,1,2026-06-29T21:22:42.769Z,2026-06-29T21:22:42.769Z
1037wiki_download_2026-07-01_assumed_archived,assumed_downloaded_archived,6a3e725f5e75a9a64e045450,听力4 furtherlistening文本,课程,大学英语,计算机科学与技术,Cayac,6a3e71f35e75a9a64e04544d,1,1,59434,0.057,1,0,0,16,1,2026-06-26T12:36:47.748Z,2026-06-26T12:36:47.748Z
1037wiki_download_2026-07-01_assumed_archived,assumed_downloaded_archived,6a3e4cba5e75a9a64e0453b3,大数据分析实验,课程,大数据分析,数据科学与大数据技术,Noir,6a1eaaec73ba0e51a355421e,2,2,3145395,3.0,2,0,0,16,1,2026-06-26T09:56:10.456Z,2026-06-26T09:56:46.384Z
1037wiki_download_2026-07-01_assumed_archived,assumed_downloaded_archived,69d4dff00ade361580f16aed,计科电路理论课件,课程,电路理论,计算机科学与技术,冰岩作坊,69955429d30401dc130fd331,27,27,134975314,128.722,27,0,0,16,1,2026-04-07T10:44:00.541Z,2026-04-07T10:44:00.541Z
1037wiki_download_2026-07-01_assumed_archived,assumed_downloaded_archived,6a2cc82a0c3e53a8e981356f,集成电路学院C课设（通讯录管理系统）,课程,C课设,微电子科学与工程,山南awa,69fc401dd0537a25e4ceaa8a,2,2,469327,0.448,2,0,0,14,1,2026-06-13T03:02:02.054Z,2026-06-13T03:02:02.054Z
1037wiki_download_2026-07-01_assumed_archived,assumed_downloaded_archived,6a376b4f0c3e53a8e9814a15,普通生物学,课程,普通生物学,生物制药,沃尔玛购物袋,6a3371860c3e53a8e98143b3,1,1,100133699,95.495,1,0,0,13,1,2026-06-21T04:40:47.378Z,2026-06-21T04:40:47.378Z
1037wiki_download_2026-07-01_assumed_archived,assumed_downloaded_archived,69e5c78ee3b4fb01d056dccb,矩阵论期末试卷,课程,矩阵论,计算机科学与技术,冰岩作坊,69955429d30401dc130fd331,1,1,29139163,27.789,1,0,0,13,1,2026-04-20T06:28:30.347Z,2026-04-20T06:28:30.347Z
1037wiki_download_2026-07-01_assumed_archived,assumed_downloaded_archived,6a2c2a120c3e53a8e9813549,复变函数与积分变换 课件,课程,复变函数与积分变换,机械设计制造及其自动化,昧光,6a1ee64c82ff2e3e3855136d,37,37,82691051,78.86,37,0,0,11,1,2026-06-12T15:47:30.714Z,2026-06-12T15:47:30.714Z
1037wiki_download_2026-07-01_assumed_archived,assumed_downloaded_archived,6a4138b05e75a9a64e045e81,微积分（A）上,课程,微积分（一）,生物制药,沃尔玛购物袋,6a3371860c3e53a8e98143b3,48,48,517445827,493.475,48,0,0,9,1,2026-06-28T15:07:28.425Z,2026-06-28T15:07:28.425Z
1037wiki_download_2026-07-01_assumed_archived,assumed_downloaded_archived,69d4e22ce97c3e20fbc59b62,复变函数与积分变换习题,课程,复变函数与积分变换,计算机科学与技术,冰岩作坊,69955429d30401dc130fd331,1,1,3874861,3.695,1,0,0,8,1,2026-04-07T10:53:32.631Z,2026-04-07T10:53:32.631Z
1037wiki_download_2026-07-01_assumed_archived,assumed_downloaded_archived,6a1ede4282ff2e3e385512cc,AI留学申请系统（选校匹配/院校官网整理/文书启发）【BuddyUp】,升学,留学,计算机科学与技术,coco,69eebe255df2c1ffd4a3c2d5,2,2,973019,0.928,2,0,0,262,0,2026-06-02T13:44:34.173Z,2026-06-02T13:44:34.173Z
1037wiki_download_2026-07-01_assumed_archived,assumed_downloaded_archived,6a2e9f620c3e53a8e9813882,2026电信计算机组成原理与接口技术实验资料,课程,计算机组成原理,通信工程,Ceeyu,69ef11a8804bd87c7e21c143,12,12,36071511,34.4,12,0,0,168,0,2026-06-14T12:32:34.366Z,2026-07-01T09:30:07.758Z
1037wiki_download_2026-07-01_assumed_archived,assumed_downloaded_archived,69e259ee4572e5b625cc16b6,微积分（二）习题,课程,微积分（二）,计算机科学与技术,冰岩作坊,69955429d30401dc130fd331,23,23,13817199,13.177,23,0,0,153,0,2026-04-17T16:03:58.292Z,
1037wiki_download_2026-07-01_assumed_archived,assumed_downloaded_archived,69ee1533fa0300b9d50d0a67,工程材料学实验报告（金相）,课程,工程材料学,机械设计制造及其自动化,momooo,69ee11d5fa0300b9d50d0a59,1,1,2109562,2.012,1,0,0,145,0,2026-04-26T13:37:55.925Z,2026-04-26T13:37:55.925Z
1037wiki_download_2026-07-01_assumed_archived,assumed_downloaded_archived,6a1ee6c882ff2e3e3855137f,学术推荐信格式,升学,留学,产品设计,coco,69eebe255df2c1ffd4a3c2d5,2,2,917159,0.875,2,0,0,124,0,2026-06-02T14:20:56.125Z,2026-06-02T14:20:56.125Z
1037wiki_download_2026-07-01_assumed_archived,assumed_downloaded_archived,6a2befca0c3e53a8e9813435,单片微机控制原理与应用上机实验报告,课程,单片机,微电子科学与工程,山南awa,69fc401dd0537a25e4ceaa8a,5,5,1040494,0.992,5,0,0,118,0,2026-06-12T11:38:50.446Z,2026-06-12T11:38:50.446Z
1037wiki_download_2026-07-01_assumed_archived,assumed_downloaded_archived,6a195ecf885d3f61b1b89168,大学英语大一上期末听力资料（西边）,课程,大学英语,计算机科学与技术,怡红主人,6a158f8da96692fab2fd5181,11,11,10626391,10.134,11,0,0,116,0,2026-05-29T09:39:27.94Z,2026-05-29T09:39:27.94Z
1037wiki_download_2026-07-01_assumed_archived,assumed_downloaded_archived,69e361bd620074080627cfc1,中国近现代史纲要课件,课程,中国近现代史纲要,计算机科学与技术,冰岩作坊,69955429d30401dc130fd331,5,5,3580550,3.415,5,0,0,114,0,2026-04-18T10:49:33.13Z,
1037wiki_download_2026-07-01_assumed_archived,assumed_downloaded_archived,69e38414bc34e08147cf39f0,大学英语课件,课程,大学英语,计算机科学与技术,冰岩作坊,69955429d30401dc130fd331,3,3,6072744,5.791,3,0,0,99,0,2026-04-18T13:16:04.219Z,
1037wiki_download_2026-07-01_assumed_archived,assumed_downloaded_archived,6a1f878782ff2e3e385514ab,电信学院微波技术基础,课程,微波,电子信息工程,estelledc,6a07f445abfe09661dcd8e4a,15,15,13493020,12.868,15,0,0,98,0,2026-06-03T01:46:47.381Z,2026-06-03T01:46:47.381Z
1037wiki_download_2026-07-01_assumed_archived,assumed_downloaded_archived,69ef56e3804bd87c7e21c1c8,热工基础（工程热力学+工程传热学）（机械学院特供）,课程,热工基础,机械设计制造及其自动化,enigma_space,69ef5598804bd87c7e21c1ad,17,17,19950481,19.026,17,0,0,95,0,2026-04-27T12:30:27.56Z,2026-04-27T12:30:27.56Z
1037wiki_download_2026-07-01_assumed_archived,assumed_downloaded_archived,6a20115782ff2e3e3855168a,你觉得你是 AE 高手吗（二）,其他,AfterEffects,数据科学与大数据,OraLan,6a1f912882ff2e3e385514be,11,11,850143222,810.76,11,0,0,86,0,2026-06-03T11:34:47.83Z,2026-06-03T11:34:47.83Z
1037wiki_download_2026-07-01_assumed_archived,assumed_downloaded_archived,6a20e6d582ff2e3e385517ad,数据结构 材料学院版本（大三专业选修课）,课程,数据结构,电子封装技术,对对爱吃饭,6a20e5fb82ff2e3e385517a4,7,7,34251361,32.665,7,0,0,85,0,2026-06-04T02:45:41.417Z,2026-06-04T02:45:41.417Z
1037wiki_download_2026-07-01_assumed_archived,assumed_downloaded_archived,69ee2932aea294ac499adbfe,编译原理课本,课程,编译原理,计算机科学与技术,losyi,69ee1381fa0300b9d50d0a5b,1,1,52156593,49.74,1,0,0,82,0,2026-04-26T15:03:14.073Z,2026-04-26T15:03:14.073Z
1037wiki_download_2026-07-01_assumed_archived,assumed_downloaded_archived,69e2582c4572e5b625cc1673,微积分（一）习题,课程,微积分（一）,计算机科学与技术,冰岩作坊,69955429d30401dc130fd331,33,33,86342525,82.343,33,0,0,79,0,2026-04-17T15:56:28.501Z,2026-04-17T16:00:49.639Z
1037wiki_download_2026-07-01_assumed_archived,assumed_downloaded_archived,69d4ea486bad0622e6cc99cb,机器学习实验,课程,机器学习,计算机科学与技术,冰岩作坊,69955429d30401dc130fd331,2,2,1081444,1.031,2,0,0,79,0,2026-04-07T11:28:08.043Z,2026-04-07T11:28:08.043Z
1037wiki_download_2026-07-01_assumed_archived,assumed_downloaded_archived,69eece5b5df2c1ffd4a3c2f5,计科算法讲义（何坤）,课程,算法设计与分析,计算机科学与技术,真的不会写代码,69eeca935df2c1ffd4a3c2e6,12,12,56572469,53.952,12,0,0,77,0,2026-04-27T02:47:55.793Z,2026-04-27T02:47:55.793Z
1037wiki_download_2026-07-01_assumed_archived,assumed_downloaded_archived,6a000820abfe09661dcd8a80,模电实验实操考试,课程,模电实验,微电子科学与工程,Wan,69f38621278f98cd88588bef,1,1,31516,0.03,1,0,0,75,0,2026-05-10T04:22:56.67Z,2026-05-10T04:22:56.67Z
1037wiki_download_2026-07-01_assumed_archived,assumed_downloaded_archived,6995651393657d3dba13bc6d,计科C课件,课程,C程序设计,计算机科学与技术,冰岩作坊,69955429d30401dc130fd331,25,25,36798394,35.094,25,0,0,74,0,2026-02-18T07:06:59.635Z,2026-02-18T07:06:59.635Z
1037wiki_download_2026-07-01_assumed_archived,assumed_downloaded_archived,69c8dc5f18bb3af86d7b7d20,马原期末复习提纲,课程,马克思主义基本原理,软件工程,匿名用户,000000000000000000000000,1,1,434055,0.414,1,0,0,73,0,2026-03-29T08:01:35.792Z,2026-03-29T08:01:35.792Z
1037wiki_download_2026-07-01_assumed_archived,assumed_downloaded_archived,69e257414572e5b625cc164a,微积分（三）往年题,课程,微积分（三）,计算机科学与技术,冰岩作坊,69955429d30401dc130fd331,1,1,361472,0.345,1,0,0,69,0,2026-04-17T15:52:33.859Z,
1037wiki_download_2026-07-01_assumed_archived,assumed_downloaded_archived,6a197036885d3f61b1b89179,经济思想史教材,课程,经济思想史,国际经济与贸易,匿名用户,000000000000000000000000,1,1,172232258,164.253,1,0,0,67,0,2026-05-29T10:53:42.819Z,2026-05-29T10:53:42.819Z
1037wiki_download_2026-07-01_assumed_archived,assumed_downloaded_archived,6a20d97b82ff2e3e38551785,大学英语project1,课程,大学英语,微电子科学与工程,浮生若梦,6a1ecab382ff2e3e385511c0,4,4,65748000,62.702,4,0,0,64,0,2026-06-04T01:48:43.492Z,2026-06-04T01:48:43.492Z
1037wiki_download_2026-07-01_assumed_archived,assumed_downloaded_archived,69ee1b67aea294ac499adb72,C语言课件（未来）,课程,C程序设计,人工智能,阿来不是小狐狸,69ee1810312a802ba67450d7,16,16,21898232,20.884,16,0,0,64,0,2026-04-26T14:04:23.619Z,2026-04-26T14:04:23.619Z
1037wiki_download_2026-07-01_assumed_archived,assumed_downloaded_archived,6a07f514abfe09661dcd8e53,操作系统复习资料,课程,操作系统设计原理,电子信息工程,estelledc,6a07f445abfe09661dcd8e4a,8,8,86449653,82.445,8,0,0,63,0,2026-05-16T04:39:48.193Z,2026-05-16T04:39:48.193Z
1037wiki_download_2026-07-01_assumed_archived,assumed_downloaded_archived,69eed8d1804bd87c7e21c10c,网安-汇编语言及其逆向技术-期末考题,课程,汇编语言程序设计,网络空间安全,Norman,69eed872804bd87c7e21c109,2,2,543744,0.519,2,0,0,61,0,2026-04-27T03:32:33.46Z,2026-04-27T03:32:33.46Z
1037wiki_download_2026-07-01_assumed_archived,assumed_downloaded_archived,69ee1a76aea294ac499adb44,大学物理（下）课件,课程,大学物理,人工智能,阿来不是小狐狸,69ee1810312a802ba67450d7,32,32,65363748,62.336,32,0,0,56,0,2026-04-26T14:00:22.766Z,2026-04-26T14:00:22.766Z
1037wiki_download_2026-07-01_assumed_archived,assumed_downloaded_archived,699565d593657d3dba13bc92,计科C试卷,课程,C程序设计,计算机科学与技术,冰岩作坊,69955429d30401dc130fd331,29,29,14517793,13.845,29,0,0,56,0,2026-02-18T07:10:13.314Z,2026-02-18T07:10:13.314Z
1037wiki_download_2026-07-01_assumed_archived,assumed_downloaded_archived,6a1ecc7f82ff2e3e385511dc,雅思口语资料,技能考试,雅思,材料成型及控制工程,Pestooooo,6a1ebd8682ff2e3e385510e2,2,2,30816593,29.389,2,0,0,50,0,2026-06-02T12:28:47.271Z,2026-06-02T12:28:47.271Z
1037wiki_download_2026-07-01_assumed_archived,assumed_downloaded_archived,6a1edea482ff2e3e385512ce,2025生物化学与分子生物学（二）部分考题,课程,生物化学,生物信息学,hello鱼,6a1eda2282ff2e3e3855128b,1,1,190119,0.181,1,0,0,48,0,2026-06-02T13:46:12.84Z,2026-06-02T13:46:12.84Z
1037wiki_download_2026-07-01_assumed_archived,assumed_downloaded_archived,69ee2deaaea294ac499adc4f,人工智能导论作业,课程,人工智能导论（计科）,计算机科学与技术,losyi,69ee1381fa0300b9d50d0a5b,3,3,2384845,2.274,3,0,0,48,0,2026-04-26T15:23:22.421Z,2026-04-26T15:23:22.421Z
1037wiki_download_2026-07-01_assumed_archived,assumed_downloaded_archived,6a3210330c3e53a8e981409b,统计学习方法（机器学习）,课程,机器学习,智能科学与技术,LanFa,6a1f916d82ff2e3e385514bf,1,1,25574958,24.39,1,0,0,47,0,2026-06-17T03:10:43.781Z,2026-06-17T03:10:43.781Z
1037wiki_download_2026-07-01_assumed_archived,assumed_downloaded_archived,69ef7350804bd87c7e21c1f8,电路理论（机类）实验报告参考,课程,电路理论,机械设计制造及其自动化,momooo,69ee11d5fa0300b9d50d0a59,1,1,4527936,4.318,1,0,0,47,0,2026-04-27T14:31:44.24Z,2026-04-27T14:46:30.516Z
1037wiki_download_2026-07-01_assumed_archived,assumed_downloaded_archived,6a43fd3e5e75a9a64e046f16,推荐使用网页版：[URL](https://yuhangchen1.github.io/1037_wiki/ ) <计算机><或者工科>个人经验向：一份关于启明、保研、留学与科研的拙见,升学,留学,信息与计算科学,Francis,6a43fb7a5e75a9a64e046f14,1,1,17983311,17.15,1,0,0,46,0,2026-06-30T17:30:38.791Z,2026-06-30T17:37:32.295Z
1037wiki_download_2026-07-01_assumed_archived,assumed_downloaded_archived,6a3960975e75a9a64e04424f,离散数学实验工具使用说明,其他,实验报告,计算机科学与技术,夏梓涵,69ef59a2804bd87c7e21c1cc,1,1,18262,0.017,1,0,0,45,0,2026-06-22T16:19:35.675Z,2026-06-22T16:19:35.675Z
1037wiki_download_2026-07-01_assumed_archived,assumed_downloaded_archived,69db63bd8829cfa84be38d85,线性代数习题,课程,线性代数,计算机科学与技术,冰岩作坊,69955429d30401dc130fd331,3,3,10963986,10.456,3,0,0,44,0,2026-04-12T09:19:57.782Z,
1037wiki_download_2026-07-01_assumed_archived,assumed_downloaded_archived,6a20085782ff2e3e3855165b,物院理论力学往年期末题,课程,理论力学,物理学,Dark,6a1ec5ad82ff2e3e38551154,1,1,14658522,13.979,1,0,0,43,0,2026-06-03T10:56:23.077Z,2026-06-03T10:56:23.077Z
1037wiki_download_2026-07-01_assumed_archived,assumed_downloaded_archived,6a2c046e0c3e53a8e981349b,信号与系统半开卷材料参考,课程,信号与系统,微电子科学与工程,山南awa,69fc401dd0537a25e4ceaa8a,2,2,1646561,1.57,2,0,0,42,0,2026-06-12T13:06:54.731Z,2026-06-12T13:06:54.731Z
1037wiki_download_2026-07-01_assumed_archived,assumed_downloaded_archived,69ee2ef2aea294ac499adc5b,计算机视觉导论课件,课程,计算机视觉,计算机科学与技术,losyi,69ee1381fa0300b9d50d0a5b,9,9,48646676,46.393,9,0,0,41,0,2026-04-26T15:27:46.705Z,2026-04-26T15:27:46.705Z
1037wiki_download_2026-07-01_assumed_archived,assumed_downloaded_archived,6a1ef31d82ff2e3e385513df,中国语文现当代文学25年真题（回忆版）链接 ,课程,中国语文,微电子科学与工程,HUSTer川,6a1cd3d573ba0e51a3554088,1,1,10352,0.01,1,0,0,40,0,2026-06-02T15:13:33.673Z,2026-06-02T15:13:33.673Z
1037wiki_download_2026-07-01_assumed_archived,assumed_downloaded_archived,6a1e7d8b73ba0e51a355419f,大英赛样题（ABCD）,竞赛,大英赛,计算机科学与技术,怡红主人,6a158f8da96692fab2fd5181,33,33,478734056,456.556,0,33,0,39,0,2026-06-02T06:51:55.912Z,2026-06-02T06:57:32.318Z
1037wiki_download_2026-07-01_assumed_archived,assumed_downloaded_archived,69fca31ad0537a25e4ceaadf,电测2025秋真题回忆版,课程,电路测试技术基础,电气工程及其自动化,匿名用户,000000000000000000000000,1,1,478117,0.456,1,0,0,39,0,2026-05-07T14:35:06.386Z,2026-05-07T14:35:06.386Z
1037wiki_download_2026-07-01_assumed_archived,assumed_downloaded_archived,69e257014572e5b625cc1648,微积分（三）课件,课程,微积分（三）,计算机科学与技术,冰岩作坊,69955429d30401dc130fd331,39,39,13468669,12.845,39,0,0,38,0,2026-04-17T15:51:29.709Z,
1037wiki_download_2026-07-01_assumed_archived,assumed_downloaded_archived,69d3af99d40f2133774f9b97,博弈论课件,课程,博弈论,计算机科学与技术,冰岩作坊,69955429d30401dc130fd331,7,7,3010942,2.871,7,0,0,38,0,2026-04-06T13:05:29.354Z,2026-04-06T13:05:29.354Z
1037wiki_download_2026-07-01_assumed_archived,assumed_downloaded_archived,6a2ea9d80c3e53a8e9813935,数据库名词解释,课程,数据库技术与应用,生物信息学,as well,69f0541d804bd87c7e21c25c,1,1,21157,0.02,1,0,0,36,0,2026-06-14T13:17:12.441Z,2026-06-14T13:17:12.441Z
1037wiki_download_2026-07-01_assumed_archived,assumed_downloaded_archived,69e5ee550971532697c9a313,理论力学软件,课程,理论力学,计算机科学与技术,冰岩作坊,69955429d30401dc130fd331,1,1,198255523,189.071,1,0,0,36,0,2026-04-20T09:13:57.323Z,2026-04-20T09:13:57.323Z
1037wiki_download_2026-07-01_assumed_archived,assumed_downloaded_archived,69e38ba67259460bd01c6f1b,运筹学数据,课程,运筹学,计算机科学与技术,冰岩作坊,69955429d30401dc130fd331,20,20,1317748,1.257,20,0,0,36,0,2026-04-18T13:48:22.298Z,
1037wiki_download_2026-07-01_assumed_archived,assumed_downloaded_archived,6a2c01ab0c3e53a8e9813494,模电、数电实验报告,课程,模电 数电实验,微电子科学与工程,山南awa,69fc401dd0537a25e4ceaa8a,7,7,6237101,5.948,7,0,0,35,0,2026-06-12T12:55:07.776Z,2026-06-12T12:55:07.776Z
1037wiki_download_2026-07-01_assumed_archived,assumed_downloaded_archived,69db62d88829cfa84be38d80,线性代数课件,课程,线性代数,计算机科学与技术,冰岩作坊,69955429d30401dc130fd331,10,10,11297792,10.774,10,0,0,35,0,2026-04-12T09:16:08.943Z,
1037wiki_download_2026-07-01_assumed_archived,assumed_downloaded_archived,69d4eb5e6bad0622e6cc99e6,计算机网络课件,课程,计算机网络,计算机科学与技术,冰岩作坊,69955429d30401dc130fd331,11,11,16885248,16.103,11,0,0,35,0,2026-04-07T11:32:46.331Z,2026-04-07T11:32:46.331Z
1037wiki_download_2026-07-01_assumed_archived,assumed_downloaded_archived,6a40d96d5e75a9a64e045b29,医学细胞生物学实验,课程,医科细胞生物学,生物制药,沃尔玛购物袋,6a3371860c3e53a8e98143b3,9,9,63103367,60.18,9,0,0,33,0,2026-06-28T08:21:01.772Z,2026-06-28T08:21:01.772Z
1037wiki_download_2026-07-01_assumed_archived,assumed_downloaded_archived,6a3954825e75a9a64e04421d,微积分上宣讲/拓展内容,课程,微积分 (B),计算机科学与技术,夏梓涵,69ef59a2804bd87c7e21c1cc,9,9,11241664,10.721,9,0,0,33,0,2026-06-22T15:28:02.405Z,2026-06-22T15:28:02.405Z
1037wiki_download_2026-07-01_assumed_archived,assumed_downloaded_archived,6a20065f82ff2e3e3855164f,物院大一往年期末题(力学),课程,力学,物理学,Dark,6a1ec5ad82ff2e3e38551154,1,1,503779,0.48,1,0,0,32,0,2026-06-03T10:47:59.1Z,2026-06-03T10:47:59.1Z
1037wiki_download_2026-07-01_assumed_archived,assumed_downloaded_archived,69ee2a29aea294ac499adc0a,计算器网络作业参考答案,课程,计算机网络,人工智能,ccc,69ee2149aea294ac499adbd4,7,7,2387322,2.277,7,0,0,32,0,2026-04-26T15:07:21.338Z,2026-04-26T15:07:21.338Z
1037wiki_download_2026-07-01_assumed_archived,assumed_downloaded_archived,69e3779b60eea1e5305c5d8e,计算机院算法设计与分析知识点总结,课程,算法设计与分析,计算机科学与技术,冰岩作坊,69955429d30401dc130fd331,13,13,49242533,46.961,13,0,0,32,0,2026-04-18T12:22:51.462Z,
1037wiki_download_2026-07-01_assumed_archived,assumed_downloaded_archived,6a1ecb5682ff2e3e385511d1,雅思写作资料,技能考试,雅思,材料成型及控制工程,Pestooooo,6a1ebd8682ff2e3e385510e2,6,6,12835718,12.241,6,0,0,31,0,2026-06-02T12:23:50.645Z,2026-06-02T12:23:50.645Z
1037wiki_download_2026-07-01_assumed_archived,assumed_downloaded_archived,699570e9e01ad802e5336f4c,传播学研究方法课件,课程,传播学研究方法,计算机科学与技术,冰岩作坊,69955429d30401dc130fd331,15,15,35319111,33.683,15,0,0,31,0,2026-02-18T07:57:29.669Z,2026-02-18T07:57:29.669Z
1037wiki_download_2026-07-01_assumed_archived,assumed_downloaded_archived,69e35101b3aaeba504a42e98,启明一元分析学（计卓）往年题,课程,一元分析学（计卓）,计算机科学与技术,冰岩作坊,69955429d30401dc130fd331,11,11,2427559,2.315,11,0,0,30,0,2026-04-18T09:38:09.562Z,
1037wiki_download_2026-07-01_assumed_archived,assumed_downloaded_archived,69fc8688d0537a25e4ceaad1,云计算课件,课程,云计算,大数据管理与应用,沉默的学渣,69fc83c7d0537a25e4ceaabb,12,12,45190555,43.097,12,0,0,29,0,2026-05-07T12:33:12.879Z,2026-05-07T12:33:12.879Z
1037wiki_download_2026-07-01_assumed_archived,assumed_downloaded_archived,69e36fb160eea1e5305c5d31,嵌入式系统课程实验,课程,嵌入式系统,计算机科学与技术,冰岩作坊,69955429d30401dc130fd331,2,2,3677120,3.507,2,0,0,29,0,2026-04-18T11:49:05.925Z,
1037wiki_download_2026-07-01_assumed_archived,assumed_downloaded_archived,69d4eae06bad0622e6cc99d9,计科计算机视觉实验,课程,计算机视觉,计算机科学与技术,冰岩作坊,69955429d30401dc130fd331,12,12,44624471,42.557,12,0,0,29,0,2026-04-07T11:30:40.834Z,2026-04-07T11:30:40.834Z
1037wiki_download_2026-07-01_assumed_archived,assumed_downloaded_archived,69ef7524804bd87c7e21c200,工程化学实验报告参考（碘钟）,课程,工程化学,机械设计制造及其自动化,momooo,69ee11d5fa0300b9d50d0a59,5,5,4703617,4.486,5,0,0,28,0,2026-04-27T14:39:32.746Z,2026-04-27T14:39:32.746Z
1037wiki_download_2026-07-01_assumed_archived,assumed_downloaded_archived,69d3b93bd40f2133774f9be3,计科计算机系统基础课件,课程,计算机系统基础,计算机科学与技术,冰岩作坊,69955429d30401dc130fd331,31,31,51534876,49.147,31,0,0,28,0,2026-04-06T13:46:35.662Z,2026-04-06T13:46:35.662Z
1037wiki_download_2026-07-01_assumed_archived,assumed_downloaded_archived,69d4f3e06bad0622e6cc9a47,计科数字图像处理习题,课程,数字图像处理,计算机科学与技术,冰岩作坊,69955429d30401dc130fd331,3,3,2398029,2.287,3,0,0,27,0,2026-04-07T12:09:04.153Z,2026-04-07T12:09:04.153Z
1037wiki_download_2026-07-01_assumed_archived,assumed_downloaded_archived,6995653e93657d3dba13bc71,计科C作业,课程,C程序设计,计算机科学与技术,冰岩作坊,69955429d30401dc130fd331,3,3,114666,0.109,3,0,0,27,0,2026-02-18T07:07:42.757Z,2026-02-18T07:07:42.757Z
1037wiki_download_2026-07-01_assumed_archived,assumed_downloaded_archived,6a22861582ff2e3e385519d1,机器学习导论课件（2025/2026春）,课程,机器学习,计算机科学与技术,losyi,69ee1381fa0300b9d50d0a5b,11,11,14982873,14.289,11,0,0,26,0,2026-06-05T08:17:25.139Z,2026-06-08T12:59:28.161Z
1037wiki_download_2026-07-01_assumed_archived,assumed_downloaded_archived,69eef70b804bd87c7e21c135,大学物理上册课件,课程,大学物理,化学,匿名用户,000000000000000000000000,9,9,21516925,20.52,9,0,0,26,0,2026-04-27T05:41:31.42Z,2026-04-27T05:41:31.42Z
1037wiki_download_2026-07-01_assumed_archived,assumed_downloaded_archived,69ee27b2aea294ac499adbf5,数字信号处理,课程,数字信号处理,人工智能,ccc,69ee2149aea294ac499adbd4,1,1,10067981,9.602,1,0,0,26,0,2026-04-26T14:56:50.692Z,2026-04-26T14:56:50.692Z
1037wiki_download_2026-07-01_assumed_archived,assumed_downloaded_archived,69d4f5976bad0622e6cc9a58,计算机与程序设计基础课件,课程,计算机与程序设计基础,计算机科学与技术,冰岩作坊,69955429d30401dc130fd331,8,8,37406773,35.674,8,0,0,26,0,2026-04-07T12:16:23.108Z,2026-04-07T12:16:23.108Z
1037wiki_download_2026-07-01_assumed_archived,assumed_downloaded_archived,6995658d93657d3dba13bc74,计科C实验报告,课程,C程序设计,计算机科学与技术,冰岩作坊,69955429d30401dc130fd331,2,2,1980711,1.889,2,0,0,26,0,2026-02-18T07:09:01.883Z,2026-02-18T07:09:01.883Z
1037wiki_download_2026-07-01_assumed_archived,assumed_downloaded_archived,6a18eac6152ff5f9da662fbb,现代分析测试技术试卷,课程,现代测试分析技术,材料科学与工程,冷漠的野猪骑士,6a14151c4f06b86bc71a68a0,6,6,238807,0.228,6,0,0,25,0,2026-05-29T01:24:22.199Z,2026-05-29T01:24:22.199Z
1037wiki_download_2026-07-01_assumed_archived,assumed_downloaded_archived,69ef5394804bd87c7e21c1ab,马原相关材料,课程,马克思主义基本原理,计算机科学与技术,真的不会写代码,69eeca935df2c1ffd4a3c2e6,5,5,303039168,289.001,5,0,0,25,0,2026-04-27T12:16:20.052Z,2026-04-27T12:16:20.052Z
1037wiki_download_2026-07-01_assumed_archived,assumed_downloaded_archived,69e35047b3aaeba504a42e8b,启明一元分析学（高数）往年题,课程,一多元分析（高数）,计算机科学与技术,冰岩作坊,69955429d30401dc130fd331,1,1,204427,0.195,1,0,0,25,0,2026-04-18T09:35:03.641Z,
1037wiki_download_2026-07-01_assumed_archived,assumed_downloaded_archived,6a22e82e82ff2e3e38551ac9,线性代数笔记,课程,线性代数,软件工程,∬重积分∬,69ee311aaea294ac499adc78,1,1,37210545,35.487,1,0,0,24,0,2026-06-05T15:15:58.89Z,2026-06-05T15:15:58.89Z
1037wiki_download_2026-07-01_assumed_archived,assumed_downloaded_archived,6a40e6a35e75a9a64e045bb8,数据结构PPT（管院）,课程,数据结构,大数据管理与应用,沉默的学渣,69fc83c7d0537a25e4ceaabb,9,9,20202680,19.267,9,0,0,23,0,2026-06-28T09:17:23.666Z,2026-06-28T09:17:23.666Z
1037wiki_download_2026-07-01_assumed_archived,assumed_downloaded_archived,6a1ec39f82ff2e3e38551130,2025材料成型理论基础真题（回忆版）,课程,材料成型理论基础,材料成型及控制工程,Pestooooo,6a1ebd8682ff2e3e385510e2,1,1,15222,0.015,1,0,0,23,0,2026-06-02T11:50:55.838Z,2026-06-02T11:50:55.838Z
1037wiki_download_2026-07-01_assumed_archived,assumed_downloaded_archived,6a2e42420c3e53a8e98136f3,热学2026年春季期末考试试题,课程,热学,物理学,lxz,6a2e40d30c3e53a8e98136ee,4,4,10232333,9.758,4,0,0,22,0,2026-06-14T05:55:14.535Z,2026-06-14T05:55:14.535Z
1037wiki_download_2026-07-01_assumed_archived,assumed_downloaded_archived,6a28910f0c3e53a8e9812f73,高级模拟集成电路往年试题,课程,高级模拟集成电路,集成电路设计与集成系统,匿名用户,000000000000000000000000,4,4,29469116,28.104,4,0,0,22,0,2026-06-09T22:17:51.695Z,2026-06-09T22:17:51.695Z
1037wiki_download_2026-07-01_assumed_archived,assumed_downloaded_archived,6a25958c82ff2e3e38551d20,货币银行学教材第十二版,课程,货币银行学,国际经济与贸易,Faith,69eca9b4ea791294fa037973,1,1,140959393,134.429,1,0,0,22,0,2026-06-07T16:00:12.945Z,2026-06-07T16:00:12.945Z
1037wiki_download_2026-07-01_assumed_archived,assumed_downloaded_archived,6a40e9365e75a9a64e045bc6,运筹学二,课程,运筹学,大数据管理与应用,沉默的学渣,69fc83c7d0537a25e4ceaabb,4,4,23289494,22.211,4,0,0,21,0,2026-06-28T09:28:22.118Z,2026-06-28T09:28:22.118Z
1037wiki_download_2026-07-01_assumed_archived,assumed_downloaded_archived,69ee2743aea294ac499adbeb,数字图像处理,课程,数字图像处理,人工智能,ccc,69ee2149aea294ac499adbd4,1,1,86555410,82.546,1,0,0,21,0,2026-04-26T14:54:59.612Z,2026-04-26T14:54:59.612Z
1037wiki_download_2026-07-01_assumed_archived,assumed_downloaded_archived,69d4f9a36bad0622e6cc9a9a,操作系统课程设计思维导图,课程,操作系统设计原理,计算机科学与技术,冰岩作坊,69955429d30401dc130fd331,10,10,2726143,2.6,10,0,0,21,0,2026-04-07T12:33:39.577Z,2026-04-07T12:33:39.577Z
1037wiki_download_2026-07-01_assumed_archived,assumed_downloaded_archived,6a1ece3082ff2e3e38551202,Labview课程作业,课程,专业认知实验,微电子科学与工程,浮生若梦,6a1ecab382ff2e3e385511c0,1,1,103221,0.098,1,0,0,20,0,2026-06-02T12:36:00.91Z,2026-06-02T12:36:00.91Z
1037wiki_download_2026-07-01_assumed_archived,assumed_downloaded_archived,6a1ec83382ff2e3e38551195,材料成型理论基础思维导图,课程,材料成型理论基础,材料成型及控制工程,Pestooooo,6a1ebd8682ff2e3e385510e2,8,8,29112383,27.764,8,0,0,20,0,2026-06-02T12:10:27.124Z,2026-06-02T12:10:27.124Z
1037wiki_download_2026-07-01_assumed_archived,assumed_downloaded_archived,69ee2644aea294ac499adbe4,计算机网络自顶向下方法,课程,计算机网络,人工智能,ccc,69ee2149aea294ac499adbd4,1,1,116950979,111.533,1,0,0,20,0,2026-04-26T14:50:44.109Z,2026-04-26T14:50:44.109Z
1037wiki_download_2026-07-01_assumed_archived,assumed_downloaded_archived,69e37c2960eea1e5305c5d9a,薪酬管理课件,课程,薪酬管理,计算机科学与技术,冰岩作坊,69955429d30401dc130fd331,3,3,10492439,10.006,3,0,0,20,0,2026-04-18T12:42:17.075Z,
1037wiki_download_2026-07-01_assumed_archived,assumed_downloaded_archived,69d5b63d6bad0622e6cc9acd,程序设计课设参考,课程,程序设计,计算机科学与技术,冰岩作坊,69955429d30401dc130fd331,3,3,996236,0.95,3,0,0,20,0,2026-04-08T01:58:21.963Z,2026-04-08T01:58:21.963Z
1037wiki_download_2026-07-01_assumed_archived,assumed_downloaded_archived,69d3bccbe847b61cbf71c4af,计科计算机系统结构知识点总结,课程,计算机系统结构,计算机科学与技术,冰岩作坊,69955429d30401dc130fd331,1,1,131058,0.125,1,0,0,20,0,2026-04-06T14:01:47.154Z,2026-04-06T14:01:47.154Z
1037wiki_download_2026-07-01_assumed_archived,assumed_downloaded_archived,699570afe01ad802e5336f3b,企业战略管理课件,课程,企业战略管理,计算机科学与技术,冰岩作坊,69955429d30401dc130fd331,3,3,28689920,27.361,3,0,0,20,0,2026-02-18T07:56:31.635Z,2026-02-18T07:56:31.635Z
1037wiki_download_2026-07-01_assumed_archived,assumed_downloaded_archived,6a239b9e82ff2e3e38551b06,数学模型与最优化课程资料-23级,课程,软件学院软件工程资料,软件工程,qi1940,6a2391d482ff2e3e38551af0,7,7,29589353,28.219,7,0,0,18,0,2026-06-06T04:01:34.876Z,2026-06-06T04:01:34.876Z
1037wiki_download_2026-07-01_assumed_archived,assumed_downloaded_archived,6a202c2582ff2e3e38551717,2025-2026第二学期数理方程A卷,课程,数理方程,电子信息工程,羊村懒小噔,6a1eb9ce82ff2e3e385510a0,1,1,65974,0.063,1,0,0,18,0,2026-06-03T13:29:09.258Z,2026-06-03T13:29:09.258Z
1037wiki_download_2026-07-01_assumed_archived,assumed_downloaded_archived,6a1ec8ec82ff2e3e385511a5,2025液压传动重点总结,课程,液压传动,材料成型及控制工程,Pestooooo,6a1ebd8682ff2e3e385510e2,1,1,4032620,3.846,1,0,0,18,0,2026-06-02T12:13:32.666Z,2026-06-02T12:13:32.666Z
1037wiki_download_2026-07-01_assumed_archived,assumed_downloaded_archived,6a105ccee07d40821c91b532,计算机系统结构课件及习题答案（2026）,课程,计算机系统结构,计算机科学与技术,losyi,69ee1381fa0300b9d50d0a5b,10,10,47729632,45.519,10,0,0,18,0,2026-05-22T13:40:30.518Z,2026-05-22T13:40:30.518Z
1037wiki_download_2026-07-01_assumed_archived,assumed_downloaded_archived,69fb4c63d0537a25e4ceaa74,仪器分析试卷,课程,仪器分析,生物信息学,as well,69f0541d804bd87c7e21c25c,11,11,9662643,9.215,11,0,0,18,0,2026-05-06T14:12:51.244Z,2026-05-06T14:12:51.244Z
1037wiki_download_2026-07-01_assumed_archived,assumed_downloaded_archived,69d4f7446bad0622e6cc9a8f,操作系统设计原理作业,课程,操作系统设计原理,计算机科学与技术,冰岩作坊,69955429d30401dc130fd331,8,8,12257519,11.69,8,0,0,18,0,2026-04-07T12:23:32.756Z,2026-04-07T12:23:32.756Z
1037wiki_download_2026-07-01_assumed_archived,assumed_downloaded_archived,69d4e63fe97c3e20fbc59baa,管理信息系统课件,课程,管理信息系统,计算机科学与技术,冰岩作坊,69955429d30401dc130fd331,4,4,40438185,38.565,4,0,0,18,0,2026-04-07T11:10:55.473Z,2026-04-07T11:10:55.473Z
1037wiki_download_2026-07-01_assumed_archived,assumed_downloaded_archived,6a40b7035e75a9a64e045994,2025年材料力学真题,课程,材料力学,能源与动力工程,笠原May,6a20f10282ff2e3e385517c4,1,1,2651303,2.528,1,0,0,17,0,2026-06-28T05:54:11.266Z,2026-06-28T05:54:11.266Z
1037wiki_download_2026-07-01_assumed_archived,assumed_downloaded_archived,69d4d4d88dcd7ed69ef303e1,财务报表分析第二次作业,课程,财务报表,计算机科学与技术,冰岩作坊,69955429d30401dc130fd331,8,8,4331946,4.131,8,2,0,17,0,2026-04-07T09:56:40.03Z,2026-04-07T09:56:40.03Z
1037wiki_download_2026-07-01_assumed_archived,assumed_downloaded_archived,6995704ae01ad802e5336f36,乡镇规划原理试卷,课程,乡镇规划原理,计算机科学与技术,冰岩作坊,69955429d30401dc130fd331,1,1,17972,0.017,1,0,0,17,0,2026-02-18T07:54:50.394Z,2026-02-18T07:54:50.394Z
1037wiki_download_2026-07-01_assumed_archived,assumed_downloaded_archived,6a376c680c3e53a8e9814a3d,普生动物学,课程,普通生物学,生物制药,沃尔玛购物袋,6a3371860c3e53a8e98143b3,22,22,334507520,319.011,22,0,0,16,0,2026-06-21T04:45:28.289Z,2026-06-21T04:45:28.289Z
1037wiki_download_2026-07-01_assumed_archived,assumed_downloaded_archived,69e376f660eea1e5305c5d80,计算机院算法设计与分析习题与作业,课程,算法设计与分析,计算机科学与技术,冰岩作坊,69955429d30401dc130fd331,5,5,997407,0.951,5,0,0,15,0,2026-04-18T12:20:06.367Z,
1037wiki_download_2026-07-01_assumed_archived,assumed_downloaded_archived,69d4d6a38dcd7ed69ef30403,财务管理作业,课程,财务管理,计算机科学与技术,冰岩作坊,69955429d30401dc130fd331,4,4,805546,0.768,4,0,0,15,0,2026-04-07T10:04:19.933Z,2026-04-07T10:04:19.933Z
1037wiki_download_2026-07-01_assumed_archived,assumed_downloaded_archived,6a20073882ff2e3e38551656,物院误差分析往年题,课程,误差分析,物理学,Dark,6a1ec5ad82ff2e3e38551154,1,1,1557584,1.485,1,0,0,14,0,2026-06-03T10:51:36.215Z,2026-06-03T10:51:36.215Z
1037wiki_download_2026-07-01_assumed_archived,assumed_downloaded_archived,69e5a6bb582c0b5e569f69e2,新闻品牌传播概论课件,课程,品牌传播概论,计算机科学与技术,冰岩作坊,69955429d30401dc130fd331,1,1,4063215,3.875,1,0,0,14,0,2026-04-20T04:08:27.665Z,2026-04-20T04:08:27.665Z
1037wiki_download_2026-07-01_assumed_archived,assumed_downloaded_archived,69e3760660eea1e5305c5d74,计算机院算法设计与分析教材与课件,课程,算法设计与分析,计算机科学与技术,冰岩作坊,69955429d30401dc130fd331,18,18,86203142,82.21,18,0,0,14,0,2026-04-18T12:16:06.679Z,
1037wiki_download_2026-07-01_assumed_archived,assumed_downloaded_archived,69d4e9c26bad0622e6cc99c7,汇编语言程序设计,课程,汇编语言程序设计,计算机科学与技术,冰岩作坊,69955429d30401dc130fd331,3,3,6874920,6.556,3,0,0,14,0,2026-04-07T11:25:54.326Z,2026-04-07T11:25:54.326Z
1037wiki_download_2026-07-01_assumed_archived,assumed_downloaded_archived,6a42f1d65e75a9a64e046766,剑雅4-18真题（1）,技能考试,雅思,生物信息学,匿名用户,000000000000000000000000,16,16,520831991,496.704,16,0,0,13,0,2026-06-29T22:29:42.672Z,2026-06-29T22:29:42.672Z
1037wiki_download_2026-07-01_assumed_archived,assumed_downloaded_archived,69d4e781e97c3e20fbc59bbf,计科函数式编程原理实验,课程,函数式编程原理,计算机科学与技术,冰岩作坊,69955429d30401dc130fd331,2,2,5980625,5.704,2,0,0,13,0,2026-04-07T11:16:17.215Z,2026-04-07T11:16:17.215Z
1037wiki_download_2026-07-01_assumed_archived,assumed_downloaded_archived,69d4cd9b69b93dbcf66e978a,利润表分析课件,课程,财务报表,计算机科学与技术,冰岩作坊,69955429d30401dc130fd331,6,6,52686768,50.246,6,0,0,13,0,2026-04-07T09:25:47.683Z,2026-04-07T09:25:47.683Z
1037wiki_download_2026-07-01_assumed_archived,assumed_downloaded_archived,69d3bc97e847b61cbf71c4aa,计科计算机系统结构实验,课程,计算机系统结构,计算机科学与技术,冰岩作坊,69955429d30401dc130fd331,4,4,650832,0.621,4,0,0,13,0,2026-04-06T14:00:55.133Z,2026-04-06T14:00:55.133Z
1037wiki_download_2026-07-01_assumed_archived,assumed_downloaded_archived,6a3658ea0c3e53a8e9814818,2026数据库计术与应用试题,课程,数据库技术与应用,生物信息学,匿名用户,000000000000000000000000,1,1,15772,0.015,1,0,0,12,0,2026-06-20T09:10:02.658Z,2026-06-20T09:10:02.658Z
1037wiki_download_2026-07-01_assumed_archived,assumed_downloaded_archived,69ee2783aea294ac499adbf2,计算机通信与网络（新大纲）课件,课程,计算机通信与网络（计科）,计算机科学与技术,losyi,69ee1381fa0300b9d50d0a5b,6,6,61262173,58.424,6,0,0,12,0,2026-04-26T14:56:03.89Z,2026-04-26T14:56:03.89Z
1037wiki_download_2026-07-01_assumed_archived,assumed_downloaded_archived,69e5a75f582c0b5e569f69e5,新闻视听传播概论课件,课程,视听传播概论,计算机科学与技术,冰岩作坊,69955429d30401dc130fd331,1,1,11518530,10.985,1,0,0,12,0,2026-04-20T04:11:11.023Z,2026-04-20T04:11:11.023Z
1037wiki_download_2026-07-01_assumed_archived,assumed_downloaded_archived,69d4ec816bad0622e6cc9a04,计算机网络与通信习题,课程,计算机网络与通信,计算机科学与技术,冰岩作坊,69955429d30401dc130fd331,1,1,1312189,1.251,1,0,0,12,0,2026-04-07T11:37:37.335Z,2026-04-07T11:37:37.335Z
1037wiki_download_2026-07-01_assumed_archived,assumed_downloaded_archived,69d4ddc20ade361580f16acd,管理统计学数据,,,计算机科学与技术,冰岩作坊,69955429d30401dc130fd331,3,3,123215,0.118,3,0,0,12,0,2026-04-07T10:34:42.974Z,2026-04-07T10:34:42.974Z
1037wiki_download_2026-07-01_assumed_archived,assumed_downloaded_archived,69d4dd7e0ade361580f16ac9,管理统计学课件,,,计算机科学与技术,冰岩作坊,69955429d30401dc130fd331,9,9,7124366,6.794,9,0,0,12,0,2026-04-07T10:33:34.023Z,2026-04-07T10:33:34.023Z
1037wiki_download_2026-07-01_assumed_archived,assumed_downloaded_archived,69d3b7f5d40f2133774f9bbb,计算机图形学课件,课程,计算机图形学,计算机科学与技术,冰岩作坊,69955429d30401dc130fd331,9,9,46658309,44.497,9,0,0,12,0,2026-04-06T13:41:09.408Z,2026-04-06T13:41:09.408Z
1037wiki_download_2026-07-01_assumed_archived,assumed_downloaded_archived,6a28af5f0c3e53a8e9812f7b,26春高级cmos真题回忆版,课程,高级模拟集成电路,电子科学与技术,xsg,6a1ed4c182ff2e3e3855123f,1,1,3242607,3.092,1,0,0,11,0,2026-06-10T00:27:11.063Z,2026-06-10T00:27:11.063Z
1037wiki_download_2026-07-01_assumed_archived,assumed_downloaded_archived,69eedd54804bd87c7e21c110,传感器技术与应用,课程,电路理论,人工智能,匿名用户,000000000000000000000000,1,1,24684649,23.541,1,0,0,11,0,2026-04-27T03:51:48.576Z,2026-04-27T03:51:48.576Z
1037wiki_download_2026-07-01_assumed_archived,assumed_downloaded_archived,69d4e75ee97c3e20fbc59bbc,计科函数式编程原理习题,课程,函数式编程原理,计算机科学与技术,冰岩作坊,69955429d30401dc130fd331,4,4,15853,0.015,4,0,0,11,0,2026-04-07T11:15:42.018Z,2026-04-07T11:15:42.018Z
1037wiki_download_2026-07-01_assumed_archived,assumed_downloaded_archived,69d4e748e97c3e20fbc59bb7,计科函数式编程原理课件,课程,函数式编程原理,计算机科学与技术,冰岩作坊,69955429d30401dc130fd331,7,7,5353789,5.106,7,0,0,11,0,2026-04-07T11:15:20.955Z,2026-04-07T11:15:20.955Z
1037wiki_download_2026-07-01_assumed_archived,assumed_downloaded_archived,69d4e213e97c3e20fbc59b60,复变函数与积分变换试卷,课程,复变函数与积分变换,计算机科学与技术,冰岩作坊,69955429d30401dc130fd331,5,5,3907386,3.726,5,0,0,11,0,2026-04-07T10:53:07.086Z,2026-04-07T10:53:07.086Z
1037wiki_download_2026-07-01_assumed_archived,assumed_downloaded_archived,69d3b845d40f2133774f9bc2,计算机图形学资料,课程,计算机图形学,计算机科学与技术,冰岩作坊,69955429d30401dc130fd331,6,6,17054433,16.264,6,0,0,11,0,2026-04-06T13:42:29.366Z,2026-04-06T13:42:29.366Z
1037wiki_download_2026-07-01_assumed_archived,assumed_downloaded_archived,69d3b3c5d40f2133774f9ba3,大数据算法综合实践知识点总结,课程,大数据算法综合实践,计算机科学与技术,冰岩作坊,69955429d30401dc130fd331,6,6,2364109,2.255,6,0,0,11,0,2026-04-06T13:23:17.405Z,2026-04-06T13:23:17.405Z
1037wiki_download_2026-07-01_assumed_archived,assumed_downloaded_archived,6a42eb785e75a9a64e046738,数据结构与算法（生科院）PPT,课程,数据结构与算法,生物信息学,匿名用户,000000000000000000000000,18,18,17961472,17.129,18,0,0,10,0,2026-06-29T22:02:32.303Z,2026-06-29T22:02:32.303Z
1037wiki_download_2026-07-01_assumed_archived,assumed_downloaded_archived,6a239a4382ff2e3e38551afd,数据科学导论课程资料-23级,课程,软件学院软件工程资料,软件工程,qi1940,6a2391d482ff2e3e38551af0,4,4,72316376,68.966,4,0,0,10,0,2026-06-06T03:55:47.664Z,2026-06-06T03:55:47.664Z
1037wiki_download_2026-07-01_assumed_archived,assumed_downloaded_archived,69e37b3f60eea1e5305c5d92,硬件综合课程设计实验资料,课程,硬件综合课程设计,计算机科学与技术,冰岩作坊,69955429d30401dc130fd331,2,2,7199827,6.866,2,0,0,10,0,2026-04-18T12:38:23.528Z,
1037wiki_download_2026-07-01_assumed_archived,assumed_downloaded_archived,69d4f3c66bad0622e6cc9a43,计科数字图像处理课件,课程,数字图像处理,计算机科学与技术,冰岩作坊,69955429d30401dc130fd331,6,6,13583482,12.954,6,0,0,10,0,2026-04-07T12:08:38.866Z,2026-04-07T12:08:38.866Z
1037wiki_download_2026-07-01_assumed_archived,assumed_downloaded_archived,69d4ec546bad0622e6cc9a02,计算机网络与通信实验,课程,计算机网络与通信,计算机科学与技术,冰岩作坊,69955429d30401dc130fd331,4,4,50544768,48.203,4,0,0,10,0,2026-04-07T11:36:52.145Z,2026-04-07T11:36:52.145Z
1037wiki_download_2026-07-01_assumed_archived,assumed_downloaded_archived,69d4ec316bad0622e6cc99fd,计算机网络与通信试卷,课程,计算机网络与通信,计算机科学与技术,冰岩作坊,69955429d30401dc130fd331,21,21,49211406,46.932,21,0,0,10,0,2026-04-07T11:36:17.474Z,2026-04-07T11:36:17.474Z
1037wiki_download_2026-07-01_assumed_archived,assumed_downloaded_archived,69d4d50d8dcd7ed69ef303ea,财务报表第三次作业,课程,财务报表,计算机科学与技术,冰岩作坊,69955429d30401dc130fd331,9,9,4934869,4.706,9,2,0,10,0,2026-04-07T09:57:33.184Z,2026-04-07T09:57:33.184Z
1037wiki_download_2026-07-01_assumed_archived,assumed_downloaded_archived,69d3b43dd40f2133774f9ba8,大数据系统综合实践,课程,大数据系统综合实践,计算机科学与技术,冰岩作坊,69955429d30401dc130fd331,3,3,3280005,3.128,3,0,0,10,0,2026-04-06T13:25:17.525Z,2026-04-06T13:25:17.525Z
1037wiki_download_2026-07-01_assumed_archived,assumed_downloaded_archived,6a42ece75e75a9a64e046745,人工智能微生物组学,课程,aimro,生物信息学,匿名用户,000000000000000000000000,7,7,56932675,54.295,7,0,0,9,0,2026-06-29T22:08:39.419Z,2026-06-29T22:08:39.419Z
1037wiki_download_2026-07-01_assumed_archived,assumed_downloaded_archived,6a42e89f5e75a9a64e04671c,分子生物学PPT（生科院）（2025年版）,课程,分子生物学,生物信息学,匿名用户,000000000000000000000000,18,18,385315170,367.465,18,0,0,9,0,2026-06-29T21:50:23.864Z,2026-06-29T21:50:23.864Z
1037wiki_download_2026-07-01_assumed_archived,assumed_downloaded_archived,6a36304e0c3e53a8e9814767,工程材料学,课程,工程材料学,能源与动力工程,匿名用户,000000000000000000000000,4,4,144610583,137.911,4,0,0,9,0,2026-06-20T06:16:46.447Z,2026-06-20T06:16:46.447Z
1037wiki_download_2026-07-01_assumed_archived,assumed_downloaded_archived,6a2ea9790c3e53a8e981391b,生物信息学试卷,课程,生物信息学,生物信息学,匿名用户,000000000000000000000000,2,2,529795,0.505,2,0,0,9,0,2026-06-14T13:15:37.211Z,2026-06-14T13:15:37.211Z
1037wiki_download_2026-07-01_assumed_archived,assumed_downloaded_archived,6a2399d982ff2e3e38551afc,数据科学导论课程资料-23级,课程,软件学院软件工程资料,软件工程,qi1940,6a2391d482ff2e3e38551af0,4,4,72316376,68.966,4,0,0,9,0,2026-06-06T03:54:01.305Z,2026-06-06T03:54:01.305Z
1037wiki_download_2026-07-01_assumed_archived,assumed_downloaded_archived,6a42f2bf5e75a9a64e046771,剑雅4-18真题（2）,技能考试,雅思,生物信息学,匿名用户,000000000000000000000000,15,15,1297965010,1237.836,15,0,0,8,0,2026-06-29T22:33:35.22Z,2026-06-29T22:33:35.22Z
1037wiki_download_2026-07-01_assumed_archived,assumed_downloaded_archived,6a2c2abe0c3e53a8e9813555,理论力学 课件,课程,理论力学,机械设计制造及其自动化,昧光,6a1ee64c82ff2e3e3855136d,11,11,182223273,173.782,11,0,0,8,0,2026-06-12T15:50:22.167Z,2026-06-12T15:50:22.167Z
1037wiki_download_2026-07-01_assumed_archived,assumed_downloaded_archived,6a2babaf0c3e53a8e981335e,集成量子力学两道真题,课程,量子力学,电子科学与技术,xsg,6a1ed4c182ff2e3e3855123f,1,1,2047414,1.953,1,0,0,8,0,2026-06-12T06:48:15.59Z,2026-06-12T06:48:15.59Z
1037wiki_download_2026-07-01_assumed_archived,assumed_downloaded_archived,69ef7900804bd87c7e21c220,高分子材料课程资料,课程,高分子材料,材料科学与工程,Rochann,69ee2531aea294ac499adbdf,6,6,50737228,48.387,6,0,0,8,0,2026-04-27T14:56:00.299Z,2026-04-27T14:56:00.299Z
1037wiki_download_2026-07-01_assumed_archived,assumed_downloaded_archived,69ef7815804bd87c7e21c216,先进金属材料课程资料,课程,先进金属材料,材料科学与工程,Rochann,69ee2531aea294ac499adbdf,2,2,49351972,47.066,2,0,0,8,0,2026-04-27T14:52:05.929Z,2026-04-27T14:52:05.929Z
1037wiki_download_2026-07-01_assumed_archived,assumed_downloaded_archived,69e376c060eea1e5305c5d7a,计算机院算法设计与分析实验资料,课程,算法设计与分析,计算机科学与技术,冰岩作坊,69955429d30401dc130fd331,3,3,1879087,1.792,3,0,0,8,0,2026-04-18T12:19:12.058Z,
1037wiki_download_2026-07-01_assumed_archived,assumed_downloaded_archived,69d5b5e36bad0622e6cc9ac9,程序设计课设参考,课程,程序设计,计算机科学与技术,冰岩作坊,69955429d30401dc130fd331,10,10,6034313,5.755,6,4,0,8,0,2026-04-08T01:56:51.123Z,2026-04-08T01:56:51.123Z
1037wiki_download_2026-07-01_assumed_archived,assumed_downloaded_archived,69d4f6ba6bad0622e6cc9a86,建筑设计资料,课程,建筑设计,计算机科学与技术,冰岩作坊,69955429d30401dc130fd331,1,1,53000265,50.545,0,1,0,8,0,2026-04-07T12:21:14.335Z,2026-04-07T12:21:14.335Z
1037wiki_download_2026-07-01_assumed_archived,assumed_downloaded_archived,69d3b1fdd40f2133774f9b9a,大数据处理报告,课程,大数据处理,计算机科学与技术,冰岩作坊,69955429d30401dc130fd331,1,1,6384665,6.089,0,1,0,8,0,2026-04-06T13:15:41.481Z,2026-04-06T13:15:41.481Z
1037wiki_download_2026-07-01_assumed_archived,assumed_downloaded_archived,6a43759f5e75a9a64e046a2d,单片机作业答案参考,课程,单片机,微电子科学与工程,山南awa,69fc401dd0537a25e4ceaa8a,5,5,139799,0.133,0,5,0,7,0,2026-06-30T07:51:59.605Z,2026-06-30T07:51:59.605Z
1037wiki_download_2026-07-01_assumed_archived,assumed_downloaded_archived,6a43754d5e75a9a64e046a27,集成电路学院单片机课件,课程,单片机,微电子科学与工程,山南awa,69fc401dd0537a25e4ceaa8a,7,7,20306944,19.366,0,7,0,7,0,2026-06-30T07:50:37.701Z,2026-06-30T07:50:37.701Z
1037wiki_download_2026-07-01_assumed_archived,assumed_downloaded_archived,6a42919b5e75a9a64e046651,集成电路学院数电操作考试,课程,模电 数电实验,微电子科学与工程,Wan,69f38621278f98cd88588bef,1,1,32640,0.031,0,1,0,7,0,2026-06-29T15:39:07.029Z,2026-06-29T15:39:07.029Z
1037wiki_download_2026-07-01_assumed_archived,assumed_downloaded_archived,69e3742760eea1e5305c5d60,思想政治复习资料,课程,思想政治,计算机科学与技术,冰岩作坊,69955429d30401dc130fd331,7,7,6668039,6.359,6,1,0,7,0,2026-04-18T12:08:07.937Z,
1037wiki_download_2026-07-01_assumed_archived,assumed_downloaded_archived,69d51e7e6bad0622e6cc9abd,城乡生态与环境规划重点梳理,课程,城乡生态与环境规划,计算机科学与技术,冰岩作坊,69955429d30401dc130fd331,2,2,803019,0.766,2,0,0,7,0,2026-04-07T15:10:54.139Z,2026-04-07T15:10:54.139Z
1037wiki_download_2026-07-01_assumed_archived,assumed_downloaded_archived,69d4d4238dcd7ed69ef303d4,资产负债表分析课件,课程,财务报表,计算机科学与技术,冰岩作坊,69955429d30401dc130fd331,5,5,99939240,95.309,5,0,0,7,0,2026-04-07T09:53:39.234Z,2026-04-07T09:53:39.234Z
1037wiki_download_2026-07-01_assumed_archived,assumed_downloaded_archived,6a40db2b5e75a9a64e045b3e,药剂学,课程,药剂学,生物制药,沃尔玛购物袋,6a3371860c3e53a8e98143b3,16,16,206392406,196.831,16,0,0,6,0,2026-06-28T08:28:27.111Z,2026-06-30T08:26:18.794Z
1037wiki_download_2026-07-01_assumed_archived,assumed_downloaded_archived,6a42e4015e75a9a64e0466db,2025年药学基础题库,课程,药学基础,生物信息学,匿名用户,000000000000000000000000,2,2,803840,0.767,2,0,0,6,0,2026-06-29T21:30:41.892Z,2026-06-29T21:30:41.892Z
1037wiki_download_2026-07-01_assumed_archived,assumed_downloaded_archived,6a42e3015e75a9a64e0466d5,基因组学知识梳理,课程,基因组学,生物信息学,匿名用户,000000000000000000000000,1,1,12288819,11.72,1,0,0,6,0,2026-06-29T21:26:25.54Z,2026-06-29T21:26:25.54Z
1037wiki_download_2026-07-01_assumed_archived,assumed_downloaded_archived,6a40e48c5e75a9a64e045ba3,web应用开发PPT与相关资料,课程,web应用开发,大数据管理与应用,沉默的学渣,69fc83c7d0537a25e4ceaabb,16,16,21589466,20.589,16,0,0,6,0,2026-06-28T09:08:28.473Z,2026-06-28T09:08:28.473Z
1037wiki_download_2026-07-01_assumed_archived,assumed_downloaded_archived,6a2cc66d0c3e53a8e981356b,集成电路学院专业认知实验报告,课程,专业认知实验,微电子科学与工程,山南awa,69fc401dd0537a25e4ceaa8a,1,1,1505049,1.435,1,0,0,6,0,2026-06-13T02:54:37.51Z,2026-06-13T02:54:37.51Z
1037wiki_download_2026-07-01_assumed_archived,assumed_downloaded_archived,6a2892190c3e53a8e9812f76,拉扎维CMOS模拟集成电路第二版答案,课程,模拟集成电路,集成电路设计与集成系统,知子风,6a26702482ff2e3e38551d9f,1,1,71770176,68.445,1,0,0,6,0,2026-06-09T22:22:17.981Z,2026-06-09T22:22:17.981Z
1037wiki_download_2026-07-01_assumed_archived,assumed_downloaded_archived,69e399a57259460bd01c6f29,社会网络与计算课件,课程,社会网络与计算,计算机科学与技术,冰岩作坊,69955429d30401dc130fd331,12,12,23363072,22.281,12,0,0,6,0,2026-04-18T14:48:05.6Z,
1037wiki_download_2026-07-01_assumed_archived,assumed_downloaded_archived,69d51c576bad0622e6cc9aa7,城市居住区规划设计标准,课程,城市地理,计算机科学与技术,冰岩作坊,69955429d30401dc130fd331,2,2,8983730,8.568,2,0,0,6,0,2026-04-07T15:01:43.963Z,2026-04-07T15:01:43.963Z
1037wiki_download_2026-07-01_assumed_archived,assumed_downloaded_archived,69d4f66e6bad0622e6cc9a81,计科计算思维课件,课程,计算思维,计算机科学与技术,冰岩作坊,69955429d30401dc130fd331,12,12,34444688,32.849,12,0,0,6,0,2026-04-07T12:19:58.865Z,2026-04-07T12:19:58.865Z
1037wiki_download_2026-07-01_assumed_archived,assumed_downloaded_archived,69d4e692e97c3e20fbc59bae,国土空间总体规划原理,课程,国土空间总体规划原理,计算机科学与技术,冰岩作坊,69955429d30401dc130fd331,2,2,73314714,69.918,2,0,0,6,0,2026-04-07T11:12:18.366Z,2026-04-07T11:12:18.366Z
1037wiki_download_2026-07-01_assumed_archived,assumed_downloaded_archived,69d4d3de8dcd7ed69ef303d2,财务报表分析概论课件,课程,财务报表,计算机科学与技术,冰岩作坊,69955429d30401dc130fd331,4,4,65620485,62.581,4,0,0,6,0,2026-04-07T09:52:30.294Z,2026-04-07T09:52:30.294Z
1037wiki_download_2026-07-01_assumed_archived,assumed_downloaded_archived,69d4cd2b69b93dbcf66e977f,企业财务报表分析的基本方法课件,课程,财务报表,计算机科学与技术,冰岩作坊,69955429d30401dc130fd331,4,4,23555964,22.465,4,0,0,6,0,2026-04-07T09:23:55.556Z,2026-04-07T09:23:55.556Z
1037wiki_download_2026-07-01_assumed_archived,assumed_downloaded_archived,6a42eda85e75a9a64e046750,蛋白质组学PPT,课程,蛋白质组学,生物信息学,匿名用户,000000000000000000000000,9,9,120430181,114.851,9,0,0,5,0,2026-06-29T22:11:52.867Z,2026-06-29T22:11:52.867Z
1037wiki_download_2026-07-01_assumed_archived,assumed_downloaded_archived,6a42e8a25e75a9a64e04671d,分子生物学PPT（生科院）（2025年版）,课程,分子生物学,生物信息学,匿名用户,000000000000000000000000,18,18,385315170,367.465,18,0,0,5,0,2026-06-29T21:50:26.143Z,2026-06-29T21:50:26.143Z
1037wiki_download_2026-07-01_assumed_archived,assumed_downloaded_archived,6a2fa4cc0c3e53a8e9813afd,材料加工工程资料（含2套绝赞真题）,课程,材料加工工程,材料成型及控制工程,Pestooooo,6a1ebd8682ff2e3e385510e2,7,7,2330883,2.223,7,0,0,5,0,2026-06-15T07:07:56.798Z,2026-06-15T07:07:56.798Z
1037wiki_download_2026-07-01_assumed_archived,assumed_downloaded_archived,69e39acf7259460bd01c6f32,税制与税务课件,课程,税制与税务,计算机科学与技术,冰岩作坊,69955429d30401dc130fd331,6,6,19740168,18.826,6,0,0,5,0,2026-04-18T14:53:03.933Z,
1037wiki_download_2026-07-01_assumed_archived,assumed_downloaded_archived,6a42e92e5e75a9a64e046721,生信资源与实践PPT（2025）,课程,生信资源与实践,生物信息学,匿名用户,000000000000000000000000,1,1,47245327,45.057,1,0,0,4,0,2026-06-29T21:52:46.224Z,2026-06-29T21:52:46.224Z
1037wiki_download_2026-07-01_assumed_archived,assumed_downloaded_archived,6a42e8a45e75a9a64e04671e,分子生物学PPT（生科院）（2025年版）,课程,分子生物学,生物信息学,匿名用户,000000000000000000000000,18,18,385315170,367.465,18,0,0,4,0,2026-06-29T21:50:28.543Z,2026-06-29T21:50:28.543Z
1037wiki_download_2026-07-01_assumed_archived,assumed_downloaded_archived,6a42e52f5e75a9a64e0466e1,定量生理学26年试卷（回忆版）,课程,定量生理学,生物信息学,匿名用户,000000000000000000000000,3,3,318925,0.304,3,0,0,4,0,2026-06-29T21:35:43.981Z,2026-06-29T21:35:43.981Z
1037wiki_download_2026-07-01_assumed_archived,assumed_downloaded_archived,6a3f6d775e75a9a64e045624,《新视野大学英语》第四版听力资料原文。,课程,大学英语,电气工程及其自动化,Cosed,6a3b6ad75e75a9a64e044863,3,3,116247,0.111,3,0,0,4,0,2026-06-27T06:28:07.41Z,2026-06-27T06:28:07.41Z
1037wiki_download_2026-07-01_assumed_archived,assumed_downloaded_archived,6a376fb90c3e53a8e9814ab4,无机化学,课程,无机化学,生物制药,沃尔玛购物袋,6a3371860c3e53a8e98143b3,17,17,167139559,159.397,17,0,0,4,0,2026-06-21T04:59:37.41Z,2026-06-21T04:59:37.41Z
1037wiki_download_2026-07-01_assumed_archived,assumed_downloaded_archived,6a239ccd82ff2e3e38551b17,计算机安全技术课程PPT,课程,计算机安全技术,软件工程,qi1940,6a2391d482ff2e3e38551af0,14,14,25390199,24.214,14,0,0,4,0,2026-06-06T04:06:37.687Z,2026-06-06T04:06:37.687Z
1037wiki_download_2026-07-01_assumed_archived,assumed_downloaded_archived,6a2395cf82ff2e3e38551af4,软件体系结构课程资料-23级,课程,软件学院软件工程资料,软件工程,qi1940,6a2391d482ff2e3e38551af0,1,1,9810962,9.356,1,0,0,4,0,2026-06-06T03:36:47.268Z,2026-06-06T03:36:47.268Z
1037wiki_download_2026-07-01_assumed_archived,assumed_downloaded_archived,69e39b377259460bd01c6f38,税制与税务习题与答案,课程,税制与税务,计算机科学与技术,冰岩作坊,69955429d30401dc130fd331,5,5,15121126,14.421,5,0,0,4,0,2026-04-18T14:54:47.831Z,
1037wiki_download_2026-07-01_assumed_archived,assumed_downloaded_archived,69e399bf7259460bd01c6f2a,社会网络与计算课件,课程,社会网络与计算,计算机科学与技术,冰岩作坊,69955429d30401dc130fd331,12,12,23363072,22.281,12,0,0,4,0,2026-04-18T14:48:31.643Z,
1037wiki_download_2026-07-01_assumed_archived,assumed_downloaded_archived,69e44ef07259460bd01c6f65,华为求职资料,求职,求职相关,计算机科学与技术,冰岩作坊,69955429d30401dc130fd331,5,5,11278850,10.756,5,0,0,3,0,2026-04-19T03:41:36.967Z,
1037wiki_download_2026-07-01_assumed_archived,assumed_downloaded_archived,69d51d3d6bad0622e6cc9ab9,城市绿地规范文件,课程,城市绿地规划,计算机科学与技术,冰岩作坊,69955429d30401dc130fd331,4,4,7129870,6.8,4,0,0,3,0,2026-04-07T15:05:33.729Z,2026-04-07T15:05:33.729Z
1037wiki_download_2026-07-01_assumed_archived,assumed_downloaded_archived,69d51ceb6bad0622e6cc9ab4,城市绿地规划课件,课程,城市绿地规划,计算机科学与技术,冰岩作坊,69955429d30401dc130fd331,11,11,88192470,84.107,11,0,0,3,0,2026-04-07T15:04:11.48Z,2026-04-07T15:04:11.48Z
1037wiki_download_2026-07-01_assumed_archived,assumed_downloaded_archived,69d4fa6d6bad0622e6cc9a9d,城市地理学课件,课程,城市地理,计算机科学与技术,冰岩作坊,69955429d30401dc130fd331,1,1,4986193,4.755,1,0,0,3,0,2026-04-07T12:37:01.056Z,2026-04-07T12:37:01.056Z
1037wiki_download_2026-07-01_assumed_archived,assumed_downloaded_archived,69d4f2036bad0622e6cc9a25,数据可视化技术实验,课程,数据可视化技术,计算机科学与技术,冰岩作坊,69955429d30401dc130fd331,3,3,10313596,9.836,3,0,0,3,0,2026-04-07T12:01:07.701Z,2026-04-07T12:01:07.701Z
1037wiki_download_2026-07-01_assumed_archived,assumed_downloaded_archived,6a42eca65e75a9a64e04673c,化学与生物传感器,课程,化学与生物传感器,生物信息学,匿名用户,000000000000000000000000,1,1,4628013,4.414,1,0,0,2,0,2026-06-29T22:07:34.24Z,2026-06-29T22:07:34.24Z
1037wiki_download_2026-07-01_assumed_archived,assumed_downloaded_archived,6a42ea6c5e75a9a64e046724,系统生物学PPT,课程,系统生物学,生物信息学,匿名用户,000000000000000000000000,1,1,168815667,160.995,1,0,0,2,0,2026-06-29T21:58:04.094Z,2026-06-29T21:58:04.094Z
1037wiki_download_2026-07-01_assumed_archived,assumed_downloaded_archived,6a4137fd5e75a9a64e045e6f,线性代数（A）,课程,线性代数,生物制药,沃尔玛购物袋,6a3371860c3e53a8e98143b3,28,28,37308259,35.58,28,0,0,2,0,2026-06-28T15:04:29.182Z,2026-06-28T15:04:29.182Z
1037wiki_download_2026-07-01_assumed_archived,assumed_downloaded_archived,6a239e6f82ff2e3e38551b26,复杂性科学基础,课程,复杂性科学基础,软件工程,qi1940,6a2391d482ff2e3e38551af0,13,13,98515307,93.952,13,0,0,2,0,2026-06-06T04:13:35.233Z,2026-06-06T04:13:35.233Z
1037wiki_download_2026-07-01_assumed_archived,assumed_downloaded_archived,69e3739b60eea1e5305c5d58,思想政治知识点总结,课程,思想政治,计算机科学与技术,冰岩作坊,69955429d30401dc130fd331,31,31,103018936,98.247,31,0,0,2,0,2026-04-18T12:05:47.237Z,
