source_rel,upload_file_id,upload_page_titles,plan_page_title,parent_category,subject,material_category,filename,size_mb,summary
习思想_习概/1.docx,6a0724caabfe09661dcd8b29,习思想_习概课程资料,习思想_习概课程资料,课程,习思想_习概,课程资料,1.docx,0.02,文档系统总结了习近平新时代中国特色社会主义思想的核心内容，包括政治准则、思想政治基础、理论核心、实践方略、实践成果和立场观点方法。
习思想_习概/2024-2025秋 习概A卷 回忆版.pdf,"{""id"": ""69956db3e01ad802e5336f1e"", ""reused_existing"": true}",,习思想_习概往年题,课程,习思想_习概,往年题,2024-2025秋 习概A卷 回忆版.pdf,0.25,华中科技大学2024-2025学年第一学期《习近平新时代中国特色社会主义思想概论》A卷回忆版，开卷考试，时长120分钟。包含20道单项选择题，覆盖新时代社会主要矛盾、思想建党、马克思主义中国化时代化、文化自信、总体国家安全观、教育定位、新时代课题、实体经济、六个必须坚持、四个全面、新发展阶段、新发展格局、统一战线、全面依法治国、人民之问、自我革命、生态文明等核心知识点。
习思想_习概/2024-2025秋 习概A卷ai答案.docx,"{""id"": ""6a0724c7abfe09661dcd8b24"", ""reused_existing"": true}",,习思想_习概往年题,课程,习思想_习概,往年题,2024-2025秋 习概A卷ai答案.docx,0.02,2024-2025秋季学期《习近平新时代中国特色社会主义思想概论》A卷试题答案与解析，涵盖单项选择题和多项选择题，涉及历史方位、思想建党、马克思主义中国化、文化自信、总体国家安全观、教育定位、时代课题、经济发展着力点、世界观方法论、战略布局、新发展阶段、新发展格局、统一战线、全面依法治国、自我革命、生态文明、战略安排等知识点。
习思想_习概/《习概》单选多选混合题库（页面重排） (1).pdf,"{""id"": ""69956db5e01ad802e5336f1f"", ""reused_existing"": true}",,习思想_习概往年题,课程,习思想_习概,往年题,《习概》单选多选混合题库（页面重排） (1).pdf,8.15,《习概》单选多选混合题库，包含单选题和多选题，适用于习概课程复习与考试练习。
习思想_习概/《习概》单选多选混合题库（页面重排）.pdf,"{""id"": ""69956db5e01ad802e5336f1f"", ""reused_existing"": true}",,习思想_习概往年题,课程,习思想_习概,往年题,《习概》单选多选混合题库（页面重排）.pdf,8.15,《习概》单选多选混合题库，包含单选题和多选题，适用于习概课程复习与考试准备。
习思想_习概/《习概》单选题题库.pdf,"{""id"": ""6a0724c7abfe09661dcd8b25"", ""reused_existing"": true}",,习思想_习概往年题,课程,习思想_习概,往年题,《习概》单选题题库.pdf,0.31,《习概》单选题题库，涵盖导论、新时代坚持发展中国特色社会主义总任务、坚持党的全面领导、坚持以人民为中心等章节，包含选择题及参考答案，适用于课程复习与考试准备。
习思想_习概/中共中央关于制定国民经济和社会发展第十五个五年规划的建议（全文+划重点）(1).pdf,6a0724beabfe09661dcd8b19,习思想_习概复习资料,习思想_习概复习资料,课程,习思想_习概,复习资料,中共中央关于制定国民经济和社会发展第十五个五年规划的建议（全文+划重点）(1).pdf,0.69,中共中央关于制定国民经济和社会发展第十五个五年规划的建议，于2025年10月23日由中国共产党第二十届中央委员会第四次全体会议通过。文件分析了国际国内形势，总结了十四五时期成就，明确了十五五时期作为基本实现社会主义现代化关键时期的定位，提出了指导方针和主要目标，强调贯彻习近平新时代中国特色社会主义思想，推动高质量发展。全文包含划重点内容，便于学习理解。
习思想_习概/中共中央关于进一步全面深化改革，推进中国式现代化的决定.pdf,6a0724ccabfe09661dcd8b2a,习思想_习概课程资料,习思想_习概课程资料,课程,习思想_习概,课程资料,中共中央关于进一步全面深化改革，推进中国式现代化的决定.pdf,32.53,中共中央关于进一步全面深化改革、推进中国式现代化的决定，是指导当前和今后一个时期改革发展的纲领性文件，涵盖经济、政治、文化、社会、生态文明等各领域改革部署。
习思想_习概/中国共产党第二十届中央委员会第四次全体会议公报 (1).pdf,6a0724cdabfe09661dcd8b2b,习思想_习概课程资料,习思想_习概课程资料,课程,习思想_习概,课程资料,中国共产党第二十届中央委员会第四次全体会议公报 (1).pdf,0.2,中国共产党第二十届中央委员会第四次全体会议于2025年10月20日至23日在北京举行，审议通过了《中共中央关于制定国民经济和社会发展第十五个五年规划的建议》，强调以中国式现代化全面推进中华民族伟大复兴，提出“十五五”时期经济社会发展的主要目标和原则。
习思想_习概/中国共产党第二十届中央委员会第四次全体会议公报.pdf,6a0724cdabfe09661dcd8b2c,习思想_习概课程资料,习思想_习概课程资料,课程,习思想_习概,课程资料,中国共产党第二十届中央委员会第四次全体会议公报.pdf,0.28,中国共产党第二十届中央委员会第四次全体会议于2025年10月20日至23日在北京举行，审议通过了《中共中央关于制定国民经济和社会发展第十五个五年规划的建议》。全会高度评价“十四五”时期成就，强调“十五五”时期是基本实现社会主义现代化夯实基础的关键时期，并提出了主要目标和原则。
习思想_习概/中国共产党第二十届中央委员会第四次全体会议战略全景与“十五五”规划深度解析报告.docx,"{""id"": ""6a0724c4abfe09661dcd8b21"", ""reused_existing"": true}",,习思想_习概实验资料,课程,习思想_习概,实验资料,中国共产党第二十届中央委员会第四次全体会议战略全景与“十五五”规划深度解析报告.docx,4.63,该报告深入解析了二十届四中全会战略全景与“十五五”规划，涵盖会议议程、政治逻辑、发展环境研判、核心目标、科技创新、新质生产力、经济体制改革及高水平对外开放等核心内容。
习思想_习概/习概开卷必带资料(1).pdf,"{""id"": ""69956dcfe01ad802e5336f26"", ""reused_existing"": true}",,习思想_习概往年题,课程,习思想_习概,往年题,习概开卷必带资料(1).pdf,0.84,该资料为习概课程期末复习参考资料，涵盖习近平新时代中国特色社会主义思想创立的时代背景、'两个结合'的重大成果、主要内容（十个明确、十四个坚持、十三个方面成就、六个必须坚持）、历史地位及'两个确立'的内涵与意义。
习思想_习概/习概开卷必带资料.pdf,"{""id"": ""69956dcfe01ad802e5336f26"", ""reused_existing"": true}",,习思想_习概往年题,课程,习思想_习概,往年题,习概开卷必带资料.pdf,0.84,该资料为习概课程开卷考试复习资料，涵盖习近平新时代中国特色社会主义思想创立的时代背景、两个结合、主要内容（十个明确、十四个坚持、十三个方面成就、六个必须坚持）、历史地位及两个确立的内涵与意义。
习思想_习概/习概提纲（重排版+二十大报告） (1).pdf,"{""id"": ""69956dd2e01ad802e5336f29"", ""reused_existing"": true}",,习思想_习概实验资料,课程,习思想_习概,实验资料,习概提纲（重排版+二十大报告） (1).pdf,1.15,该文件为《习概提纲（重排版+二十大报告）》，包含导论及第一章内容，涵盖习近平新时代中国特色社会主义思想创立的时代背景、两个结合、主要内容、历史地位、两个确立，以及新时代坚持和发展中国特色社会主义、中国式现代化与中华民族伟大复兴等核心知识点。
习思想_习概/习概提纲（重排版+二十大报告）.pdf,"{""id"": ""69956dd2e01ad802e5336f29"", ""reused_existing"": true}",,习思想_习概实验资料,课程,习思想_习概,实验资料,习概提纲（重排版+二十大报告）.pdf,1.15,该文件为《习概》课程提纲，重排版并融入二十大报告内容。涵盖导论及第一章，包括时代背景、两个结合、主要内容、历史地位、两个确立、中国特色社会主义道路、新时代、四个自信、社会主要矛盾、伟大变革、五位一体、四个全面等核心知识点，适合复习备考。
习思想_习概/习概画重点(1).docx,"{""id"": ""6a0724c8abfe09661dcd8b26"", ""reused_existing"": true}",,习思想_习概往年题,课程,习思想_习概,往年题,习概画重点(1).docx,0.06,该文档为《习近平新时代中国特色社会主义思想概论》课程的重点整理，涵盖导论及前七章核心考点，包括两个结合、六个必须坚持、四个自信、新时代内涵、中国式现代化特征、党的领导优势、人民立场、共同富裕、全面深化改革、新发展理念等，适合期末复习使用。
习思想_习概/习概资料(1).docx,6a0724beabfe09661dcd8b1a,习思想_习概复习资料,习思想_习概复习资料,课程,习思想_习概,复习资料,习概资料(1).docx,0.02,该文档为习概课程资料，涵盖导论及前八章内容，包括习近平新时代中国特色社会主义思想的时代背景、历史地位、核心内容，以及新时代坚持和发展中国特色社会主义、中国式现代化、党的全面领导、以人民为中心、全面深化改革开放、高质量发展、教育科技人才战略、全过程人民民主等知识点。
习思想_习概/习概资料(2).docx,69956dd2e01ad802e5336f2a,习思想_习概复习资料,习思想_习概复习资料,课程,习思想_习概,复习资料,习概资料(2).docx,0.02,本资料为习概课程导论部分的选择题与填空题汇编，涵盖中国特色社会主义进入新时代、世界大变局、党的理论主题、战略布局、总任务、中国梦、党的领导、以人民为中心、全面深化改革、高质量发展及教育科技人才战略等核心知识点，适合复习备考。
习思想_习概/习近平总书记教育重要论述讲义.pdf,6a0724c9abfe09661dcd8b27,习近平总书记教育重要论述讲义,习近平总书记教育重要论述讲义,课程,习思想_习概,课件,习近平总书记教育重要论述讲义.pdf,0.42,该文本为《习近平总书记教育重要论述讲义》导言部分，阐述了习近平总书记教育重要论述的时代背景，包括全球发展大势、中国特色社会主义进入新时代以及中国教育改革发展历史经验等，强调教育的基础性、先导性、全局性地位和作用。
习思想_习概/二十大报告.pdf,"{""id"": ""6a0724c5abfe09661dcd8b22"", ""reused_existing"": true}",,习思想_习概实验资料,课程,习思想_习概,实验资料,二十大报告.pdf,0.46,习近平代表第十九届中央委员会向党的二十大作报告，总结过去五年工作和新时代十年变革，阐述大会主题，强调高举中国特色社会主义伟大旗帜，全面贯彻新时代中国特色社会主义思想，弘扬伟大建党精神，为全面建设社会主义现代化国家、全面推进中华民族伟大复兴而团结奋斗。
习思想_习概/二十届三中全会报告全文-中共中央关于进一步全面深化改革　推进中国式现代化的决定.docx,"{""id"": ""6a0724c6abfe09661dcd8b23"", ""reused_existing"": true}",,习思想_习概实验资料,课程,习思想_习概,实验资料,二十届三中全会报告全文-中共中央关于进一步全面深化改革　推进中国式现代化的决定.docx,0.04,2024年7月18日，中国共产党第二十届中央委员会第三次全体会议通过《中共中央关于进一步全面深化改革、推进中国式现代化的决定》。该决定阐述了进一步全面深化改革的重要性和必要性，明确了指导思想、总目标，并聚焦经济体制、民主政治、文化强国、人民生活品质、美丽中国、平安中国等六大领域，为推进中国式现代化提供强大动力和制度保障。
习思想_习概/二十届四中全会公报 (1).docx,6a0724ceabfe09661dcd8b2d,习思想_习概课程资料,习思想_习概课程资料,课程,习思想_习概,课程资料,二十届四中全会公报 (1).docx,0.02,中国共产党第二十届中央委员会第四次全体会议于2025年10月在北京举行，审议通过《中共中央关于制定国民经济和社会发展第十五个五年规划的建议》。全会高度评价“十四五”成就，强调“十五五”时期是基本实现社会主义现代化的关键阶段，提出坚持高质量发展、科技自立自强等主要目标，并部署建设现代化产业体系等任务。
习思想_习概/二十届四中全会公报.docx,6a0724ceabfe09661dcd8b2d,习思想_习概课程资料,习思想_习概课程资料,课程,习思想_习概,课程资料,二十届四中全会公报.docx,0.02,中国共产党第二十届中央委员会第四次全体会议于2025年10月在北京举行，审议通过《中共中央关于制定国民经济和社会发展第十五个五年规划的建议》，强调以中国式现代化全面推进中华民族伟大复兴，提出“十五五”时期经济社会发展的主要目标和原则。
习思想_习概/二十届四中公报全文考点梳理(1).pdf,6a0724cfabfe09661dcd8b2e,习思想_习概课程资料,习思想_习概课程资料,课程,习思想_习概,课程资料,二十届四中公报全文考点梳理(1).pdf,0.37,本文为中国共产党第二十届中央委员会第四次全体会议公报全文，于2025年10月23日通过。全会审议通过《中共中央关于制定国民经济和社会发展第十五个五年规划的建议》，强调以中国式现代化全面推进中华民族伟大复兴，提出“十五五”时期经济社会发展主要目标，包括高质量发展、科技自立自强等。
习思想_习概/时政--2026考研政治张修齐时政9页纸.pdf,6a0724bfabfe09661dcd8b1b,习思想_习概复习资料,习思想_习概复习资料,课程,习思想_习概,复习资料,时政--2026考研政治张修齐时政9页纸.pdf,0.29,2026考研政治张修齐时政9页纸，聚焦二十届四中全会及'十五五'规划，涵盖经济、科技、产业体系、新质生产力等核心考点，强调高质量发展、实体经济、科技创新与共同富裕，适用于考研时政复习。
习思想_习概/重点.docx,6a0724c0abfe09661dcd8b1c,习思想_习概复习资料,习思想_习概复习资料,课程,习思想_习概,复习资料,重点.docx,0.02,2025年10月20日至23日，中国共产党第二十届中央委员会第四次全体会议在北京举行。会议审议通过了《中共中央关于制定国民经济和社会发展第十五个五年规划的建议》，明确了“十五五”时期是基本实现社会主义现代化夯实基础的关键时期，提出了“六个坚持”原则、主要目标及重点任务，涵盖现代化产业体系、科技自立自强、扩大内需、改革开放、乡村振兴、绿色转型等领域。
习思想_习概/重点时政--中共中央关于制定国民经济和社会发展第十五个五年规划的建议.pdf,6a0724c1abfe09661dcd8b1d,习思想_习概复习资料,习思想_习概复习资料,课程,习思想_习概,复习资料,重点时政--中共中央关于制定国民经济和社会发展第十五个五年规划的建议.pdf,9.15,该资料为中共中央关于制定国民经济和社会发展第十五个五年规划的建议，属于重点时政文件，适用于习思想与习概学科，帮助理解国家发展规划与政策方向。
习思想_习概/重点时政--中国共产党第二十届中央委员会第四次全体会议公报.pdf,6a0724c2abfe09661dcd8b1e,习思想_习概复习资料,习思想_习概复习资料,课程,习思想_习概,复习资料,重点时政--中国共产党第二十届中央委员会第四次全体会议公报.pdf,2.82,该资料为中国共产党第二十届中央委员会第四次全体会议公报，属于重点时政文件，适用于习思想与习概学科的学习与参考。
习思想_习概/重点详解.docx,6a0724c3abfe09661dcd8b1f,习思想_习概复习资料,习思想_习概复习资料,课程,习思想_习概,复习资料,重点详解.docx,3.97,文件详细阐述了习近平新时代中国特色社会主义思想的时代背景、理论渊源、核心架构（十个明确、十四个坚持、十三个方面成就）以及世界观方法论（六个必须坚持），是习思想/习概课程的重要学习资料。
信号与系统/10  信号处理与信号产生电路.pptx,"{""id"": ""6a072588abfe09661dcd8b4a"", ""reused_existing"": false}",,信号与系统课件,课程,信号与系统,课件,10  信号处理与信号产生电路.pptx,3.64,信号处理与信号产生电路的PPT课件
信号与系统/1_状态表示(1).pdf,"{""id"": ""6a0725a1abfe09661dcd8b55"", ""reused_existing"": false}",,信号与系统课程资料,课程,信号与系统,课程资料,1_状态表示(1).pdf,16.54,信号与系统课程中关于状态表示方法的PDF资料，主要讲解状态变量、状态方程等核心概念，适用于系统分析与建模。
信号与系统/2025-2026 光电信号与系统 参考答案 byCYZ.pdf,69ef21fc804bd87c7e21c167,信号与系统往年题,信号与系统往年题,课程,信号与系统,往年题,2025-2026 光电信号与系统 参考答案 byCYZ.pdf,0.11,2025-2026学年第一学期《信号与系统》期末考试参考答案，包含填空题和选择题的详细解答。
信号与系统/2025年电信信号与系统真题（记忆版）(1).pdf,"{""id"": ""6a0724d1abfe09661dcd8b31"", ""reused_existing"": true}",,信号与系统往年题,课程,信号与系统,往年题,2025年电信信号与系统真题（记忆版）(1).pdf,0.2,2025年电信专业信号与系统真题（记忆版），包含单选题、简答题和计算题，涵盖LTI系统、傅里叶变换、Z变换、系统函数等知识点。
信号与系统/2026  S&S-zsz-Class 02.pdf,"{""id"": ""6a07258aabfe09661dcd8b4b"", ""reused_existing"": false}",,信号与系统课件,课程,信号与系统,课件,2026  S&S-zsz-Class 02.pdf,2.96,信号与系统课程讲义，介绍狄拉克δ函数的定义、性质及其在系统分析中的应用。
信号与系统/2026 S&S--zsz-Class 03.pdf,"{""id"": ""6a0725a4abfe09661dcd8b56"", ""reused_existing"": false}",,信号与系统课程资料,课程,信号与系统,课程资料,2026 S&S--zsz-Class 03.pdf,2.65,"Chapter 1 of Signals & Systems course covering fundamental signal operations: addition, multiplication, shift, scale, fold, integration, derivative."
信号与系统/2026 S&S--zsz-Class 04.pdf,"{""id"": ""6a0725a6abfe09661dcd8b57"", ""reused_existing"": false}",,信号与系统课程资料,课程,信号与系统,课程资料,2026 S&S--zsz-Class 04.pdf,2.29,信号与系统课程第二章：时域模型，涵盖连续/离散时间系统表示、卷积、微分/差分方程求解。
信号与系统/2026 S&S--zsz-Class 05.pdf,"{""id"": ""6a0725a9abfe09661dcd8b58"", ""reused_existing"": false}",,信号与系统课程资料,课程,信号与系统,课程资料,2026 S&S--zsz-Class 05.pdf,3.13,"Chapter 2 of Signals & Systems course covering time-domain models of systems, including input/output representation, convolution, and differential/difference equation models."
信号与系统/2026 S&S-zsz-Class 01.pdf,"{""id"": ""6a07258dabfe09661dcd8b4c"", ""reused_existing"": false}",,信号与系统课件,课程,信号与系统,课件,2026 S&S-zsz-Class 01.pdf,3.9,2026年信号与系统课程第一章基本概念讲义，作者Shaozhe Zhang，华中科技大学。
信号与系统/2026 S&S-zsz-Class 06-1.pdf,"{""id"": ""6a07258fabfe09661dcd8b4d"", ""reused_existing"": false}",,信号与系统课件,课程,信号与系统,课件,2026 S&S-zsz-Class 06-1.pdf,3.16,信号与系统课程讲义，讲解傅里叶级数与傅里叶变换，包括频域分析的意义和滤波器应用。
信号与系统/2026 S&S-zsz-Class 07.pdf,"{""id"": ""6a0725ababfe09661dcd8b59"", ""reused_existing"": false}",,信号与系统课程资料,课程,信号与系统,课程资料,2026 S&S-zsz-Class 07.pdf,2.49,"Chapter 3 of Signals & Systems course covering Fourier series and Fourier transform, including signal decomposition, trigonometric and complex exponential forms, properties, and spectral content."
信号与系统/6  频率响应.pptx,"{""id"": ""6a072597abfe09661dcd8b4e"", ""reused_existing"": false}",,信号与系统课件,课程,信号与系统,课件,6  频率响应.pptx,2.36,关于频率响应的PPT课件，适用于信号与系统课程。
信号与系统/Ch8-Communication-zm.pdf,"{""id"": ""6a0725acabfe09661dcd8b5a"", ""reused_existing"": false}",,信号与系统课程资料,课程,信号与系统,课程资料,Ch8-Communication-zm.pdf,6.52,本章介绍通信系统的基本概念，包括调制与解调的定义、载波的作用，以及通信发展简史中仙农的信息论和贝尔的发明。
信号与系统/Ch9 Laplace transform.pdf,"{""id"": ""6a0725adabfe09661dcd8b5b"", ""reused_existing"": false}",,信号与系统课程资料,课程,信号与系统,课程资料,Ch9 Laplace transform.pdf,5.86,本章介绍拉普拉斯变换，包括定义、收敛域、逆变换、傅里叶变换的几何评估、性质、常见变换对、LTI系统分析与表征、系统函数代数与框图表示，以及单边拉普拉斯变换。
信号与系统/Fundamentals of signals and systems using the Web and MATLAB-Pearson (2014).pdf,"{""id"": ""6a0725aeabfe09661dcd8b5c"", ""reused_existing"": false}",,信号与系统课程资料,课程,信号与系统,课程资料,Fundamentals of signals and systems using the Web and MATLAB-Pearson (2014).pdf,4.65,"Textbook covering fundamental concepts, time-domain models, Fourier series and transform, Fourier analysis of discrete-time signals and systems, with MATLAB applications."
信号与系统/ch0-introduction-zm.pdf,"{""id"": ""6a0725aeabfe09661dcd8b5d"", ""reused_existing"": false}",,信号与系统课程资料,课程,信号与系统,课程资料,ch0-introduction-zm.pdf,2.26,该文本为《信号与系统》课程第0章引言，由赵茗主讲，介绍课程基本信息和核心概念对工程类专业的重要性，引用MIT教授Oppenheim的观点，并提及课程在控制系统、集成电路、信息处理、无线通信等领域的应用基础。
信号与系统/ch1-Signals and Systems-zm.pdf,"{""id"": ""6a072598abfe09661dcd8b4f"", ""reused_existing"": false}",,信号与系统课件,课程,信号与系统,课件,ch1-Signals and Systems-zm.pdf,3.35,本章介绍信号与系统的基本概念，包括连续时间与离散时间信号的数学表示、自变量变换、指数与正弦信号、单位冲激与阶跃函数，以及系统的基本性质。内容涵盖信号举例、系统分类和基本属性，为后续学习奠定基础。
信号与系统/ch2-Linear Time-Invariant Systems-zm.pdf,"{""id"": ""6a0725afabfe09661dcd8b5e"", ""reused_existing"": false}",,信号与系统课程资料,课程,信号与系统,课程资料,ch2-Linear Time-Invariant Systems-zm.pdf,2.38,本章介绍线性时不变系统的基本概念，包括系统的物理定义、输入输出关系以及用于系统分析的多种模型，如原理图、框图与数学模型。
信号与系统/ch3-FS-zm.pdf,"{""id"": ""6a072599abfe09661dcd8b50"", ""reused_existing"": false}",,信号与系统课件,课程,信号与系统,课件,ch3-FS-zm.pdf,9.94,该资料为《信号与系统》第三章傅里叶级数表示周期信号的课程讲义，涵盖历史视角、LTI系统对复指数信号的响应、连续与离散时间周期信号的傅里叶级数表示、收敛性、性质及滤波应用。
信号与系统/ch4-CTFT-zm.pdf,"{""id"": ""6a0725b0abfe09661dcd8b5f"", ""reused_existing"": false}",,信号与系统课程资料,课程,信号与系统,课程资料,ch4-CTFT-zm.pdf,4.08,本章介绍连续时间傅里叶变换（CTFT），包括非周期信号的傅里叶变换表示、周期信号的傅里叶变换、CTFT的性质（如卷积与乘法性质），以及线性常系数微分方程描述的系统。通过将周期信号的傅里叶级数推广到非周期信号，引出傅里叶变换的定义及其应用。
信号与系统/ch5-DTFT-zm.pdf,"{""id"": ""6a07259aabfe09661dcd8b51"", ""reused_existing"": false}",,信号与系统课件,课程,信号与系统,课件,ch5-DTFT-zm.pdf,3.68,本章介绍离散时间傅里叶变换（DTFT），包括非周期信号的表示、周期信号的DTFT、DTFT性质（卷积、乘法、对偶性）以及线性常系数差分方程描述的系统。回顾了离散时间周期信号的傅里叶级数（DFS）表示。
信号与系统/ch7-CT Sampling-zm.pdf,"{""id"": ""6a0725b1abfe09661dcd8b60"", ""reused_existing"": false}",,信号与系统课程资料,课程,信号与系统,课程资料,ch7-CT Sampling-zm.pdf,8.64,本章介绍采样定理，阐述连续时间信号可用离散样本表示的条件，以及如何通过内插恢复原信号。讨论欠采样导致的混叠效应，并涉及离散时间处理连续时间信号及离散时间信号的采样、抽取与内插。运用傅立叶变换分析采样问题。
信号与系统/week1~2 Homework.docx,"{""id"": ""6a0725b1abfe09661dcd8b61"", ""reused_existing"": false}",,信号与系统课程资料,课程,信号与系统,课程资料,week1~2 Homework.docx,0.12,Week 1-2 homework on continuous-time and discrete-time system classification.
信号与系统/信号与系统.pptx,"{""id"": ""6a07259babfe09661dcd8b52"", ""reused_existing"": false}",,信号与系统课件,课程,信号与系统,课件,信号与系统.pptx,14.99,信号与系统课程的PPT演示文稿
信号与系统/信号与系统_14807028.pdf,"{""id"": ""6a0725b4abfe09661dcd8b62"", ""reused_existing"": false}",,信号与系统课程资料,课程,信号与系统,课程资料,信号与系统_14807028.pdf,37.41,信号与系统课程相关PDF文件
信号与系统/信号与系统__auto1.pptx,"{""id"": ""6a07259fabfe09661dcd8b53"", ""reused_existing"": false}",,信号与系统课件,课程,信号与系统,课件,信号与系统__auto1.pptx,74.58,信号与系统课程的PPT文件。
信号与系统/信号与系统参考试题1(2).pdf,"{""id"": ""6a07256fabfe09661dcd8b43"", ""reused_existing"": false}",,信号与系统往年题,课程,信号与系统,往年题,信号与系统参考试题1(2).pdf,0.31,华中科技大学信号与系统闭卷考试试题，包含选择题，涉及绝对可积、时不变系统、卷积、频率成分、奈奎斯特率、z变换等知识点，共100分。
信号与系统/光电&集成信号与系统2024秋答案自制版.pdf,"{""id"": ""69ef21f2804bd87c7e21c166"", ""reused_existing"": true}",,信号与系统往年题,课程,信号与系统,往年题,光电&集成信号与系统2024秋答案自制版.pdf,0.11,2024年秋信号与系统B卷自制解答，涵盖填空题与选择题。填空题涉及拉普拉斯变换求系统函数和单位冲激响应、采样频率计算、帕塞瓦尔定理应用、拉普拉斯变换性质及卷积计算。选择题考察系统稳定性判断、相位保真条件及系统互联后的频率响应。
信号与系统/光电&集成信号与系统2024秋试题回忆版.pdf,"{""id"": ""69ef21c1804bd87c7e21c165"", ""reused_existing"": true}",,信号与系统往年题,课程,信号与系统,往年题,光电&集成信号与系统2024秋试题回忆版.pdf,0.1,2024年秋季学期光学与电子信息学院和集成电路学院《信号与系统》B卷试题回忆版，包含填空题和选择题，涉及线性时不变系统的单位冲激响应、采样频率、能量计算、拉普拉斯变换、系统稳定性与因果性等知识点。
信号与系统/华科2011年《信号与系统》期末试题与答案.pdf,"{""id"": ""6a072571abfe09661dcd8b44"", ""reused_existing"": false}",,信号与系统往年题,课程,信号与系统,往年题,华科2011年《信号与系统》期末试题与答案.pdf,10.35,华中科技大学2011年《信号与系统》期末试题与答案，包含试题和参考答案，适用于复习和自测。
信号与系统/华科2012年《信号与系统》期末试题与答案.pdf,"{""id"": ""6a072572abfe09661dcd8b45"", ""reused_existing"": false}",,信号与系统往年题,课程,信号与系统,往年题,华科2012年《信号与系统》期末试题与答案.pdf,10.99,华中科技大学2012年《信号与系统》期末试题与答案，包含试题及参考答案，适用于复习备考。
信号与系统/华科2013年《信号与系统》期末试题与答案.pdf,"{""id"": ""6a072577abfe09661dcd8b46"", ""reused_existing"": false}",,信号与系统往年题,课程,信号与系统,往年题,华科2013年《信号与系统》期末试题与答案.pdf,11.83,华中科技大学2013年《信号与系统》期末试题与答案，包含试题及参考答案，适用于复习备考。
信号与系统/华科《信号与系统》期末试题.pdf,"{""id"": ""6a072579abfe09661dcd8b47"", ""reused_existing"": false}",,信号与系统往年题,课程,信号与系统,往年题,华科《信号与系统》期末试题.pdf,25.06,华中科技大学《信号与系统》课程期末试题，涵盖信号与系统核心知识点，适合复习备考。
信号与系统/吴大正/信号与系统教案第1章.pdf,"{""id"": ""6a072563abfe09661dcd8b32"", ""reused_existing"": false}",,信号与系统吴大正,课程,信号与系统,吴大正,信号与系统教案第1章.pdf,1.61,该文档为西安电子科技大学《信号与系统》课程第一章电子教案，涵盖信号与系统的基本概念、信号的描述与分类、信号的基本运算、阶跃函数和冲激函数、系统的性质及分类、系统的描述以及LTI系统分析方法概述。
信号与系统/吴大正/信号与系统教案第1章.ppt,"{""id"": ""6a072564abfe09661dcd8b33"", ""reused_existing"": false}",,信号与系统吴大正,课程,信号与系统,吴大正,信号与系统教案第1章.ppt,1.29,信号与系统课程第1章教学PPT，包含基本概念与课程介绍。
信号与系统/吴大正/信号与系统教案第2章.pdf,"{""id"": ""6a072565abfe09661dcd8b34"", ""reused_existing"": false}",,信号与系统吴大正,课程,信号与系统,吴大正,信号与系统教案第2章.pdf,2.22,本章为《信号与系统》第二章，主要介绍连续系统的时域分析方法。内容包括LTI连续系统的响应（微分方程的经典解、0-和0+初始值、零输入响应和零状态响应）、冲激响应和阶跃响应、卷积积分及其性质。通过实例演示了如何求解微分方程的全解，包括齐次解和特解的确定。
信号与系统/吴大正/信号与系统教案第2章.ppt,"{""id"": ""6a072565abfe09661dcd8b35"", ""reused_existing"": false}",,信号与系统吴大正,课程,信号与系统,吴大正,信号与系统教案第2章.ppt,0.67,信号与系统课程第2章的教学PPT，涵盖章节核心概念与内容框架。
信号与系统/吴大正/信号与系统教案第3章.pdf,"{""id"": ""6a072566abfe09661dcd8b36"", ""reused_existing"": false}",,信号与系统吴大正,课程,信号与系统,吴大正,信号与系统教案第3章.pdf,1.78,西安电子科技大学信号与系统课程第三章离散系统的时域分析教案，涵盖LTI离散系统的响应、差分与差分方程、经典解、零输入响应和零状态响应、单位序列响应和阶跃响应、卷积和等内容。
信号与系统/吴大正/信号与系统教案第3章.ppt,"{""id"": ""6a072567abfe09661dcd8b37"", ""reused_existing"": false}",,信号与系统吴大正,课程,信号与系统,吴大正,信号与系统教案第3章.ppt,0.42,信号与系统课程第3章教学PPT，包含教案内容。
信号与系统/吴大正/信号与系统教案第4章.pdf,"{""id"": ""6a072568abfe09661dcd8b38"", ""reused_existing"": false}",,信号与系统吴大正,课程,信号与系统,吴大正,信号与系统教案第4章.pdf,5.1,西安电子科技大学《信号与系统》第四章电子教案，内容涵盖连续系统的频域分析，包括信号正交分解、傅里叶级数、周期与非周期信号的频谱、傅里叶变换及其性质、LTI系统频域分析及取样定理。
信号与系统/吴大正/信号与系统教案第4章.ppt,"{""id"": ""6a072568abfe09661dcd8b39"", ""reused_existing"": false}",,信号与系统吴大正,课程,信号与系统,吴大正,信号与系统教案第4章.ppt,1.49,信号与系统课程第4章的教学PPT课件。
信号与系统/吴大正/信号与系统教案第5章.pdf,"{""id"": ""6a072569abfe09661dcd8b3a"", ""reused_existing"": false}",,信号与系统吴大正,课程,信号与系统,吴大正,信号与系统教案第5章.pdf,3.36,该教案为西安电子科技大学《信号与系统》第五章内容，主要讲解连续系统的s域分析，包括拉普拉斯变换的定义、收敛域、性质、逆变换及复频域分析。通过引入复频率s，将傅里叶变换推广到复频域，解决傅里叶变换的局限性，如对某些信号不存在变换及初始状态处理困难。
信号与系统/吴大正/信号与系统教案第5章.ppt,"{""id"": ""6a07256aabfe09661dcd8b3b"", ""reused_existing"": false}",,信号与系统吴大正,课程,信号与系统,吴大正,信号与系统教案第5章.ppt,0.96,信号与系统课程第5章的教学PPT课件
信号与系统/吴大正/信号与系统教案第6章.pdf,"{""id"": ""6a07256babfe09661dcd8b3c"", ""reused_existing"": false}",,信号与系统吴大正,课程,信号与系统,吴大正,信号与系统教案第6章.pdf,2.94,本章介绍离散系统的z域分析方法，包括z变换的定义、收敛域、性质、逆z变换，以及利用z变换求解差分方程、系统z域框图、卷积和、s域与z域关系、离散系统频率响应等内容。
信号与系统/吴大正/信号与系统教案第6章.ppt,"{""id"": ""6a07256cabfe09661dcd8b3d"", ""reused_existing"": false}",,信号与系统吴大正,课程,信号与系统,吴大正,信号与系统教案第6章.ppt,0.84,信号与系统课程第6章的教学PPT文件。
信号与系统/吴大正/信号与系统教案第7章.pdf,"{""id"": ""6a07256cabfe09661dcd8b3e"", ""reused_existing"": false}",,信号与系统吴大正,课程,信号与系统,吴大正,信号与系统教案第7章.pdf,2.48,本章介绍系统函数的概念及其与系统特性的关系，包括系统函数的零极点分布图、时域响应、收敛域与频率响应。讨论系统的稳定性、信号流图表示以及系统模拟的直接实现、级联实现和并联实现方法。通过例题说明如何从零极点分布图求解系统函数。适用于信号与系统课程学习。
信号与系统/吴大正/信号与系统教案第7章.ppt,"{""id"": ""6a07256dabfe09661dcd8b3f"", ""reused_existing"": false}",,信号与系统吴大正,课程,信号与系统,吴大正,信号与系统教案第7章.ppt,0.68,信号与系统课程第7章的教学PPT课件。
信号与系统/吴大正/信号与系统教案第8章.pdf,"{""id"": ""6a07256eabfe09661dcd8b40"", ""reused_existing"": false}",,信号与系统吴大正,课程,信号与系统,吴大正,信号与系统教案第8章.pdf,2.11,本章介绍系统状态变量分析法，包括状态变量与状态方程的概念、电路状态方程的列写、由输入-输出方程建立状态方程、离散系统状态方程的建立以及连续与离散系统状态方程的解。该方法提供系统内部特性，便于分析多输入多输出系统，并适合计算机数值求解。
信号与系统/吴大正/信号与系统教案第8章.ppt,"{""id"": ""6a07256eabfe09661dcd8b41"", ""reused_existing"": false}",,信号与系统吴大正,课程,信号与系统,吴大正,信号与系统教案第8章.ppt,0.74,信号与系统课程第8章教案PPT
信号与系统/总复习 (1).pdf,"{""id"": ""6a07257aabfe09661dcd8b48"", ""reused_existing"": false}",,信号与系统往年题,课程,信号与系统,往年题,总复习 (1).pdf,8.7,信号与系统课程总复习资料，涵盖考试范围（根轨迹、奈奎斯特判据、FM/PM、单边L/Z变换不考）及考试形式（半开卷，可带计算器），2015年课程组提供。
单片机/2015单片机考试试卷.pdf,"{""id"": ""6a0725bcabfe09661dcd8b68"", ""reused_existing"": false}",,单片机往年题,课程,单片机,往年题,2015单片机考试试卷.pdf,1.07,2015年单片机考试试卷，适用于单片机课程期末复习与自测。
单片机/2016单片机考试试卷.pdf,"{""id"": ""6a0725bdabfe09661dcd8b69"", ""reused_existing"": false}",,单片机往年题,课程,单片机,往年题,2016单片机考试试卷.pdf,1.07,2016年单片机考试试卷，适用于单片机课程期末复习与自测。
单片机/2024.05《单片机原理及应用》复习提纲.docx,"{""id"": ""6a0725bdabfe09661dcd8b6a"", ""reused_existing"": false}",,单片机往年题,课程,单片机,往年题,2024.05《单片机原理及应用》复习提纲.docx,0.04,2024年5月《单片机原理及应用》复习提纲，涵盖单片机概述、内部结构、指令系统、汇编语言程序设计、中断系统、定时/计数器等核心知识点，包括二进制转换、寻址方式、中断响应、定时器方式等，适合期末复习使用。
单片机/华中科技大学·单片机真题合集.pdf,"{""id"": ""6a0725bfabfe09661dcd8b6b"", ""reused_existing"": false}",,单片机往年题,课程,单片机,往年题,华中科技大学·单片机真题合集.pdf,12.12,华中科技大学单片机真题合集，包含历年考试题目，适合复习备考使用。
单片机/单片机复习.pdf,"{""id"": ""6a072993abfe09661dcd8dea"", ""reused_existing"": false}",,单片机复习资料,课程,单片机,复习资料,单片机复习.pdf,95.08,单片机复习资料，涵盖第一章概述（微处理器、存储器、I/O接口、总线、进制转换、BCD码、ASCII码、存储容量）和第二章MCS-51内部结构（总体结构、运算器、控制器、引脚功能、复位电路）。
单片机/单片机微助教考试.docx,"{""id"": ""6a0725bfabfe09661dcd8b6c"", ""reused_existing"": false}",,单片机往年题,课程,单片机,往年题,单片机微助教考试.docx,0.46,单片机微助教考试题目，涉及寄存器寻址与直接寻址的区别，选项分析指出ACC为直接寻址。
单片机/单片机点睛PPT.PPTX,"{""id"": ""6a072995abfe09661dcd8deb"", ""reused_existing"": false}",,单片机复习资料,课程,单片机,复习资料,单片机点睛PPT.PPTX,2.06,单片机课程PPT，包含重点内容梳理。
单片机/单片机综合测试卷(1).pdf,"{""id"": ""6a0725c0abfe09661dcd8b6d"", ""reused_existing"": false}",,单片机往年题,课程,单片机,往年题,单片机综合测试卷(1).pdf,0.33,单片机原理及应用综合测试卷，闭卷考试，包含填空、单选、简答、判断改错、阅读理解等题型，涉及原码反码补码、ADDC指令、堆栈操作、串行通信、中断响应、A/D分辨率等知识点。
单片机/嵌入式编程实践实验指导书（完整版） (2).docx,"{""id"": ""6a0725b9abfe09661dcd8b65"", ""reused_existing"": false}",,单片机实验资料,课程,单片机,实验资料,嵌入式编程实践实验指导书（完整版） (2).docx,48.76,华中科技大学嵌入式编程实践实验指导书，基于GD32F103C8T6芯片，涵盖硬件设备、软件安装、工程创建等步骤。
单片机/第4次实验 综合接口电路设计实验.pptx,"{""id"": ""6a0725baabfe09661dcd8b66"", ""reused_existing"": false}",,单片机实验资料,课程,单片机,实验资料,第4次实验 综合接口电路设计实验.pptx,0.91,第4次实验：综合接口电路设计实验PPT
单片机/芯火班朋辈辅导-单片机-1.pdf,"{""id"": ""6a072996abfe09661dcd8dec"", ""reused_existing"": false}",,单片机复习资料,课程,单片机,复习资料,芯火班朋辈辅导-单片机-1.pdf,4.38,该资料为芯火班朋辈辅导单片机课程的第一部分，由张佳豪主讲，涵盖基础知识、基本结构、汇编指令系统、汇编程序设计和存储器扩展等内容，适合单片机初学者复习巩固。
单片机/集成电路学院2025年考研手册.pdf,"{""id"": ""6a0725c1abfe09661dcd8b6f"", ""reused_existing"": false}",,集成电路学院2025年考研手册,课程,单片机,课程资料,集成电路学院2025年考研手册.pdf,0.9,华中科技大学集成电路学院2025年考研手册，包含考研常识、初试复试准备等。
国家安全教育  答案.docx,"{""id"": ""6a072998abfe09661dcd8dee"", ""reused_existing"": false}",,国家安全教育 答案,课程,国家安全教育  答案,复习资料,国家安全教育  答案.docx,0.02,该文档为《国家安全教育》课程答案，包含选择题和填空题答案，涉及政治安全、经济安全、文化安全、科技安全、数据安全、生物安全、军事安全等多个知识点，年份未明确标注。
复变函数/2017.pdf,"{""id"": ""6a0725c4abfe09661dcd8b73"", ""reused_existing"": false}",,复变函数往年题,课程,复变函数,往年题,2017.pdf,0.16,2017-2018学年第一学期《复变函数与积分变换》课程考试A卷，闭卷，考试时间150分钟。包含12道单选题（每题2分）及解答题，涉及方程求解、对数计算、函数导数、积分、级数展开、留数定理、傅里叶变换等知识点。
复变函数/2017答案.pdf,"{""id"": ""6a0725c4abfe09661dcd8b74"", ""reused_existing"": false}",,复变函数往年题,课程,复变函数,往年题,2017答案.pdf,0.24,2017-2018学年第一学期《复变函数与积分变换》课程考试A卷答案，包含12道单项选择题及一道调和函数与解析函数求解题，涉及复数方程、对数、幂、积分、级数收敛半径、零点、奇点、映射、Fourier变换、卷积等知识点。
复变函数/2018.pdf,"{""id"": ""6a0725c5abfe09661dcd8b75"", ""reused_existing"": false}",,复变函数往年题,课程,复变函数,往年题,2018.pdf,0.46,2018-2019学年第一学期《复变函数与积分变换》课程考试试卷（A卷），闭卷，考试时间2018年12月2日8:30-11:00。包含12道单项选择题（每题2分）及解答题，涉及复数主辐角、幂级数收敛、留数、Fourier变换等知识点。
复变函数/2018答案.pdf,"{""id"": ""6a0725c6abfe09661dcd8b76"", ""reused_existing"": false}",,复变函数往年题,课程,复变函数,往年题,2018答案.pdf,0.97,2018-2019学年第一学期《复变函数与积分变换》课程考试A卷答案，包含单项选择题、调和函数与解析函数、Laurent级数展开、积分计算等题目。
复变函数/2019.pdf,"{""id"": ""6a0725c6abfe09661dcd8b77"", ""reused_existing"": false}",,复变函数往年题,课程,复变函数,往年题,2019.pdf,0.23,华中科技大学2019-2020学年第一学期复变函数与积分变换A卷，闭卷考试，时长150分钟，包含单项选择题，涉及复数运算、解析函数、奇点、幂级数收敛半径、留数、Fourier变换等知识点。
复变函数/2019答案.pdf,"{""id"": ""6a0725c7abfe09661dcd8b78"", ""reused_existing"": false}",,复变函数往年题,课程,复变函数,往年题,2019答案.pdf,0.48,华中科技大学2019-2020学年第一学期复变函数与积分变换考试A卷答案，包含单项选择题（共24分），涉及复数指数表示、解析函数、柯西积分公式、幂级数收敛半径、奇点类型、傅里叶变换等知识点。
复变函数/2020.pdf,"{""id"": ""6a0725c8abfe09661dcd8b79"", ""reused_existing"": false}",,复变函数往年题,课程,复变函数,往年题,2020.pdf,0.27,华中科技大学2020-2021学年第一学期复变函数与积分变换考试试卷（A卷），闭卷，考试日期2020-12-3，时长150分钟。包含12道单项选择题、解析函数求解、Laurent级数展开、积分计算、共形映射等题目。
复变函数/2020答案.pdf,"{""id"": ""69d4e1e5e97c3e20fbc59b5c"", ""reused_existing"": true}",,复变函数往年题,课程,复变函数,往年题,2020答案.pdf,0.88,复变函数2020年课程答案PDF，包含习题解答与考试答案，适用于复习与自测。
复变函数/2021.pdf,"{""id"": ""6a0725c8abfe09661dcd8b7a"", ""reused_existing"": false}",,复变函数往年题,课程,复变函数,往年题,2021.pdf,0.3,华中科技大学2021-2022学年第一学期复变函数与积分变换考试试卷（A卷），闭卷，考试日期2021-11-27，时长150分钟。包含12道单项选择题，涉及复数运算、解析函数、积分、级数、奇点、共形映射、Fourier变换和卷积等知识点。
复变函数/2021答案.pdf,"{""id"": ""69d4e1e6e97c3e20fbc59b5d"", ""reused_existing"": true}",,复变函数往年题,课程,复变函数,往年题,2021答案.pdf,1.11,2021年复变函数课程答案PDF，包含习题解答或考试答案，适用于复习与自测。
复变函数/2022.pdf,"{""id"": ""6a0725c9abfe09661dcd8b7b"", ""reused_existing"": false}",,复变函数往年题,课程,复变函数,往年题,2022.pdf,0.21,华中科技大学2022-2023学年第一学期《复变函数与积分变换》考试试卷（A卷），闭卷，考试时长150分钟。包含12道单项选择题，涉及复数运算、解析函数、积分、级数、孤立奇点、分式线性映射、Fourier变换和卷积等知识点。
复变函数/2022答案.pdf,"{""id"": ""69d4e1e7e97c3e20fbc59b5e"", ""reused_existing"": true}",,复变函数往年题,课程,复变函数,往年题,2022答案.pdf,1.0,复变函数2022年试卷答案，包含试题解答与关键步骤，适用于复习与自测。
复变函数/2023年复变函数与积分变换试题（A卷）.pdf,"{""id"": ""6a0725caabfe09661dcd8b7c"", ""reused_existing"": false}",,复变函数往年题,课程,复变函数,往年题,2023年复变函数与积分变换试题（A卷）.pdf,0.39,华中科技大学2023-2024学年第一学期复变函数与积分变换A卷，闭卷考试，时长150分钟。包含单项选择题，涉及复数运算、解析函数、复积分、幂级数、奇点、Fourier变换等知识点。
复变函数/2024年复变函数与积分变换试题.pdf,"{""id"": ""69d4e1e8e97c3e20fbc59b5f"", ""reused_existing"": true}",,复变函数往年题,课程,复变函数,往年题,2024年复变函数与积分变换试题.pdf,0.26,华中科技大学2024-2025学年第一学期复变函数与积分变换考试A卷。
复变函数/复变函数串讲_张鑫灏.pptx,"{""id"": ""6a07299babfe09661dcd8df0"", ""reused_existing"": false}",,复变函数复习资料,课程,复变函数,复习资料,复变函数串讲_张鑫灏.pptx,19.29,复变函数串讲PPT，作者张鑫灏。
复变函数/复变函数串讲_李名剑_大二上.pdf,"{""id"": ""6a07299cabfe09661dcd8df1"", ""reused_existing"": false}",,复变函数复习资料,课程,复变函数,复习资料,复变函数串讲_李名剑_大二上.pdf,3.04,复变函数考前串讲资料，由电气2109班李名剑主讲，涵盖复数与复变函数基本概念、公式、指数形式、开方运算等。
复变函数/复变函数串讲_李名剑_大二上2024.pptx,"{""id"": ""6a07299dabfe09661dcd8df2"", ""reused_existing"": false}",,复变函数复习资料,课程,复变函数,复习资料,复变函数串讲_李名剑_大二上2024.pptx,18.48,复变函数串讲课件，由李名剑老师提供，适用于大二上学期2024年。
复变函数/复变答案合集.pdf,"{""id"": ""69d4e223e97c3e20fbc59b61"", ""reused_existing"": true}",,复变函数复习资料,课程,复变函数,复习资料,复变答案合集.pdf,3.7,复变函数课程习题答案合集，包含各章节详细解答，适用于复习与自测。
大二课程学习攻略/2018模电数电实验电气版.pdf,"{""id"": ""6a0726faabfe09661dcd8c5b"", ""reused_existing"": true}",,大二课程学习攻略实验资料,课程,大二课程学习攻略,实验资料,2018模电数电实验电气版.pdf,0.55,2018年模电数电实验考试（电气版）包含简答题和电路分析题。简答题涉及瓷片电容与电解电容差异、信号发生器端口使用、示波器模式选择、数字万用表挡位使用、TTL与CMOS与非门使用注意事项。电路分析题要求用CD40161构成十进制计数器并观测时序波形，以及分析放大电路故障原因和示波器显示问题。
大二课程学习攻略/2019模电数电实验OEI+IC版.pdf,"{""id"": ""6a0726faabfe09661dcd8c5c"", ""reused_existing"": true}",,大二课程学习攻略实验资料,课程,大二课程学习攻略,实验资料,2019模电数电实验OEI+IC版.pdf,0.38,2019年模电数电实验考试（OEI/IC版）包含简答题与解答，涉及电位器阻值、电容标称值、示波器坐标调节、信号发生器同步输出波形、4511译码器输出、异步与同步清零区别、触发源选择及计数器故障排查等内容。
大二课程学习攻略/2023电路理论实验（学生记忆版1）.pdf,"{""id"": ""6a07299fabfe09661dcd8df4"", ""reused_existing"": false}",,大二课程学习攻略实验资料,课程,大二课程学习攻略,实验资料,2023电路理论实验（学生记忆版1）.pdf,0.08,2023年秋电路理论实验考试题，包含戴维南等效电阻计算、星形三相电源相序判断、一阶暂态电路示波器测量影响分析、RLC串联电路品质因数测量原理与步骤，以及信号源与示波器测量有功功率和复阻抗的实验操作题。
大二课程学习攻略/to大二-经验分享-余佳卓.pptx,"{""id"": ""6a0725ceabfe09661dcd8b81"", ""reused_existing"": false}",,to大二-经验分享-余佳卓,课程,大二课程学习攻略,课件,to大二-经验分享-余佳卓.pptx,8.82,大二学习经验分享PPT，由余佳卓提供。
大二课程学习攻略/★大二学习攻略（适用于电气、OEI、IC、EIC）.pdf,"{""id"": ""6a0725ccabfe09661dcd8b7f"", ""reused_existing"": false}",,★大二学习攻略（适用于电气、OEI、IC、EIC）,课程,大二课程学习攻略,往年题,★大二学习攻略（适用于电气、OEI、IC、EIC）.pdf,0.21,本文由一位大二学生撰写，分享电气、OEI、IC、EIC等专业的学习攻略，强调科学高效学习、抵制盲目内卷。涵盖通识课（复变函数、模电、数电、大学物理）和专业课（信号与系统、热力学与统计物理、量子力学、单片机等）的学习方法与考试技巧，提供具体课程内容分析和复习建议，旨在帮助新生快速适应并取得高分。
大二课程学习攻略/（定稿）2023级电气信息分册 (1).pdf,"{""id"": ""6a0725cfabfe09661dcd8b83"", ""reused_existing"": false}",,（定稿）2023级电气信息分册 (1),课程,大二课程学习攻略,课程资料,（定稿）2023级电气信息分册 (1).pdf,3.34,华中科技大学2023级电气信息学科本科专业人才培养计划，涵盖电气工程、计算机科学、光电信息等专业。
大学物理/2021大学物理（II）答案(1).pdf,"{""id"": ""6a0725e4abfe09661dcd8b96"", ""reused_existing"": false}",,大学物理往年题,课程,大学物理,往年题,2021大学物理（II）答案(1).pdf,0.14,2021年大学物理（II）课程考试A卷参考答案，包含选择题、填空题和计算题解答。
大学物理/2024-2025年下半年 大物二.pdf,"{""id"": ""6a0725d1abfe09661dcd8b85"", ""reused_existing"": false}",,大学物理复习资料,课程,大学物理,复习资料,2024-2025年下半年 大物二.pdf,7.0,2024-2025学年下半年的大学物理二课程资料，PDF格式，适用于物理学科学习与复习。
大学物理/2024年大学物理下期末考试试卷答案.pdf,"{""id"": ""6a0725e5abfe09661dcd8b97"", ""reused_existing"": false}",,大学物理往年题,课程,大学物理,往年题,2024年大学物理下期末考试试卷答案.pdf,2.75,2024年大学物理下期末考试试卷答案，包含试题解答与评分标准，适用于复习备考。
大学物理/young_double_slit_derivation.pdf,"{""id"": ""6a0725f6abfe09661dcd8baf"", ""reused_existing"": false}",,大学物理课程资料,课程,大学物理,课程资料,young_double_slit_derivation.pdf,0.09,杨氏双缝干涉光强分布推导，包括几何光程差、电场叠加法和相量法，得到I=4I0 cos^2(π d sinθ/λ)。
大学物理/复习课（下）2024.pdf,"{""id"": ""6a0725e6abfe09661dcd8b98"", ""reused_existing"": false}",,大学物理往年题,课程,大学物理,往年题,复习课（下）2024.pdf,3.68,大学物理电磁学期末复习资料，包含带电粒子在磁场中的运动、安培定律、霍尔效应等。
大学物理/大学物理串讲——刘颖浩.pptx,"{""id"": ""6a0725d2abfe09661dcd8b86"", ""reused_existing"": false}",,大学物理复习资料,课程,大学物理,复习资料,大学物理串讲——刘颖浩.pptx,5.21,大学物理串讲课件，由刘颖浩提供。
"大学物理/大学物理习题册 (华中科技大学大学物理教学中心编, 华中科技大学大学物理教学中心编, 华中科技大学)_202412312049_45633(1).pdf","{""id"": ""6a0725d3abfe09661dcd8b87"", ""reused_existing"": false}",,大学物理复习资料,课程,大学物理,复习资料,"大学物理习题册 (华中科技大学大学物理教学中心编, 华中科技大学大学物理教学中心编, 华中科技大学)_202412312049_45633(1).pdf",10.6,华中科技大学大学物理教学中心编写的大学物理习题册。
大学物理/大学物理基本知识.pdf,"{""id"": ""6a0725e1abfe09661dcd8b91"", ""reused_existing"": true}",,大学物理课程资料,课程,大学物理,课程资料,大学物理基本知识.pdf,0.74,大学物理力学部分，涵盖质点运动学（位置矢量、位移、速度、加速度）和牛顿运动定律（三大定律及常见力），包含运动公式、描述方法及学习指导。
大学物理/大学物理所有公式.pdf,"{""id"": ""6a0725e1abfe09661dcd8b92"", ""reused_existing"": true}",,大学物理往年题,课程,大学物理,往年题,大学物理所有公式.pdf,0.42,大学物理第一章质点运动学和牛顿运动定律的公式汇总，包括平均速度、瞬时速度、加速度、匀速直线运动、变速运动、自由落体、抛体运动、圆周运动等运动学公式，以及牛顿三定律、万有引力定律、胡克定律、摩擦力等动力学公式。适用于期末复习或考研备考。
大学物理/大学物理知识点.pdf,"{""id"": ""6a0725d4abfe09661dcd8b88"", ""reused_existing"": false}",,大学物理复习资料,课程,大学物理,复习资料,大学物理知识点.pdf,1.52,本文档为大学物理第一章质点运动学知识点总结，涵盖描述运动的物理量（位矢、位移、速度、加速度）、抛体运动、圆周运动（线量与角量关系、匀变速率圆周运动）及相对运动等内容，适合复习使用。
大学物理/大学物理知识点、重点、难点.pdf,"{""id"": ""6a0725d4abfe09661dcd8b89"", ""reused_existing"": false}",,大学物理复习资料,课程,大学物理,复习资料,大学物理知识点、重点、难点.pdf,0.59,该资料为《大学物理》（上）的知识点、重点及难点总结，涵盖质点运动学（参考系、位置矢量、位移、速度、加速度、法向与切向加速度、相对运动）、牛顿运动定律（牛顿三定律、非惯性系与惯性力）以及功和能（功的定义与计算）等内容，适合复习备考。
大学物理/大学物理知识点总结.pdf,"{""id"": ""6a0725d5abfe09661dcd8b8a"", ""reused_existing"": false}",,大学物理复习资料,课程,大学物理,复习资料,大学物理知识点总结.pdf,0.93,本文档为大学物理知识点总结，涵盖第一章质点运动学（位矢、位移、速度、加速度、抛体运动、圆周运动）和第二章牛顿运动定律（牛顿第二定律及其分量式）。适合复习物理基础概念与公式。
大学物理/大学物理知识点总结/大学物理基本知识.pdf,"{""id"": ""6a0725e1abfe09661dcd8b91"", ""reused_existing"": false}",,大学物理大学物理知识点总结,课程,大学物理,大学物理知识点总结,大学物理基本知识.pdf,0.74,大学物理基本知识PDF，涵盖第一章力学，包括质点运动学的基本物理量（位置、位移、速度、加速度）、典型运动公式（匀速直线、匀变速直线、圆周运动、抛体运动）及描述方法（矢量、坐标、图线），以及第二章牛顿运动定律（三定律、常见力）。
大学物理/大学物理知识点总结/大学物理所有公式.pdf,"{""id"": ""6a0725e1abfe09661dcd8b92"", ""reused_existing"": false}",,大学物理大学物理知识点总结,课程,大学物理,大学物理知识点总结,大学物理所有公式.pdf,0.42,大学物理第一章质点运动学和牛顿运动定律公式汇总，包括平均速度、瞬时速度、加速度、匀速直线运动、变速运动、自由落体、抛体运动、圆周运动等公式，以及牛顿三定律、万有引力定律、胡克定律、摩擦力公式。第二章守恒定律涉及动量、冲量、动量定理等。适用于期末复习或考研备考。
大学物理/大学物理知识点总结/大学物理知识点.pdf,"{""id"": ""6a0725d4abfe09661dcd8b88"", ""reused_existing"": true}",,大学物理大学物理知识点总结,课程,大学物理,大学物理知识点总结,大学物理知识点.pdf,1.52,大学物理第一章质点运动学知识点，涵盖描述运动的物理量（位矢、位移、路程、速度、加速度）、抛体运动、圆周运动（线量与角量关系、匀变速率圆周运动）及相对运动。包含公式与定义，适合复习。资料类型为知识点总结，无年份标注。
大学物理/大学物理知识点总结/大学物理知识点、重点、难点.pdf,"{""id"": ""6a0725d4abfe09661dcd8b89"", ""reused_existing"": true}",,大学物理大学物理知识点总结,课程,大学物理,大学物理知识点总结,大学物理知识点、重点、难点.pdf,0.59,《大学物理》（上）知识点、重点及难点，涵盖质点运动学（参考系、位置矢量、位移、速度、加速度、法向与切向加速度、圆周运动、相对运动）、牛顿运动定律（牛顿三定律、非惯性系与惯性力）以及功和能（功的定义与计算）。适合大学物理课程复习。
大学物理/大学物理知识点总结/大学物理知识点总结.pdf,"{""id"": ""6a0725d5abfe09661dcd8b8a"", ""reused_existing"": true}",,大学物理大学物理知识点总结,课程,大学物理,大学物理知识点总结,大学物理知识点总结.pdf,0.93,本文档为大学物理知识点总结，涵盖第一章质点运动学（位矢、位移、速度、加速度、抛体运动、圆周运动）和第二章牛顿运动定律（牛顿第二定律及其分量式）。适合期末复习或考研备考，内容系统，公式完整。
大学物理/大学物理知识点总结/大学物理课程的知识点.pdf,"{""id"": ""6a0725d5abfe09661dcd8b8b"", ""reused_existing"": true}",,大学物理大学物理知识点总结,课程,大学物理,大学物理知识点总结,大学物理课程的知识点.pdf,1.26,本文档为《大学物理教程》（吴锡珑主编）的知识点整理，涵盖质点运动学、牛顿定律、机械能等章节，包含参考系、位矢、速度、加速度、法向与切向加速度、相对运动、牛顿三定律、非惯性系与惯性力等核心概念，并标注各章重点与难点。
大学物理/大学物理课程的知识点.pdf,"{""id"": ""6a0725d5abfe09661dcd8b8b"", ""reused_existing"": false}",,大学物理复习资料,课程,大学物理,复习资料,大学物理课程的知识点.pdf,1.26,本文档为大学物理课程知识点整理，涵盖质点运动学、牛顿定律、机械能与功等章节。包含参考系、位矢、速度、加速度、法向与切向加速度、相对运动、牛顿三定律、非惯性系与惯性力等核心概念，并标注各章节重点与难点，适合复习备考。
大学物理/大物(上)真题_2012春_含答案.pdf,"{""id"": ""6a0725e6abfe09661dcd8b99"", ""reused_existing"": false}",,大学物理往年题,课程,大学物理,往年题,大物(上)真题_2012春_含答案.pdf,0.4,华中科技大学2011-2012学年第二学期《大学物理（一）》A卷考试真题，含答案。
大学物理/大物(上)真题_2013春_含答案.pdf,"{""id"": ""6a0725e7abfe09661dcd8b9a"", ""reused_existing"": false}",,大学物理往年题,课程,大学物理,往年题,大物(上)真题_2013春_含答案.pdf,0.41,华中科技大学2012-2013学年第2学期大学物理（一）A卷考试试卷，含选择题和计算题，附答案。
大学物理/大物(上)真题_2014春_含答案.pdf,"{""id"": ""6a0725e7abfe09661dcd8b9b"", ""reused_existing"": false}",,大学物理往年题,课程,大学物理,往年题,大物(上)真题_2014春_含答案.pdf,0.48,华中科技大学2013-2014学年第二学期《大学物理（一）》A卷考试真题，含答案。
大学物理/大物(上)真题_2015春_含答案.pdf,"{""id"": ""6a0725e8abfe09661dcd8b9c"", ""reused_existing"": false}",,大学物理往年题,课程,大学物理,往年题,大物(上)真题_2015春_含答案.pdf,0.67,华中科技大学2014-2015学年第二学期大学物理（一）A卷试题及答案。
大学物理/大物(上)真题_2018春_含答案.pdf,"{""id"": ""6a0725e9abfe09661dcd8b9d"", ""reused_existing"": false}",,大学物理往年题,课程,大学物理,往年题,大物(上)真题_2018春_含答案.pdf,0.82,2018年春季大学物理（上）期末考试真题含答案。
大学物理/大物(上)真题_2019春_含答案.pdf,"{""id"": ""6a0725e9abfe09661dcd8b9e"", ""reused_existing"": false}",,大学物理往年题,课程,大学物理,往年题,大物(上)真题_2019春_含答案.pdf,0.84,2019年春季大学物理（上）期末考试真题含答案。
大学物理/大物(上)真题_2022春_试题.pdf,"{""id"": ""6a0725eaabfe09661dcd8b9f"", ""reused_existing"": false}",,大学物理往年题,课程,大学物理,往年题,大物(上)真题_2022春_试题.pdf,1.81,2022年春季大学物理（上）期末考试真题
大学物理/大物(上)真题_学解扫描.pdf,"{""id"": ""6a0725ecabfe09661dcd8ba0"", ""reused_existing"": false}",,大学物理往年题,课程,大学物理,往年题,大物(上)真题_学解扫描.pdf,29.99,大学物理（上）真题与学解扫描件
大学物理/大物(下)真题_2011秋_含答案.pdf,"{""id"": ""6a0725edabfe09661dcd8ba1"", ""reused_existing"": false}",,大学物理往年题,课程,大学物理,往年题,大物(下)真题_2011秋_含答案.pdf,2.0,华中科技大学2011-2012学年第一学期《大学物理（二）》A卷考试真题，含答案。
大学物理/大物(下)真题_2013秋_含答案.pdf,"{""id"": ""6a0725edabfe09661dcd8ba2"", ""reused_existing"": false}",,大学物理往年题,课程,大学物理,往年题,大物(下)真题_2013秋_含答案.pdf,2.71,华中科技大学2013-2014学年第一学期《大学物理（二）》A卷真题，含选择题和填空题，有答案。
大学物理/大物(下)真题_2014秋_含答案.pdf,"{""id"": ""6a0725eeabfe09661dcd8ba3"", ""reused_existing"": false}",,大学物理往年题,课程,大学物理,往年题,大物(下)真题_2014秋_含答案.pdf,0.43,华中科技大学2014-2015学年第一学期《大学物理（二）》A卷考试试卷，含选择题和填空题，有答案。
大学物理/大物(下)真题_2015秋_含答案.pdf,"{""id"": ""6a0725eeabfe09661dcd8ba4"", ""reused_existing"": false}",,大学物理往年题,课程,大学物理,往年题,大物(下)真题_2015秋_含答案.pdf,0.45,华中科技大学物理学院2015~2016学年第1学期大学物理（二）课程考试试卷（A卷），含答案。
大学物理/大物(下)真题_2016秋_含答案.pdf,"{""id"": ""6a0725efabfe09661dcd8ba5"", ""reused_existing"": false}",,大学物理往年题,课程,大学物理,往年题,大物(下)真题_2016秋_含答案.pdf,2.06,2016年秋季大学物理（下）期末考试真题含答案
大学物理/大物(下)真题_2017秋_含答案.pdf,"{""id"": ""6a0725f0abfe09661dcd8ba6"", ""reused_existing"": false}",,大学物理往年题,课程,大学物理,往年题,大物(下)真题_2017秋_含答案.pdf,3.2,2017年秋季大学物理（下）期末考试真题含答案
大学物理/大物(下)真题_2018秋_含答案.pdf,"{""id"": ""6a0725f1abfe09661dcd8ba7"", ""reused_existing"": false}",,大学物理往年题,课程,大学物理,往年题,大物(下)真题_2018秋_含答案.pdf,2.56,2018年秋季大学物理（下）期末考试真题试卷，含答案。
大学物理/大物(下)真题_2019秋_含答案.pdf,"{""id"": ""6a0725f2abfe09661dcd8ba8"", ""reused_existing"": false}",,大学物理往年题,课程,大学物理,往年题,大物(下)真题_2019秋_含答案.pdf,3.78,2019年秋季大学物理（下）期末考试真题试卷，含答案。
大学物理/大物(下)真题_2020秋_含答案.pdf,"{""id"": ""6a0725f3abfe09661dcd8ba9"", ""reused_existing"": false}",,大学物理往年题,课程,大学物理,往年题,大物(下)真题_2020秋_含答案.pdf,2.92,2020年秋季大学物理（下）期末考试真题试卷，含答案。
大学物理/大物(下)真题_2021秋_试题.pdf,"{""id"": ""6a0725f4abfe09661dcd8baa"", ""reused_existing"": false}",,大学物理往年题,课程,大学物理,往年题,大物(下)真题_2021秋_试题.pdf,0.97,2021年秋季大学物理（下）期末考试真题
大学物理/大物(下)真题_2022秋_含答案.pdf,"{""id"": ""6a0725f4abfe09661dcd8bab"", ""reused_existing"": false}",,大学物理往年题,课程,大学物理,往年题,大物(下)真题_2022秋_含答案.pdf,0.47,华中科技大学2022-2023学年第1学期《大学物理（二）》A卷考试试卷，含选择题、填空题、计算题，附答案。
大学物理/大物_谢悦晋串讲_20240102.pdf,"{""id"": ""6a0725d6abfe09661dcd8b8c"", ""reused_existing"": false}",,大学物理复习资料,课程,大学物理,复习资料,大物_谢悦晋串讲_20240102.pdf,2.55,大学物理知识串讲（二）波动与光学，由谢悦晋讲解，包含波动方程、波的分类等基础内容。
大学物理/大物上精策课堂 ——刘科宏.pdf,"{""id"": ""69da3ff6bdc30a449663e984"", ""reused_existing"": true}",,大学物理实验资料,课程,大学物理,实验资料,大物上精策课堂 ——刘科宏.pdf,4.86,大学物理（上）精策课堂讲义，涵盖考试范围、题型及演示实验等内容。
大学物理/大物下串讲.pptx,"{""id"": ""6a0725d9abfe09661dcd8b8d"", ""reused_existing"": false}",,大学物理复习资料,课程,大学物理,复习资料,大物下串讲.pptx,11.11,大学物理下学期的串讲PPT。
大学物理/大物下串讲_电气2106张苏灿.pptx,"{""id"": ""6a0725dcabfe09661dcd8b8e"", ""reused_existing"": false}",,大学物理复习资料,课程,大学物理,复习资料,大物下串讲_电气2106张苏灿.pptx,14.19,电气2106张苏灿制作的大物下串讲PPT
大学物理/大物下答案.pdf,"{""id"": ""69da3bd7bdc30a449663e97f"", ""reused_existing"": true}",,大学物理复习资料,课程,大学物理,复习资料,大物下答案.pdf,10.58,大学物理下册习题解答，包含气体动理论等章节的答案。
大学物理/大物下练习题（知识点回顾＋半全解）.pdf,"{""id"": ""6a0725e0abfe09661dcd8b8f"", ""reused_existing"": false}",,大学物理复习资料,课程,大学物理,复习资料,大物下练习题（知识点回顾＋半全解）.pdf,80.61,大学物理下册练习题，包含知识点回顾和半全解。
大学物理/知识点复习-1220.pdf,"{""id"": ""6a0725e3abfe09661dcd8b94"", ""reused_existing"": false}",,大学物理实验资料,课程,大学物理,实验资料,知识点复习-1220.pdf,3.14,大学物理知识点复习资料，涵盖电磁学、振动与波、光学、量子力学等章节，包含演示实验目录和考试题型说明。
大学物理/第十一章振动部分.ppt,"{""id"": ""6a0725f6abfe09661dcd8bad"", ""reused_existing"": false}",,第十一章振动部分,课程,大学物理,课件,第十一章振动部分.ppt,2.39,大学物理第十一章振动部分的PPT课件。
大物实验/大学物理实验(最终).pdf,"{""id"": ""6a0725f8abfe09661dcd8bb1"", ""reused_existing"": false}",,大物实验实验资料,课程,大物实验,实验资料,大学物理实验(最终).pdf,5.06,大学物理实验课程资料，包含万用表使用、模拟法测绘静电场、迈克尔逊干涉仪、旋光仪测糖溶液浓度等实验的思考题解答和数据处理方法，适合复习备考。
大物实验/大学物理实验习题和答案(整理版).pdf,"{""id"": ""6a0725f9abfe09661dcd8bb2"", ""reused_existing"": false}",,大物实验实验资料,课程,大物实验,实验资料,大学物理实验习题和答案(整理版).pdf,0.12,该文档为大学物理实验习题与答案整理版，涵盖基本实验基础，包括游标尺、千分尺读数，物理天平、检流计、电表、万用表、信号发生器、光学元件、箱式电桥、逐差法、杨氏模量实验、伏安特性、电桥等知识点，以问答形式呈现，适合复习备考。
大物实验/大学物理实验思考题.pdf,"{""id"": ""6a0725f9abfe09661dcd8bb3"", ""reused_existing"": false}",,大物实验实验资料,课程,大物实验,实验资料,大学物理实验思考题.pdf,0.35,该PDF包含大学物理实验的思考题，涵盖测非线性电阻伏安特性（电流表内接误差分析）和迈克尔逊干涉仪的使用（光学元件作用、等倾干涉条纹调节、零点调整、空程避免及光程差推导）。
大物实验/大学物理实验报告答案大全(实验数据及思考题答案.pdf,"{""id"": ""6a0725faabfe09661dcd8bb4"", ""reused_existing"": false}",,大物实验实验资料,课程,大物实验,实验资料,大学物理实验报告答案大全(实验数据及思考题答案.pdf,0.84,该文档包含大学物理实验报告答案，涵盖伏安法测电阻和光栅衍射两个实验。伏安法测电阻部分包括实验目的、原理、步骤、数据处理及结果表示；光栅衍射部分包括实验目的、原理、步骤、数据记录与处理，以及波长计算。文档提供了完整的实验数据和思考题答案。
大物实验/大学物理实验答案完整版.pdf,"{""id"": ""6a0725fbabfe09661dcd8bb5"", ""reused_existing"": false}",,大物实验实验资料,课程,大物实验,实验资料,大学物理实验答案完整版.pdf,3.26,大学物理实验答案完整版PDF，包含实验题目解答，附有微信公众号和QQ空间等学习资源获取方式。
大物实验/大学物理实验考试题库.pdf,"{""id"": ""6a0725fbabfe09661dcd8bb6"", ""reused_existing"": false}",,大物实验实验资料,课程,大物实验,实验资料,大学物理实验考试题库.pdf,0.92,大学物理实验考试题库包含填空题，涉及天平调整、滑线变阻器接法、伏安特性测点分布、电压表误差、扬氏模量测量、电势差计原理、惠斯通电桥、分光仪调节、示波器使用、牛顿环、光栅衍射、气垫导轨实验、弹簧振子、三线摆等内容。
大物实验/实验讲义汇总.pdf,"{""id"": ""6a0725feabfe09661dcd8bb7"", ""reused_existing"": false}",,大物实验实验资料,课程,大物实验,实验资料,实验讲义汇总.pdf,32.64,大物实验课程实验讲义汇总PDF文件，包含多个实验项目的讲义内容，适用于物理实验课程学习与参考。
微积分/线代串讲_廖乾超.pdf,"{""id"": ""6a0725ffabfe09661dcd8bb9"", ""reused_existing"": false}",,线代串讲_廖乾超,课程,微积分,往年题,线代串讲_廖乾超.pdf,1.48,线性代数串讲资料，涵盖行列式定义、性质、展开及典型习题，由廖乾超于2023年2月15日讲解。
数理方程/13-18次作业.pdf,"{""id"": ""6a07261fabfe09661dcd8bce"", ""reused_existing"": false}",,数理方程复习资料,课程,数理方程,复习资料,13-18次作业.pdf,8.45,该文件为数理方程课程第13-18次作业，主要涉及积分变换法和格林函数法求解偏微分方程，包括一维热传导方程和波动方程的定解问题，以及拉普拉斯变换的应用。内容包含具体例题和求解步骤。
数理方程/1_状态表示(1).pdf,"{""id"": ""6a0725a1abfe09661dcd8b55"", ""reused_existing"": true}",,数理方程复习资料,课程,数理方程,复习资料,1_状态表示(1).pdf,16.54,数理方程课程中关于状态表示的PDF资料，可能涉及量子力学或线性系统中的状态描述方法，适合复习或预习使用。
数理方程/2023第一学期（秋）教学计划.pdf,"{""id"": ""6a072601abfe09661dcd8bbc"", ""reused_existing"": true}",,数理方程复习资料,课程,数理方程,复习资料,2023第一学期（秋）教学计划.pdf,0.15,2023年秋季学期数学物理方程与特殊函数课程教学计划，面向光电2205-2208班，共40学时，涵盖三类方程建立、定解条件、傅里叶级数、分离变量法、达朗贝尔公式、积分变换、Green函数、Bessel函数等知识点，含4学时习题课。
数理方程/7-12次作业参考.pdf,"{""id"": ""6a072621abfe09661dcd8bcf"", ""reused_existing"": false}",,数理方程复习资料,课程,数理方程,复习资料,7-12次作业参考.pdf,21.41,数理方程第7-12次作业参考，包含非齐次边界条件的齐次化方法、固有值问题求解，以及利用分离变量法求解偏微分方程的过程。
数理方程/HUST数理方程习题册（第九版）.pdf,"{""id"": ""6a072622abfe09661dcd8bd0"", ""reused_existing"": false}",,数理方程复习资料,课程,数理方程,复习资料,HUST数理方程习题册（第九版）.pdf,0.33,华中科技大学《数学物理方程与特殊函数》习题册（第九版），包含弦振动边界条件与初始条件、定解问题验证、固有值问题求解、热传导方程、拉普拉斯方程等典型习题，覆盖分离变量法、行波法等核心方法。
数理方程/HUST数理方程习题册（第九版）参考答案.pdf,"{""id"": ""6a072622abfe09661dcd8bd1"", ""reused_existing"": false}",,数理方程复习资料,课程,数理方程,复习资料,HUST数理方程习题册（第九版）参考答案.pdf,0.3,华中科技大学数理方程习题册第九版参考答案，涵盖练习一至练习八，包含波动方程、热传导方程、拉普拉斯方程等典型习题的求解过程与答案，涉及分离变量法、特征函数展开等知识点。
数理方程/Mathematical equation/1第一章典型方程与定解条件.ppt,"{""id"": ""6a0729a1abfe09661dcd8df6"", ""reused_existing"": false}",,数理方程Mathematical equation,课程,数理方程,Mathematical equation,1第一章典型方程与定解条件.ppt,3.85,第一章介绍数理方程中的典型方程与定解条件。
数理方程/Mathematical equation/1第一章绪论 习题课.pptx,"{""id"": ""6a0729a2abfe09661dcd8df7"", ""reused_existing"": false}",,数理方程Mathematical equation,课程,数理方程,Mathematical equation,1第一章绪论 习题课.pptx,0.97,数理方程第一章绪论的习题课PPT
数理方程/Mathematical equation/2第二章分离变量法 习题课.pptx,"{""id"": ""6a0729a4abfe09661dcd8df8"", ""reused_existing"": false}",,数理方程Mathematical equation,课程,数理方程,Mathematical equation,2第二章分离变量法 习题课.pptx,1.6,数理方程第二章分离变量法习题课PPT
数理方程/Mathematical equation/2第二章分离变量法.ppt,"{""id"": ""6a0729a5abfe09661dcd8df9"", ""reused_existing"": false}",,数理方程Mathematical equation,课程,数理方程,Mathematical equation,2第二章分离变量法.ppt,5.01,介绍分离变量法在数理方程中的应用，涵盖基本概念与解题步骤。
数理方程/Mathematical equation/3第三章行波法与积分变换法 习题课.pptx,"{""id"": ""6a0729a6abfe09661dcd8dfa"", ""reused_existing"": false}",,数理方程Mathematical equation,课程,数理方程,Mathematical equation,3第三章行波法与积分变换法 习题课.pptx,1.97,数理方程第三章行波法与积分变换法的习题课PPT
数理方程/Mathematical equation/3第三章行波法与积分变换法.pptx,"{""id"": ""6a0729a7abfe09661dcd8dfb"", ""reused_existing"": false}",,数理方程Mathematical equation,课程,数理方程,Mathematical equation,3第三章行波法与积分变换法.pptx,2.49,第三章介绍行波法与积分变换法在数理方程中的应用。
数理方程/Mathematical equation/4第四章格林函数法 习题课.pptx,"{""id"": ""6a0729a8abfe09661dcd8dfc"", ""reused_existing"": false}",,数理方程Mathematical equation,课程,数理方程,Mathematical equation,4第四章格林函数法 习题课.pptx,1.52,数理方程第四章格林函数法习题课PPT
数理方程/Mathematical equation/4第四章格林函数法.ppt,"{""id"": ""6a0729a9abfe09661dcd8dfd"", ""reused_existing"": false}",,数理方程Mathematical equation,课程,数理方程,Mathematical equation,4第四章格林函数法.ppt,2.6,第四章介绍格林函数法在数理方程中的应用。
数理方程/Mathematical equation/5第五章贝塞尔函数 习题课.pptx,"{""id"": ""6a0729aaabfe09661dcd8dfe"", ""reused_existing"": false}",,数理方程Mathematical equation,课程,数理方程,Mathematical equation,5第五章贝塞尔函数 习题课.pptx,1.88,第五章贝塞尔函数习题课PPT，包含习题讲解与复习要点。
数理方程/Mathematical equation/5第五章贝塞尔函数.pptx,"{""id"": ""6a0729aaabfe09661dcd8dff"", ""reused_existing"": false}",,数理方程Mathematical equation,课程,数理方程,Mathematical equation,5第五章贝塞尔函数.pptx,2.47,第五章贝塞尔函数的PPT课件，涵盖贝塞尔函数的定义、性质及应用。
数理方程/Mathematical equation/数学物理方程练习题第九版（学生用）.pdf,"{""id"": ""6a0729ababfe09661dcd8e00"", ""reused_existing"": false}",,数理方程Mathematical equation,课程,数理方程,Mathematical equation,数学物理方程练习题第九版（学生用）.pdf,0.35,该文件为《数学物理方程与特殊函数》第九版学生用练习题，包含弦振动的边界与初始条件、方程验证、定解问题求解、固有值问题等典型习题，适合数理方程课程练习。
数理方程/Mathematical equation/数理答案(1)_加水印.pdf,"{""id"": ""6a07262babfe09661dcd8bda"", ""reused_existing"": true}",,数理方程Mathematical equation,课程,数理方程,Mathematical equation,数理答案(1)_加水印.pdf,25.1,数理方程课程习题答案，PDF格式，含加水印，适用于复习与自测。
数理方程/《数理方程与特殊数函数》课程教学大纲（刘超 2023版）.pdf,"{""id"": ""6a072602abfe09661dcd8bbd"", ""reused_existing"": true}",,数理方程复习资料,课程,数理方程,复习资料,《数理方程与特殊数函数》课程教学大纲（刘超 2023版）.pdf,0.44,《数理方程与特殊数函数》课程教学大纲（刘超 2023版）为电子、光电、自动化等专业必修课，总学时40，学分2.5。课程重点包括三类方程导出、分离变量法、行波法、积分变换法、贝塞尔函数；难点为格林函数法和贝塞尔函数应用。教学方法采用启发式、互动式和研究性学习，并引入MATLAB辅助教学。
数理方程/刘超/2023第一学期（秋）教学计划.pdf,"{""id"": ""6a072601abfe09661dcd8bbc"", ""reused_existing"": false}",,数理方程刘超,课程,数理方程,刘超,2023第一学期（秋）教学计划.pdf,0.15,2023年秋季学期数学物理方程与特殊函数课程教学计划，面向光电2205-2208班，共40学时，涵盖三类方程建立、定解条件、傅里叶级数、有界弦振动、热传导、Laplace方程、非齐次方程、达朗贝尔公式、积分变换、Green函数、Bessel函数等内容，含4学时习题课。
数理方程/刘超/《数理方程与特殊数函数》课程教学大纲（刘超 2023版）.pdf,"{""id"": ""6a072602abfe09661dcd8bbd"", ""reused_existing"": false}",,数理方程刘超,课程,数理方程,刘超,《数理方程与特殊数函数》课程教学大纲（刘超 2023版）.pdf,0.44,《数理方程与特殊数函数》课程教学大纲（刘超 2023版），面向电子、光电、自动化等专业，必修课，2.5学分，先修微积分、线性代数、复变函数。重点包括三类方程导出、分离变量法、行波法、积分变换法、贝塞尔函数；难点为格林函数法和贝塞尔函数应用。教学方法含启发式讲授、互动教学、研究性学习，使用MATLAB辅助。
数理方程/刘超/第 1 周 周四 正式slides 2023 无批注.pdf,"{""id"": ""6a072602abfe09661dcd8bbe"", ""reused_existing"": false}",,数理方程刘超,课程,数理方程,刘超,第 1 周 周四 正式slides 2023 无批注.pdf,5.26,热传导方程的导出过程，基于傅立叶实验定律，推导热量流入闭曲面的表达式，为后续定解条件奠定基础。
数理方程/刘超/第 10 周 周一 正式 slides 2023 无批注.pdf,"{""id"": ""6a072604abfe09661dcd8bbf"", ""reused_existing"": false}",,数理方程刘超,课程,数理方程,刘超,第 10 周 周一 正式 slides 2023 无批注.pdf,10.85,该片段为贝塞尔函数的递推公式，包括第一类和第二类贝塞尔函数的递推关系，以及特殊情形n=0和n=1时的简化公式。
数理方程/刘超/第 10 周 周四 正式 slides 2023 无批注.pdf,"{""id"": ""6a072605abfe09661dcd8bc0"", ""reused_existing"": false}",,数理方程刘超,课程,数理方程,刘超,第 10 周 周四 正式 slides 2023 无批注.pdf,17.81,"该片段为2023年数理方程课程第10周周四的slides，内容涉及将函数f(x)=1在区间(0,1)上按零阶贝塞尔函数J0(μ_m^{(0)} x)展开为傅里叶-贝塞尔级数，并推导了展开系数C_m的表达式。"
数理方程/刘超/第 2 周 周一 正式 slides 2023 无批注.pdf,"{""id"": ""6a072606abfe09661dcd8bc1"", ""reused_existing"": false}",,数理方程刘超,课程,数理方程,刘超,第 2 周 周一 正式 slides 2023 无批注.pdf,5.57,该片段介绍了周期为2l的函数展开为傅里叶级数的公式，包括傅里叶系数的计算，以及奇偶函数的简化形式。同时补充了三角函数系的正交性和积化和差公式，是数理方程课程中傅里叶级数部分的核心内容。
数理方程/刘超/第 3 周 周一 正式 slides 2023 无批注.pdf,"{""id"": ""6a072608abfe09661dcd8bc2"", ""reused_existing"": false}",,数理方程刘超,课程,数理方程,刘超,第 3 周 周一 正式 slides 2023 无批注.pdf,12.71,二维拉普拉斯方程的边值问题，以矩形薄板稳恒温度分布为例，应用分离变量法求解。通过齐次边界条件得到特征值和特征函数，并给出通解形式。
数理方程/刘超/第 3 周 周四 正式 slides 2023 无批注.pdf,"{""id"": ""6a072609abfe09661dcd8bc3"", ""reused_existing"": false}",,数理方程刘超,课程,数理方程,刘超,第 3 周 周四 正式 slides 2023 无批注.pdf,11.71,该片段为2023年数理方程课程第3周周四的幻灯片，内容涉及圆域内泊松公式的推导，包括级数解转化为积分形式的过程，以及非齐次方程求解方法（固有函数法）的介绍。
数理方程/刘超/第 4 周 周一 正式 slides 2023 无批注.pdf,"{""id"": ""6a07260aabfe09661dcd8bc4"", ""reused_existing"": false}",,数理方程刘超,课程,数理方程,刘超,第 4 周 周一 正式 slides 2023 无批注.pdf,7.08,本节讲解泊松方程（非齐次拉普拉斯方程）在圆域内的边值问题求解，采用极坐标变换和固有函数法。通过例3展示如何将方程转化为极坐标形式，利用固有函数系展开求解，并满足边界条件。内容涉及齐次方程对应的固有函数、单值性条件及系数比较法。
数理方程/刘超/第 4 周 周四 正式 slides 2023 无批注.pdf,"{""id"": ""6a07260cabfe09661dcd8bc5"", ""reused_existing"": false}",,数理方程刘超,课程,数理方程,刘超,第 4 周 周四 正式 slides 2023 无批注.pdf,10.06,本slides介绍了固有值与固有函数的概念，包括施图姆-刘维尔方程的一般形式、固有值与固有函数的定义及其正交性、展开定理等。内容属于数理方程课程，适用于2023年教学。
数理方程/刘超/第 5 周 周一 正式 slides 2023 无批注.pdf,"{""id"": ""6a07260dabfe09661dcd8bc6"", ""reused_existing"": false}",,数理方程刘超,课程,数理方程,刘超,第 5 周 周一 正式 slides 2023 无批注.pdf,5.17,本章介绍行波法（达朗贝尔解法）和积分变换法求解定解问题。行波法适用于无界区域波动方程，积分变换法不受方程类型限制。以弦振动方程为例，说明叠加原理将问题分解为初始状态和外力影响的叠加。
数理方程/刘超/第 5 周 周四 正式 slides 2023 无批注.pdf,"{""id"": ""6a07260eabfe09661dcd8bc7"", ""reused_existing"": false}",,数理方程刘超,课程,数理方程,刘超,第 5 周 周四 正式 slides 2023 无批注.pdf,8.89,该资料为数理方程课程第5周周四的正式slides（2023年），内容涵盖波动方程的达朗贝尔解法，包括通解形式、叠加原理、初值问题的求解公式（如公式18、25、26），以及达朗贝尔解的物理意义，通过行波法解释波动传播。
数理方程/刘超/第 6 周 周一 正式 slides 2023 无批注.pdf,"{""id"": ""6a072610abfe09661dcd8bc8"", ""reused_existing"": false}",,数理方程刘超,课程,数理方程,刘超,第 6 周 周一 正式 slides 2023 无批注.pdf,12.41,该课件为2023年数理方程课程第6周周一内容，主要讲解波动方程的三维球面平均法，包括球面平均值的定义、球坐标变换、极限推导等，适用于求解三维波动方程的柯西问题。
数理方程/刘超/第 6 周 周四 正式 slides 2023 无批注.pdf,"{""id"": ""6a072611abfe09661dcd8bc9"", ""reused_existing"": false}",,数理方程刘超,课程,数理方程,刘超,第 6 周 周四 正式 slides 2023 无批注.pdf,17.01,该片段为数理方程课程中积分变换法的复习内容，包括傅里叶变换及其逆变换、拉普拉斯变换的定义，并通过例3求解函数f(x)的傅里叶逆变换，利用欧拉积分得出结果。
数理方程/刘超/第 7 周 周一 正式 slides 2023 无批注.pdf,"{""id"": ""6a072613abfe09661dcd8bca"", ""reused_existing"": false}",,数理方程刘超,课程,数理方程,刘超,第 7 周 周一 正式 slides 2023 无批注.pdf,15.8,本章介绍格林函数法求解拉普拉斯方程边值问题，重点讲解二维拉普拉斯方程的圆对称解及其基本解，并补充欧拉方程的求解方法。
数理方程/刘超/第 7 周 周四 正式 slides 2023 无批注.pdf,"{""id"": ""6a072614abfe09661dcd8bcb"", ""reused_existing"": false}",,数理方程刘超,课程,数理方程,刘超,第 7 周 周四 正式 slides 2023 无批注.pdf,9.75,该片段介绍了调和函数的基本性质，包括平均值定理和极值原理。平均值定理指出调和函数在球面上的平均值等于球心处的函数值；极值原理说明非常数调和函数的最大值和最小值只能在边界上达到。
数理方程/刘超/第 8 周 周一 正式 slides 2023 无批注.pdf,"{""id"": ""6a072615abfe09661dcd8bcc"", ""reused_existing"": false}",,数理方程刘超,课程,数理方程,刘超,第 8 周 周一 正式 slides 2023 无批注.pdf,15.35,格林函数的三个重要性质：在除去一点外处处满足拉普拉斯方程，趋于无穷大时阶数与1/r相同；在边界上恒等于0；在区域内满足不等式。包含格林函数公式(17)。
数理方程/刘超/第 8 周 周四 正式 slides 2023 无批注.pdf,"{""id"": ""6a072617abfe09661dcd8bcd"", ""reused_existing"": false}",,数理方程刘超,课程,数理方程,刘超,第 8 周 周四 正式 slides 2023 无批注.pdf,13.71,本资料为2023年数理方程课程第8周周四的幻灯片，主要讲解球域的格林函数及狄利克雷问题。内容涉及静电源像法、反演点、电位抵消等概念，并给出了相关公式和边界条件。适用于学习数理方程中格林函数应用的学生。
数理方程/刘超/第 9 周 周一 正式 slides 2023 无批注.pdf,"{""id"": ""6a0729adabfe09661dcd8e02"", ""reused_existing"": false}",,数理方程刘超,课程,数理方程,刘超,第 9 周 周一 正式 slides 2023 无批注.pdf,12.6,数理方程课程第9周周一正式slides，2023年版本，无批注，包含Recall回顾内容。
数理方程/刘超/第 9 周 周四 正式 slides 2023 无批注.pdf,"{""id"": ""6a0729afabfe09661dcd8e03"", ""reused_existing"": false}",,数理方程刘超,课程,数理方程,刘超,第 9 周 周四 正式 slides 2023 无批注.pdf,9.5,该资料为2023年数理方程课程第9周周四的幻灯片，主要讲解分离变量法在求解偏微分方程中的应用，重点介绍了施图姆-刘维尔问题及其固有值与固有函数的概念，并推导出贝塞尔函数方程。
数理方程/数学物理方程练习题第九版.pdf,"{""id"": ""6a072622abfe09661dcd8bd0"", ""reused_existing"": true}",,数理方程复习资料,课程,数理方程,复习资料,数学物理方程练习题第九版.pdf,0.33,《数学物理方程与特殊函数》作业题，包含弦振动的边界与初始条件、定解问题求解、固有值问题、拉普拉斯方程等练习，适用于数理方程课程。
数理方程/数理方程1.pdf,"{""id"": ""6a07263aabfe09661dcd8bec"", ""reused_existing"": false}",,数理方程往年题,课程,数理方程,往年题,数理方程1.pdf,0.48,数理方程试卷，包含四道大题：分离变量法求解波动方程（齐次边界条件）、特征函数展开法求解热传导方程（非齐次项）、非齐次边界条件的拉普拉斯方程、达朗贝尔法求解半无界波动方程。总分150分，考试时间未知。
数理方程/数理方程2.pdf,"{""id"": ""6a07263babfe09661dcd8bed"", ""reused_existing"": false}",,数理方程往年题,课程,数理方程,往年题,数理方程2.pdf,0.48,数理方程试卷，包含分离变量法求解波动方程、格林函数法求解拉普拉斯方程、非齐次边界条件热传导方程、达朗贝尔公式求解无界波动方程等题目，共4题，总分50分。
数理方程/数理方程2023-2024第二学期考试卷A卷.pdf,"{""id"": ""6a07263cabfe09661dcd8bee"", ""reused_existing"": false}",,数理方程往年题,课程,数理方程,往年题,数理方程2023-2024第二学期考试卷A卷.pdf,0.39,2023-2024学年第二学期数理方程与特殊函数考试A卷，考试时间150分钟，包含判断方程类型、分离变量法、非齐次边界条件、达朗贝尔公式、积分变换法、贝塞尔函数等题目，涉及偏微分方程求解与特征值问题。
数理方程/数理方程2答案.pdf,"{""id"": ""6a072625abfe09661dcd8bd4"", ""reused_existing"": true}",,数理方程往年题,课程,数理方程,往年题,数理方程2答案.pdf,0.53,数理方程试卷答案，包含分离变量法和固有函数法求解定解问题，涉及齐次与非齐次边界条件，适用于复习备考。
数理方程/数理方程串讲.pdf,"{""id"": ""6a072623abfe09661dcd8bd2"", ""reused_existing"": false}",,数理方程复习资料,课程,数理方程,复习资料,数理方程串讲.pdf,1.7,华中科技大学光学与电子信息学院梁晋铭主讲的数理方程串讲资料，涵盖题型分布、绪论、分离变量法、行波法与积分变换法、贝塞尔函数、格林函数法等核心知识点，适用于2025年课程复习。
数理方程/数理方程模拟题(1)_答案.pdf,"{""id"": ""6a072624abfe09661dcd8bd3"", ""reused_existing"": false}",,数理方程复习资料,课程,数理方程,复习资料,数理方程模拟题(1)_答案.pdf,2.0,华中科技大学数理方程模拟题答案，包含分离变量法求解偏微分方程的过程，涉及特征值问题、通解形式及边界条件应用。
数理方程/数理方程模拟题(1)_试题.pdf,"{""id"": ""6a07263aabfe09661dcd8bec"", ""reused_existing"": true}",,数理方程往年题,课程,数理方程,往年题,数理方程模拟题(1)_试题.pdf,0.48,数理方程模拟题，包含四道大题：分离变量法求解波动方程、特征函数法求解热传导方程、非齐次边界条件的拉普拉斯方程、达朗贝尔公式求解半无界波动方程。适用于课程复习与考试练习。
数理方程/数理方程模拟题(2)_答案.pdf,"{""id"": ""6a072625abfe09661dcd8bd4"", ""reused_existing"": false}",,数理方程复习资料,课程,数理方程,复习资料,数理方程模拟题(2)_答案.pdf,0.53,数理方程模拟题答案，包含三道大题：第一题用分离变量法求解波动方程定解问题；第二题用特征函数法求解泊松方程边值问题；第三题求解非齐次边界条件的热传导方程。涉及特征值、特征函数、傅里叶级数展开等知识点。
数理方程/数理方程模拟题(2)_试题.pdf,"{""id"": ""6a07263babfe09661dcd8bed"", ""reused_existing"": true}",,数理方程往年题,课程,数理方程,往年题,数理方程模拟题(2)_试题.pdf,0.48,数理方程模拟题，包含四道大题：分离变量法求解波动方程、格林函数法求解拉普拉斯方程、非齐次边界条件的热传导方程、达朗贝尔公式求解无界波动方程。适用于课程复习与考试练习。
数理方程/数理方程笔记（fj）.pdf,"{""id"": ""6a072627abfe09661dcd8bd5"", ""reused_existing"": false}",,数理方程复习资料,课程,数理方程,复习资料,数理方程笔记（fj）.pdf,40.51,该笔记涵盖数理方程的核心内容，包括分离变量法、傅里叶变换及其在偏微分方程求解中的应用，涉及边界条件、特征值问题等知识点。
数理方程/数理方程练习题第九版答案.pdf,"{""id"": ""6a072628abfe09661dcd8bd6"", ""reused_existing"": false}",,数理方程复习资料,课程,数理方程,复习资料,数理方程练习题第九版答案.pdf,0.24,数理方程第九版练习题答案，包含练习一至练习八的解答，涉及波动方程、热传导方程、拉普拉斯方程等典型问题的分离变量法求解，以及边界条件、初始条件的处理。
数理方程/数理方程练习题第十版.pdf,"{""id"": ""6a072628abfe09661dcd8bd7"", ""reused_existing"": false}",,数理方程复习资料,课程,数理方程,复习资料,数理方程练习题第十版.pdf,0.4,数理方程练习题第十版，包含波动方程、热传导方程等典型习题，涉及边界条件、初始条件、线性与非线性方程判断等知识点。
数理方程/数理方程练习题第十版答案.pdf,"{""id"": ""6a072629abfe09661dcd8bd8"", ""reused_existing"": false}",,数理方程复习资料,课程,数理方程,复习资料,数理方程练习题第十版答案.pdf,0.26,该PDF文件为数理方程第十版练习题答案，包含练习一至练习十八及附录，由林嘉茉于2025年3月整理。答案前部分过程详细，后部分省略了部分计算步骤，但提供了必要的推导提示。适用于华中科技大学光电专业学生参考，禁止商业用途。
数理方程/数理方程练习题第十版答案（练习一至练习九）.pdf,"{""id"": ""6a07262aabfe09661dcd8bd9"", ""reused_existing"": false}",,数理方程复习资料,课程,数理方程,复习资料,数理方程练习题第十版答案（练习一至练习九）.pdf,0.11,数理方程第十版练习题答案，涵盖练习一至练习九，由林嘉茉编写，提供详细解题过程，适用于华中科技大学课程学习。
数理方程/数理方程自学笔记.pdf,"{""id"": ""6a07264babfe09661dcd8bf5"", ""reused_existing"": false}",,数理方程课程资料,课程,数理方程,课程资料,数理方程自学笔记.pdf,4.03,该文本片段涵盖数理方程自学笔记中傅里叶级数展开、系数计算、正弦与余弦级数、指数形式，以及傅里叶变换、拉普拉斯变换的引用。还包括莱布尼茨积分法则、高斯函数、二阶常系数微分方程、欧拉方程和施图姆-刘维尔理论等数学工具。
数理方程/数理方程课件/MPEslide0.pdf,"{""id"": ""69ee1ce8aea294ac499adb93"", ""reused_existing"": true}",,数理方程数理方程课件,课程,数理方程,数理方程课件,MPEslide0.pdf,0.27,数学物理方程与特殊函数课程课件，涵盖数学物理方法、偏微分方程、特殊函数（如Bessel函数、Legendre多项式、Γ函数、B函数）等内容，适用于数理方程学科。
数理方程/数理方程课件/MPEslide1.pdf,"{""id"": ""69ee1ce9aea294ac499adb94"", ""reused_existing"": true}",,数理方程数理方程课件,课程,数理方程,数理方程课件,MPEslide1.pdf,0.4,该片段为数学物理方程课件，介绍偏微分方程的基本概念、定解问题的提法，以及根据物理系统边界条件和初始条件建立数学模型的方法。
数理方程/数理方程课件/MPEslide2.pdf,"{""id"": ""69ee1ceaaea294ac499adb9a"", ""reused_existing"": true}",,数理方程数理方程课件,课程,数理方程,数理方程课件,MPEslide2.pdf,0.98,该片段为《数理方程》课件MPEslide2.pdf的第2-3页，介绍§2.1节波动方程的定解问题，包括波动方程、边界条件和初始条件。适用于数理方程课程学习。
数理方程/数理方程课件/MPEslide3.pdf,"{""id"": ""69ee1ceaaea294ac499adb98"", ""reused_existing"": true}",,数理方程数理方程课件,课程,数理方程,数理方程课件,MPEslide3.pdf,0.6,该PDF为《数理方程》课程第三章第一节的PPT，主要介绍D'Alembert公式及其在波动方程求解中的应用，包含公式推导与例题。
数理方程/数理方程课件/MPEslide4.pdf,"{""id"": ""69ee1ceaaea294ac499adb99"", ""reused_existing"": true}",,数理方程数理方程课件,课程,数理方程,数理方程课件,MPEslide4.pdf,0.61,该片段为《数理方程》课程中关于Green函数的幻灯片，主要介绍Green公式及其应用，并提及对称性。内容涵盖Green函数的基本概念和性质，适合用于数理方程中边值问题的求解。
数理方程/数理方程课件/MPEslide5.pdf,"{""id"": ""69ee1ce9aea294ac499adb96"", ""reused_existing"": true}",,数理方程数理方程课件,课程,数理方程,数理方程课件,MPEslide5.pdf,0.57,本课件介绍Bessel方程与Bessel函数，包括在柱坐标系下对定解问题进行分离变量导出Bessel方程，讨论其求解方法及性质，并介绍Bessel函数在求解数学物理方程中的应用。
数理方程/数理方程课件/第 1 章1.1-1.5方程的导出与定解条件.PPT,"{""id"": ""69ee1cecaea294ac499adba1"", ""reused_existing"": true}",,数理方程数理方程课件,课程,数理方程,数理方程课件,第 1 章1.1-1.5方程的导出与定解条件.PPT,1.87,本章介绍数理方程的导出过程及定解条件的设定。
数理方程/数理方程课件/第 2 章 2.1有界弦的自由振动.PPT,"{""id"": ""69ee1cecaea294ac499adba2"", ""reused_existing"": true}",,数理方程数理方程课件,课程,数理方程,数理方程课件,第 2 章 2.1有界弦的自由振动.PPT,1.96,本章介绍有界弦的自由振动问题及其数学描述。
数理方程/数理方程课件/第 2 章 2.2有限长杆的热传导问题.PPT,"{""id"": ""69ee1cebaea294ac499adb9c"", ""reused_existing"": true}",,数理方程数理方程课件,课程,数理方程,数理方程课件,第 2 章 2.2有限长杆的热传导问题.PPT,1.12,本章介绍有限长杆的热传导问题，包括数学模型和求解方法。
数理方程/数理方程课件/第 2 章 2.3二维拉普拉斯方程的边值问题.PPT,"{""id"": ""69ee1cedaea294ac499adba7"", ""reused_existing"": true}",,数理方程数理方程课件,课程,数理方程,数理方程课件,第 2 章 2.3二维拉普拉斯方程的边值问题.PPT,2.17,本章介绍二维拉普拉斯方程的边值问题及其求解方法。
数理方程/数理方程课件/第 2 章 2.4非齐次方程的求解问题.PPT,"{""id"": ""69ee1cedaea294ac499adbab"", ""reused_existing"": true}",,数理方程数理方程课件,课程,数理方程,数理方程课件,第 2 章 2.4非齐次方程的求解问题.PPT,3.1,介绍非齐次方程的求解方法，包括相关定理和步骤。
数理方程/数理方程课件/第 2 章 2.5具有非齐次边界条件的问题.PPT,"{""id"": ""69ee1cecaea294ac499adb9f"", ""reused_existing"": true}",,数理方程数理方程课件,课程,数理方程,数理方程课件,第 2 章 2.5具有非齐次边界条件的问题.PPT,1.52,介绍具有非齐次边界条件的数理方程问题的求解方法。
数理方程/数理方程课件/第 2 章 2.6固有值和固有函数.PPT,"{""id"": ""69ee1cebaea294ac499adb9b"", ""reused_existing"": true}",,数理方程数理方程课件,课程,数理方程,数理方程课件,第 2 章 2.6固有值和固有函数.PPT,1.06,本章介绍数理方程中固有值与固有函数的概念及相关内容。
数理方程/数理方程课件/第 3 章 3.1达朗贝尔.PPT,"{""id"": ""69ee1cedaea294ac499adba5"", ""reused_existing"": true}",,数理方程数理方程课件,课程,数理方程,数理方程课件,第 3 章 3.1达朗贝尔.PPT,2.15,本章介绍达朗贝尔解法，用于求解一维波动方程的初值问题。
数理方程/数理方程课件/第 3 章 3.2高维波动方程的初值问题.PPT,"{""id"": ""69ee1cecaea294ac499adba0"", ""reused_existing"": true}",,数理方程数理方程课件,课程,数理方程,数理方程课件,第 3 章 3.2高维波动方程的初值问题.PPT,1.85,本章节介绍高维波动方程的初值问题，包括基本概念与求解方法。
数理方程/数理方程课件/第 3 章 3.3 积分变换法.PPT,"{""id"": ""6a072641abfe09661dcd8bf1"", ""reused_existing"": false}",,数理方程数理方程课件,课程,数理方程,数理方程课件,第 3 章 3.3 积分变换法.PPT,2.08,数理方程第3章3.3节积分变换法的PPT课件
数理方程/数理方程课件/第 4 章 4.1格林公式及其应用.PPT,"{""id"": ""69ee1cedaea294ac499adbaa"", ""reused_existing"": true}",,数理方程数理方程课件,课程,数理方程,数理方程课件,第 4 章 4.1格林公式及其应用.PPT,2.87,介绍格林公式及其在数理方程中的应用。
数理方程/数理方程课件/第 4 章 4.2 格林函数.PPT,"{""id"": ""69ee1cebaea294ac499adb9e"", ""reused_existing"": true}",,数理方程数理方程课件,课程,数理方程,数理方程课件,第 4 章 4.2 格林函数.PPT,1.33,本章介绍格林函数的概念及其在求解偏微分方程边值问题中的应用。
"数理方程/数理方程课件/第 4 章 4.3-4.4 格林函数的应用;试探法,泊松方程求解.PPT","{""id"": ""69ee1cedaea294ac499adba6"", ""reused_existing"": true}",,数理方程数理方程课件,课程,数理方程,数理方程课件,"第 4 章 4.3-4.4 格林函数的应用;试探法,泊松方程求解.PPT",2.14,介绍格林函数在泊松方程求解中的应用及试探法。
数理方程/数理方程课件/第 5 章 5.1-5.2 贝塞尔函数.PPT,"{""id"": ""69ee1cedaea294ac499adba9"", ""reused_existing"": true}",,数理方程数理方程课件,课程,数理方程,数理方程课件,第 5 章 5.1-5.2 贝塞尔函数.PPT,2.24,介绍贝塞尔函数的定义、性质及其在数理方程中的应用。
数理方程/数理方程课件/第 5 章 5.3 按贝塞尔函数展开成级数.PPT,"{""id"": ""69ee1cebaea294ac499adb9d"", ""reused_existing"": true}",,数理方程数理方程课件,课程,数理方程,数理方程课件,第 5 章 5.3 按贝塞尔函数展开成级数.PPT,1.19,介绍按贝塞尔函数展开成级数的方法
数理方程/数理方程课件/第 5 章 5.4 贝塞尔函数的应用.PPT,"{""id"": ""69ee1cecaea294ac499adba3"", ""reused_existing"": true}",,数理方程数理方程课件,课程,数理方程,数理方程课件,第 5 章 5.4 贝塞尔函数的应用.PPT,1.88,介绍贝塞尔函数在数理方程中的典型应用场景。
数理方程/数理方程课件/课程总结.PPT,"{""id"": ""69ee1cedaea294ac499adba4"", ""reused_existing"": true}",,数理方程数理方程课件,课程,数理方程,数理方程课件,课程总结.PPT,1.93,数理方程课程总结PPT，涵盖核心概念与公式回顾。
数理方程/数理答案(1)_加水印.pdf,"{""id"": ""6a07262babfe09661dcd8bda"", ""reused_existing"": false}",,数理方程复习资料,课程,数理方程,复习资料,数理答案(1)_加水印.pdf,25.1,数理方程课程习题答案，PDF格式，含加水印，适用于复习与自测。
数理方程/第 4 周 周一 正式 slides 2023 无批注.pdf,"{""id"": ""6a07260aabfe09661dcd8bc4"", ""reused_existing"": true}",,数理方程课件,课程,数理方程,课件,第 4 周 周一 正式 slides 2023 无批注.pdf,7.08,本资料为2023年数理方程课程第4周周一正式slides，内容聚焦泊松方程（非齐次拉普拉斯方程）的求解。通过圆域内泊松方程的边值问题示例，讲解固有函数法的应用步骤，包括极坐标变换、固有函数系展开及系数比较法。适用于学习数理方程中偏微分方程边值问题的求解方法。
数理方程/第 4 周 周四 正式 slides 2023 无批注.pdf,"{""id"": ""6a07260cabfe09661dcd8bc5"", ""reused_existing"": true}",,数理方程课件,课程,数理方程,课件,第 4 周 周四 正式 slides 2023 无批注.pdf,10.06,本slides介绍了固有值与固有函数的概念，包括施图姆-刘维尔方程的一般形式、固有值与固有函数的定义、性质（如无穷多个实固有值、正交性）以及按固有函数系展开的收敛性。
数理方程/第 6 周 周四 正式 slides 2023 无批注.pdf,"{""id"": ""6a072611abfe09661dcd8bc9"", ""reused_existing"": true}",,数理方程复习资料,课程,数理方程,复习资料,第 6 周 周四 正式 slides 2023 无批注.pdf,17.01,该片段为《数理方程》课程中积分变换法的复习内容，涵盖傅里叶变换及其逆变换、拉普拉斯变换的定义，并通过例3求解函数f(x)的傅里叶逆变换，利用欧拉积分得出结果。
数理方程/第11次作业.docx,"{""id"": ""6a07262cabfe09661dcd8bdb"", ""reused_existing"": false}",,数理方程复习资料,课程,数理方程,复习资料,第11次作业.docx,0.03,本次作业包含四道定解问题求解：无限长弦自由振动（初始位移和速度给定）、两个一维波动方程定解问题、以及用行波法求解定解问题。
数理方程/第12次作业.docx,"{""id"": ""6a07262dabfe09661dcd8bdc"", ""reused_existing"": false}",,数理方程复习资料,课程,数理方程,复习资料,第12次作业.docx,0.02,数理方程第12次作业，包含三道题：利用延拓法求解半空间问题；利用基尔霍夫公式及坐标变换求解三维波动方程Cauchy问题；利用泊松公式及极坐标变换求解二维波动方程Cauchy问题。
数理方程/第13次作业.docx,"{""id"": ""6a07262eabfe09661dcd8bdd"", ""reused_existing"": false}",,数理方程复习资料,课程,数理方程,复习资料,第13次作业.docx,0.02,数理方程第13次作业，包含三道用积分变换法求解定解问题的题目。
数理方程/第14次作业.docx,"{""id"": ""6a07262fabfe09661dcd8bde"", ""reused_existing"": false}",,数理方程复习资料,课程,数理方程,复习资料,第14次作业.docx,0.05,本次作业包含三道热传导方程定解问题：半无限长固体初始温度为零，表面保持常数温度，求温度分布；用积分变换法求解含常数系数的热传导问题；以及另一积分变换法求解的定解问题。
数理方程/第15次作业.docx,"{""id"": ""6a072631abfe09661dcd8bdf"", ""reused_existing"": false}",,数理方程复习资料,课程,数理方程,复习资料,第15次作业.docx,0.06,第15次数理方程作业，包含5道证明题：利用极值原理证明球体内函数性质；利用格林第一、第二公式证明调和函数及边值问题解的唯一性；证明三维全空间下调和函数的等价条件。
数理方程/第16次作业.docx,"{""id"": ""6a072632abfe09661dcd8be0"", ""reused_existing"": false}",,数理方程复习资料,课程,数理方程,复习资料,第16次作业.docx,0.02,本次作业包含三道题目：证明二维调和函数的积分表达式；用分离变量法和试探法求解含常数A的定解问题；用试探法求解含常数μ的定解问题。
数理方程/第17次作业.docx,"{""id"": ""6a072632abfe09661dcd8be1"", ""reused_existing"": false}",,数理方程复习资料,课程,数理方程,复习资料,第17次作业.docx,0.02,第17次作业，包含两个问题：在下半平面内求解拉普拉斯方程的边值问题，以及用分离变量法和格林法求解含常数A的定解问题。
数理方程/第1次作业.doc,"{""id"": ""6a072633abfe09661dcd8be2"", ""reused_existing"": false}",,数理方程复习资料,课程,数理方程,复习资料,第1次作业.doc,0.05,数理方程第1次作业，涉及波动方程的定解问题，包括初始位移、初始速度等条件，以及边界条件的设定。文档包含数学公式和推导过程，适合复习波动方程的基本概念和求解方法。
数理方程/第3次作业.docx,"{""id"": ""6a072634abfe09661dcd8be3"", ""reused_existing"": false}",,数理方程复习资料,课程,数理方程,复习资料,第3次作业.docx,0.03,数理方程第三次作业，包含证明方程解、求解二阶偏微分方程通解及特解、求固有值问题的固有值和固有函数、结合固有值问题求解定解问题。
数理方程/第3次作业答案.pdf,"{""id"": ""6a072635abfe09661dcd8be4"", ""reused_existing"": false}",,数理方程复习资料,课程,数理方程,复习资料,第3次作业答案.pdf,0.28,该文档为数理方程课程第三次作业答案，包含偏微分方程求解、固有值问题及定解问题等内容，涉及波动方程、二阶偏微分方程的通解与特解，以及固有值和固有函数的求解。
数理方程/第4次作业.docx,"{""id"": ""6a072635abfe09661dcd8be5"", ""reused_existing"": false}",,数理方程复习资料,课程,数理方程,复习资料,第4次作业.docx,0.06,数理方程第4次作业，包含定解问题求解、固有值问题求固有值和固有函数，以及结合上题求解定解问题，并详细写出分部积分过程。
数理方程/第6次作业.docx,"{""id"": ""6a072636abfe09661dcd8be6"", ""reused_existing"": false}",,数理方程复习资料,课程,数理方程,复习资料,第6次作业.docx,0.02,数理方程第6次作业，包含5道定解问题求解题，涉及分离变量法，提示无非齐次项时可用X(x)T(t)形式推导。
数理方程/第7次作业.docx,"{""id"": ""6a072637abfe09661dcd8be7"", ""reused_existing"": false}",,数理方程复习资料,课程,数理方程,复习资料,第7次作业.docx,0.02,数理方程第7次作业，包含三个定解问题求解，其中第三题提示构造辅助函数实现方程和边界条件齐次化。
数理方程/第8次作业.docx,"{""id"": ""6a072637abfe09661dcd8be8"", ""reused_existing"": false}",,数理方程复习资料,课程,数理方程,复习资料,第8次作业.docx,0.02,数理方程第8次作业，包含三个问题：求两个定解问题的解，以及证明特征值问题的固有函数系在区间上带权函数正交。
数理方程/第9次作业.docx,"{""id"": ""6a072638abfe09661dcd8be9"", ""reused_existing"": false}",,数理方程复习资料,课程,数理方程,复习资料,第9次作业.docx,0.12,本次作业要求通过变量替换，将关于F(r)的方程转化为关于y(x)的方程，涉及数理方程中的变量替换技巧。
数理方程/练习册第十版(学生用版本).pdf,"{""id"": ""6a07264babfe09661dcd8bf6"", ""reused_existing"": false}",,数理方程课程资料,课程,数理方程,课程资料,练习册第十版(学生用版本).pdf,0.4,该文本片段为《数理方程》练习册第十版（学生用版本）的部分内容，包含波动方程定解问题、边界条件、初始条件以及线性与非线性偏微分方程的判别练习。
数理方程/练习册第十版(附答案和提示).pdf,"{""id"": ""6a072639abfe09661dcd8bea"", ""reused_existing"": false}",,数理方程复习资料,课程,数理方程,复习资料,练习册第十版(附答案和提示).pdf,0.39,该文本片段为数理方程练习册第十版（附答案和提示）的部分内容，包含波动方程和热传导方程的定解问题，涉及边界条件、初始条件以及线性与非线性偏微分方程的判断。
数理方程/课件/MPEslide0.pdf,"{""id"": ""69ee1ce8aea294ac499adb93"", ""reused_existing"": true}",,数理方程课件,课程,数理方程,课件,MPEslide0.pdf,0.27,数学物理方程与特殊函数课程课件，涵盖数学物理方法、特殊函数（如Bessel函数、Legendre多项式、Γ函数、B函数）、积分变换、偏微分方程等知识点，适用于数理方程学科。
数理方程/课件/MPEslide1.pdf,"{""id"": ""69ee1ce9aea294ac499adb94"", ""reused_existing"": true}",,数理方程课件,课程,数理方程,课件,MPEslide1.pdf,0.4,该片段为《数理方程》课程PPT第1章内容，介绍数学物理方程的导出与定解条件。包括波动方程、热传导方程等典型方程的推导，以及初始条件和边界条件的设定。适用于数理方程课程学习。年份不详，资料类型为教学幻灯片。
数理方程/课件/MPEslide2.pdf,"{""id"": ""69ee1ceaaea294ac499adb9a"", ""reused_existing"": true}",,数理方程课件,课程,数理方程,课件,MPEslide2.pdf,0.98,该片段为《数理方程》课件第2章第1节，介绍波动方程的定解问题，包括方程、边界条件和初始条件，适用于分离变量法教学。
数理方程/课件/MPEslide3.pdf,"{""id"": ""69ee1ceaaea294ac499adb98"", ""reused_existing"": true}",,数理方程课件,课程,数理方程,课件,MPEslide3.pdf,0.6,该片段为《数理方程》课程PPT第3章第1节，介绍D'Alembert公式及其在波动方程求解中的应用。
数理方程/课件/MPEslide4.pdf,"{""id"": ""69ee1ceaaea294ac499adb99"", ""reused_existing"": true}",,数理方程课件,课程,数理方程,课件,MPEslide4.pdf,0.61,该课件为《数理方程》第4章Green函数部分，内容涵盖Green公式及其应用、对称性等知识点，适用于本科或研究生教学。
数理方程/课件/MPEslide5.pdf,"{""id"": ""69ee1ce9aea294ac499adb96"", ""reused_existing"": true}",,数理方程课件,课程,数理方程,课件,MPEslide5.pdf,0.57,该课件为《数理方程》第五章内容，主要介绍Bessel方程与Bessel函数。通过极坐标系下求解定解问题导出Bessel方程，讨论其求解方法及性质，并说明Bessel函数在求解数学物理方程中的应用。
数理方程/课件/第 1 章1.1-1.5方程的导出与定解条件.PPT,"{""id"": ""69ee1cecaea294ac499adba1"", ""reused_existing"": true}",,数理方程课件,课程,数理方程,课件,第 1 章1.1-1.5方程的导出与定解条件.PPT,1.87,本章介绍数理方程的导出过程及定解条件的设定。
数理方程/课件/第 2 章 2.1有界弦的自由振动.PPT,"{""id"": ""69ee1cecaea294ac499adba2"", ""reused_existing"": true}",,数理方程课件,课程,数理方程,课件,第 2 章 2.1有界弦的自由振动.PPT,1.96,本章介绍有界弦的自由振动问题及其数学建模与求解方法。
数理方程/课件/第 2 章 2.2有限长杆的热传导问题.PPT,"{""id"": ""69ee1cebaea294ac499adb9c"", ""reused_existing"": true}",,数理方程课件,课程,数理方程,课件,第 2 章 2.2有限长杆的热传导问题.PPT,1.12,本章介绍有限长杆的热传导问题，包括边界条件和求解方法。
数理方程/课件/第 2 章 2.3二维拉普拉斯方程的边值问题.PPT,"{""id"": ""69ee1cedaea294ac499adba7"", ""reused_existing"": true}",,数理方程课件,课程,数理方程,课件,第 2 章 2.3二维拉普拉斯方程的边值问题.PPT,2.17,本章介绍二维拉普拉斯方程的边值问题及其求解方法。
数理方程/课件/第 2 章 2.4非齐次方程的求解问题.PPT,"{""id"": ""69ee1cedaea294ac499adbab"", ""reused_existing"": true}",,数理方程课件,课程,数理方程,课件,第 2 章 2.4非齐次方程的求解问题.PPT,3.1,本章介绍非齐次方程的求解方法，包括相关理论和步骤。
数理方程/课件/第 2 章 2.5具有非齐次边界条件的问题.PPT,"{""id"": ""69ee1cecaea294ac499adb9f"", ""reused_existing"": true}",,数理方程课件,课程,数理方程,课件,第 2 章 2.5具有非齐次边界条件的问题.PPT,1.52,本章介绍具有非齐次边界条件的数理方程问题的求解方法。
数理方程/课件/第 2 章 2.6固有值和固有函数.PPT,"{""id"": ""69ee1cebaea294ac499adb9b"", ""reused_existing"": true}",,数理方程课件,课程,数理方程,课件,第 2 章 2.6固有值和固有函数.PPT,1.06,本章介绍固有值和固有函数的概念及其在数理方程中的应用。
数理方程/课件/第 3 章 3.1达朗贝尔.PPT,"{""id"": ""69ee1cedaea294ac499adba5"", ""reused_existing"": true}",,数理方程课件,课程,数理方程,课件,第 3 章 3.1达朗贝尔.PPT,2.15,本章介绍达朗贝尔公式及其在波动方程求解中的应用。
数理方程/课件/第 3 章 3.2高维波动方程的初值问题.PPT,"{""id"": ""69ee1cecaea294ac499adba0"", ""reused_existing"": true}",,数理方程课件,课程,数理方程,课件,第 3 章 3.2高维波动方程的初值问题.PPT,1.85,本章介绍高维波动方程的初值问题，包括基本概念与求解方法。
数理方程/课件/第 3 章 3.3 积分变换法.PPT,"{""id"": ""6a072641abfe09661dcd8bf1"", ""reused_existing"": true}",,数理方程课件,课程,数理方程,课件,第 3 章 3.3 积分变换法.PPT,2.08,本章介绍积分变换法在数理方程中的应用，包括傅里叶变换和拉普拉斯变换的基本概念与求解步骤。
数理方程/课件/第 4 章 4.1格林公式及其应用.PPT,"{""id"": ""69ee1cedaea294ac499adbaa"", ""reused_existing"": true}",,数理方程课件,课程,数理方程,课件,第 4 章 4.1格林公式及其应用.PPT,2.87,介绍格林公式及其在数理方程中的应用。
数理方程/课件/第 4 章 4.2 格林函数.PPT,"{""id"": ""69ee1cebaea294ac499adb9e"", ""reused_existing"": true}",,数理方程课件,课程,数理方程,课件,第 4 章 4.2 格林函数.PPT,1.33,本章介绍格林函数的基本概念及其在数理方程中的应用。
"数理方程/课件/第 4 章 4.3-4.4 格林函数的应用;试探法,泊松方程求解.PPT","{""id"": ""69ee1cedaea294ac499adba6"", ""reused_existing"": true}",,数理方程课件,课程,数理方程,课件,"第 4 章 4.3-4.4 格林函数的应用;试探法,泊松方程求解.PPT",2.14,介绍格林函数在泊松方程求解中的应用及试探法。
数理方程/课件/第 5 章 5.1-5.2 贝塞尔函数.PPT,"{""id"": ""69ee1cedaea294ac499adba9"", ""reused_existing"": true}",,数理方程课件,课程,数理方程,课件,第 5 章 5.1-5.2 贝塞尔函数.PPT,2.24,介绍贝塞尔函数的定义与基本性质。
数理方程/课件/第 5 章 5.3 按贝塞尔函数展开成级数.PPT,"{""id"": ""69ee1cebaea294ac499adb9d"", ""reused_existing"": true}",,数理方程课件,课程,数理方程,课件,第 5 章 5.3 按贝塞尔函数展开成级数.PPT,1.19,介绍按贝塞尔函数展开成级数的方法
数理方程/课件/第 5 章 5.4 贝塞尔函数的应用.PPT,"{""id"": ""69ee1cecaea294ac499adba3"", ""reused_existing"": true}",,数理方程课件,课程,数理方程,课件,第 5 章 5.4 贝塞尔函数的应用.PPT,1.88,介绍贝塞尔函数在数理方程中的典型应用场景。
数理方程/课件/课程总结.PPT,"{""id"": ""69ee1cedaea294ac499adba4"", ""reused_existing"": true}",,数理方程课件,课程,数理方程,课件,课程总结.PPT,1.93,数理方程课程总结PPT，涵盖核心概念与公式回顾。
数理方程/课程总结.PPT,"{""id"": ""6a072649abfe09661dcd8bf3"", ""reused_existing"": false}",,数理方程课件,课程,数理方程,课件,课程总结.PPT,1.95,数理方程课程总结PPT，涵盖核心概念与公式回顾。
数理方程/随机过程试卷答案——刘颖浩(1).pdf,"{""id"": ""6a07263dabfe09661dcd8bef"", ""reused_existing"": false}",,数理方程往年题,课程,数理方程,往年题,随机过程试卷答案——刘颖浩(1).pdf,1.1,该PDF文件为随机过程课程的试卷答案，由刘颖浩提供，适用于数理方程学科，可作为复习资料使用。
数电/1-3.pdf,"{""id"": ""6a072681abfe09661dcd8c27"", ""reused_existing"": false}",,数电课程资料,课程,数电,课程资料,1-3.pdf,0.51,数字逻辑基础：二值逻辑变量、基本逻辑运算（与、或、非）及其电路实现。
数电/2-1.pdf,"{""id"": ""6a072682abfe09661dcd8c28"", ""reused_existing"": false}",,数电课程资料,课程,数电,课程资料,2-1.pdf,0.6,逻辑代数基本定理、规则、化简方法及Verilog HDL基础，数字电路课程内容。
数电/2-2.pdf,"{""id"": ""6a072683abfe09661dcd8c29"", ""reused_existing"": false}",,数电课程资料,课程,数电,课程资料,2-2.pdf,0.31,逻辑函数的代数化简法，包括最简与-或表达式、与非-与非表达式等变换方法。
数电/2-3.pdf,"{""id"": ""6a072683abfe09661dcd8c2a"", ""reused_existing"": false}",,数电课程资料,课程,数电,课程资料,2-3.pdf,0.44,介绍卡诺图表示和化简逻辑函数的方法，包括卡诺图定义、特点及化简步骤。
数电/2011秋数电考试题-56学时(1) (1).pdf,"{""id"": ""6a07265dabfe09661dcd8c06"", ""reused_existing"": false}",,数电往年题,课程,数电,往年题,2011秋数电考试题-56学时(1) (1).pdf,1.31,2011年秋季数字电子技术课程56学时考试试题，适用于期末复习与自测。
数电/2019年数电真题及仅供参考的答案.pdf,"{""id"": ""6a07265eabfe09661dcd8c07"", ""reused_existing"": false}",,数电往年题,课程,数电,往年题,2019年数电真题及仅供参考的答案.pdf,4.58,2019年华中科技大学数字电路与逻辑设计（一）A卷闭卷考试真题，包含填空题、化简题、波形图、组合电路分析等题型，涉及格雷码、逻辑函数反演、三态门、D触发器、JK触发器、ROM、ADC、DAC、Verilog HDL等知识点。
数电/2019数电答案.pdf,"{""id"": ""6a07265fabfe09661dcd8c08"", ""reused_existing"": false}",,数电往年题,课程,数电,往年题,2019数电答案.pdf,1.38,华中科技大学2019年数字电路与逻辑设计（一）A卷答案，包含填空题、化简题、画波形图、组合电路分析等题型，涉及格雷码、三态门、触发器、ROM、A/D转换器等知识点。
数电/CH09_脉冲波形的变换与产生_lite.pdf,"{""id"": ""6a072684abfe09661dcd8c2b"", ""reused_existing"": false}",,数电课程资料,课程,数电,课程资料,CH09_脉冲波形的变换与产生_lite.pdf,1.93,数字电路第9章，讲解脉冲波形的变换与产生，包括单稳态触发器、施密特触发器、多谐振荡器的原理、参数计算及应用。
数电/bChwY-1598942718417-数字逻辑复习大纲-2020.pdf,"{""id"": ""6a07264cabfe09661dcd8bf8"", ""reused_existing"": false}",,数电复习资料,课程,数电,复习资料,bChwY-1598942718417-数字逻辑复习大纲-2020.pdf,0.21,数字逻辑复习大纲，涵盖数制转换、逻辑代数、组合逻辑电路、锁存器与触发器、时序逻辑电路及Verilog HDL。重点包括卡诺图化简、MSI器件应用、同步时序电路设计。出题方式为填空、化简、分析与设计。适用于2020年数字电路课程复习。
数电/ch04.5-Verilog基础.ppt,"{""id"": ""6a07267dabfe09661dcd8c22"", ""reused_existing"": false}",,数电课件,课程,数电,课件,ch04.5-Verilog基础.ppt,0.83,介绍Verilog硬件描述语言在数字电路设计中的基础应用。
数电/chap2部分习题解答.pdf,"{""id"": ""6a07264dabfe09661dcd8bf9"", ""reused_existing"": false}",,数电复习资料,课程,数电,复习资料,chap2部分习题解答.pdf,5.44,数电课程第二章部分习题解答的PDF文件，包含课后习题的详细解答过程，适合复习和巩固知识点。
数电/chap4部分习题解答.pdf,"{""id"": ""6a07264fabfe09661dcd8bfa"", ""reused_existing"": false}",,数电复习资料,课程,数电,复习资料,chap4部分习题解答.pdf,29.33,数电第4章部分习题解答的PDF文件，包含典型题目解析与答案，适合复习巩固。
数电/chap5部分习题解答.pdf,"{""id"": ""6a072650abfe09661dcd8bfb"", ""reused_existing"": false}",,数电复习资料,课程,数电,复习资料,chap5部分习题解答.pdf,11.2,数电第5章部分习题解答PDF，包含典型题目解析与答案，适合复习巩固。无具体年份信息。
数电/chap6部分习题解答.pdf,"{""id"": ""6a072652abfe09661dcd8bfc"", ""reused_existing"": false}",,数电复习资料,课程,数电,复习资料,chap6部分习题解答.pdf,45.55,数电第六章部分习题解答PDF，包含课后习题答案与解析，适合复习与自测。
数电/example (1).pdf,"{""id"": ""6a072685abfe09661dcd8c2c"", ""reused_existing"": false}",,数电课程资料,课程,数电,课程资料,example (1).pdf,0.3,Verilog HDL速成论文，涵盖基本语法、数据类型等，适用于数字电路学习。
数电/填空题.pdf,"{""id"": ""6a072653abfe09661dcd8bfd"", ""reused_existing"": false}",,数电复习资料,课程,数电,复习资料,填空题.pdf,0.14,该文件为数电填空题，包含30道题目，涵盖计数器、DRAM、Verilog语法、CMOS功耗、施密特触发器、单稳态电路、分频器、逻辑函数对偶、CPLD与FPGA结构、译码器、A/D转换、LUT乘法器、LCD显存、扭环计数器、ASCII奇校验、T触发器、D/A转换、二进制与BCD码、电平匹配、Flash ADC、OD门、NAND Flash、循环移位、最小项与最大项关系等知识点。
数电/复习课件.pdf,"{""id"": ""6a072653abfe09661dcd8bfe"", ""reused_existing"": false}",,数电复习资料,课程,数电,复习资料,复习课件.pdf,0.52,该课件为2015年《数字电路与逻辑设计》课程总结，涵盖逻辑代数、组合与时序逻辑电路、触发器、可编程逻辑器件及模数/数模转换等核心内容，强调掌握数字逻辑电路的基本原理、分析与设计方法，以及集成电路的使用。适合复习数字电路基础知识与重点难点。
数电/复习题.pdf,"{""id"": ""6a072654abfe09661dcd8bff"", ""reused_existing"": false}",,数电复习资料,课程,数电,复习资料,复习题.pdf,0.27,数电复习题，涵盖JK触发器构成的二进制减法计数器、Verilog语法（8'h34的8421BCD码、assign多路选择器、always循环移位）、施密特触发器、石英晶体振荡器分频、独热码状态数、逻辑函数化简与异或、最小项与最大项关系、D/A转换器输出频率计算等知识点。
数电/数字电路与逻辑设计 Spring 2019 OEI 周楠森.pdf,"{""id"": ""6a072655abfe09661dcd8c00"", ""reused_existing"": false}",,数电复习资料,课程,数电,复习资料,数字电路与逻辑设计 Spring 2019 OEI 周楠森.pdf,5.3,该文档是华中科技大学光电1603班周楠森整理的《数字电路与逻辑设计》课程笔记，涵盖绪论与逻辑代数部分，包括二进制与十进制转换、二-十六进制转换、二进制计算及原码、反码、补码等知识点，适用于2019年春季学期。
数电/数字电路复习大纲2 (1).doc,"{""id"": ""6a07265fabfe09661dcd8c09"", ""reused_existing"": false}",,数电往年题,课程,数电,往年题,数字电路复习大纲2 (1).doc,0.04,数字电路复习大纲，涵盖组合逻辑电路分析与设计、时序逻辑电路（触发器、寄存器、计数器）、CMOS与TTL电路特性、数模转换等核心知识点，适合期末复习使用。
数电/数字电路复习大纲2.doc,"{""id"": ""6a07265fabfe09661dcd8c09"", ""reused_existing"": true}",,数电往年题,课程,数电,往年题,数字电路复习大纲2.doc,0.04,数字电路复习大纲，涵盖CMOS与TTL电路特性、组合逻辑与时序逻辑分析、数制与编码、触发器、计数器、寄存器等知识点，适合期末复习使用。
数电/数电PPT（1-5）.pptx,"{""id"": ""6a07267eabfe09661dcd8c23"", ""reused_existing"": false}",,数电课件,课程,数电,课件,数电PPT（1-5）.pptx,17.21,数电课程第1至5章的PPT课件
数电/数电复习6-10章.pptx,"{""id"": ""6a072657abfe09661dcd8c01"", ""reused_existing"": false}",,数电复习资料,课程,数电,复习资料,数电复习6-10章.pptx,23.66,数电课程第6至10章的复习PPT
数电/数电复习_dm.pptx,"{""id"": ""6a072658abfe09661dcd8c02"", ""reused_existing"": false}",,数电复习资料,课程,数电,复习资料,数电复习_dm.pptx,4.05,数字电子技术课程的复习资料，涵盖核心知识点与习题。
数电/数电实验课/GDS-2000E+User+Manual+2014+09+29-3.pdf,"{""id"": ""6a072662abfe09661dcd8c0b"", ""reused_existing"": false}",,数电数电实验课,课程,数电,数电实验课,GDS-2000E+User+Manual+2014+09+29-3.pdf,20.39,GDS-2000E系列数字存储示波器使用手册，包含安全说明、产品介绍、测量操作、设置、触发、搜索、应用程序及文件管理等章节，适用于数电课程中示波器的使用与操作指导。
数电/数电实验课/QuartusII软件使用2.pdf,"{""id"": ""6a072663abfe09661dcd8c0c"", ""reused_existing"": false}",,数电数电实验课,课程,数电,数电实验课,QuartusII软件使用2.pdf,0.6,该文档介绍了使用QuartusII软件在数电实验箱上设计和实现7段译码管程序的实验步骤，包括实验箱结构、数码管原理、工程创建、Verilog代码编写、管脚分配及程序下载。
数电/数电实验课/QuartusII软件使用20170227.pdf,"{""id"": ""6a072663abfe09661dcd8c0d"", ""reused_existing"": false}",,数电数电实验课,课程,数电,数电实验课,QuartusII软件使用20170227.pdf,2.72,本文档详细介绍了Altera Quartus II 13.1软件的设计流程，包括打开软件、新建工程、设置路径、选择器件等步骤，适用于数字电路课程实验。
数电/数电实验课/SDG2000X_UserManual_UM0202X-C01B.pdf,"{""id"": ""6a072664abfe09661dcd8c0e"", ""reused_existing"": false}",,数电数电实验课,课程,数电,数电实验课,SDG2000X_UserManual_UM0202X-C01B.pdf,1.67,SDG2000X系列函数/任意波形发生器用户手册，由深圳市鼎阳科技有限公司于2015年发布。手册包含版权信息、一般安全概要、安全术语和标记等内容，指导用户正确使用仪器，避免人身伤害和财产损失。
数电/数电实验课/lab5- 竞争与险象.pdf,"{""id"": ""6a072665abfe09661dcd8c0f"", ""reused_existing"": false}",,数电数电实验课,课程,数电,数电实验课,lab5- 竞争与险象.pdf,0.18,本实验通过搭建面包板电路，使用示波器单次触发测量静态险象。内容包括74LS00/74HC00功能测试、竞争与险象分析（表达式Y=A+AB'），利用7400芯片实现逻辑电路，并捕获静态1险象。实验报告需包含管脚定义、真值表、电路分析及波形图。
数电/数电实验课/lab6-38译码器电路设计.pdf,"{""id"": ""6a072666abfe09661dcd8c10"", ""reused_existing"": false}",,数电数电实验课,课程,数电,数电实验课,lab6-38译码器电路设计.pdf,0.43,本实验指导使用74LS138译码器实现一位全加器，包括芯片测试、原理图/Verilog设计、仿真与下载验证。内容涵盖译码器管脚与真值表、全加器逻辑表达式及最小项实现，适合数电课程组合逻辑电路实践。
数电/数电实验课/lab7-组合逻辑电路设计.pdf,"{""id"": ""6a072666abfe09661dcd8c11"", ""reused_existing"": false}",,数电数电实验课,课程,数电,数电实验课,lab7-组合逻辑电路设计.pdf,0.24,该PDF为数字电子技术实验的第七次实验，主题为组合逻辑电路设计。学生需从检错纠错编码（海明码）、码制转换、并行加法器（超前进位加法器）中选一题，在数电实验箱上实现并验证。文档详细描述了各题目的输入输出信号定义、实验箱连接方式及验收方法，并列出实验报告要求。适用于数电课程实验教学。
数电/数电实验课/实验一仪器使用.ppt,"{""id"": ""6a072667abfe09661dcd8c12"", ""reused_existing"": false}",,数电数电实验课,课程,数电,数电实验课,实验一仪器使用.ppt,1.11,数电实验一：仪器使用PPT，介绍实验所需仪器的操作方法。
数电/数电实验课/实验三Verilog基本用法.pptx,"{""id"": ""6a072668abfe09661dcd8c13"", ""reused_existing"": false}",,数电数电实验课,课程,数电,数电实验课,实验三Verilog基本用法.pptx,0.73,数电课程实验三，介绍Verilog基本用法的PPT文件。
数电/数电实验课/实验二QuartusII软件使用.pptx,"{""id"": ""6a072668abfe09661dcd8c14"", ""reused_existing"": false}",,数电数电实验课,课程,数电,数电实验课,实验二QuartusII软件使用.pptx,0.69,数电实验二：QuartusII软件使用方法的PPT课件
数电/数电真题及复习/【陈杰】数电考前复习.pptx,"{""id"": ""6a07266babfe09661dcd8c16"", ""reused_existing"": false}",,数电数电真题及复习,课程,数电,数电真题及复习,【陈杰】数电考前复习.pptx,15.82,陈杰制作的数字电子技术考前复习PPT
数电/数电真题及复习/吴婧尧数电分享.pptx,"{""id"": ""6a07266cabfe09661dcd8c17"", ""reused_existing"": false}",,数电数电真题及复习,课程,数电,数电真题及复习,吴婧尧数电分享.pptx,9.01,吴婧尧关于数电的分享PPT
数电/数电真题及复习/复习课件.pdf,"{""id"": ""6a072653abfe09661dcd8bfe"", ""reused_existing"": true}",,数电数电真题及复习,课程,数电,数电真题及复习,复习课件.pdf,0.52,数字电路与逻辑设计课程总结，涵盖逻辑代数、组合逻辑电路、时序逻辑电路、可编程逻辑器件等核心知识点，强调数字逻辑电路的基本原理、分析与设计方法，以及数模接口设计。适用于2015年课程复习。
数电/数电真题及复习/复习题.pdf,"{""id"": ""6a072654abfe09661dcd8bff"", ""reused_existing"": true}",,数电数电真题及复习,课程,数电,数电真题及复习,复习题.pdf,0.27,数电复习题，涵盖JK触发器构成的二进制减法计数器、Verilog语法（8'h34的8421BCD码、多路选择器、循环移位）、施密特触发器、石英晶体振荡器分频、独热码状态数、逻辑函数化简与异或、最小项与最大项关系、D/A转换器输出频率计算等知识点。
数电/数电真题及复习/数字电路串讲.pptx,"{""id"": ""6a07266dabfe09661dcd8c18"", ""reused_existing"": false}",,数电数电真题及复习,课程,数电,数电真题及复习,数字电路串讲.pptx,7.68,数字电路课程内容的串讲复习PPT
数电/数电真题及复习/数电2011试卷/2011秋数电考试题-56学时.pdf,"{""id"": ""6a07266eabfe09661dcd8c19"", ""reused_existing"": false}",,数电数电真题及复习,课程,数电,数电真题及复习,2011秋数电考试题-56学时.pdf,1.31,2011年秋季学期数字电子技术课程56学时考试试题，适用于复习和备考。
数电/数电真题及复习/数电2012试卷/2012春数电考试题-56学时.pdf,"{""id"": ""6a07266fabfe09661dcd8c1a"", ""reused_existing"": false}",,数电数电真题及复习,课程,数电,数电真题及复习,2012春数电考试题-56学时.pdf,0.26,2012年华中科技大学电子技术基础（数字部分）闭卷考试题，56学时。包含填空题、化简题、电路分析题和VerilogHDL分析题，覆盖数制转换、译码器、逻辑函数化简、计数器、ROM、ADC/DAC、可编程逻辑器件等知识点。
数电/数电真题及复习/数电2019试卷/2019年数电真题及仅供参考的答案.pdf,"{""id"": ""6a07265eabfe09661dcd8c07"", ""reused_existing"": true}",,数电数电真题及复习,课程,数电,数电真题及复习,2019年数电真题及仅供参考的答案.pdf,4.58,2019年华中科技大学《数字电路与逻辑设计（一）》A卷真题，包含填空题、化简题、波形图、组合电路分析等题型，覆盖格雷码、逻辑函数反演、三态门、D触发器、JK触发器、ROM、ADC、DAC、Verilog等知识点。
数电/数电真题及复习/数电2019试卷/2019数电答案.pdf,"{""id"": ""6a07265fabfe09661dcd8c08"", ""reused_existing"": true}",,数电数电真题及复习,课程,数电,数电真题及复习,2019数电答案.pdf,1.38,华中科技大学2019年数字电路与逻辑设计（一）A卷答案，包含填空题、化简题、波形图、组合电路分析等题型，涉及格雷码、三态门、触发器、ROM、A/D转换器等知识点。
数电/数电真题及复习/数电2023试卷/数电试卷2023.2.17.pdf,"{""id"": ""6a072670abfe09661dcd8c1b"", ""reused_existing"": false}",,数电数电真题及复习,课程,数电,数电真题及复习,数电试卷2023.2.17.pdf,3.07,数电2023年2月17日试卷，扫描版PDF，包含数字电子技术课程考试题目。
数电/数电真题及复习/数电2023试卷/数电试卷参考答案v1.1.pdf,"{""id"": ""6a072673abfe09661dcd8c1c"", ""reused_existing"": false}",,数电数电真题及复习,课程,数电,数电真题及复习,数电试卷参考答案v1.1.pdf,84.57,数电试卷参考答案v1.1，包含数字电子技术课程试卷的参考答案，适用于复习和自测。
数电/数电知识点_zzw.docx,"{""id"": ""6a072658abfe09661dcd8c03"", ""reused_existing"": false}",,数电复习资料,课程,数电,复习资料,数电知识点_zzw.docx,0.36,本文档涵盖TTL与CMOS逻辑门特性、MOS反相器、噪声容限、扇出数、CMOS逻辑门结构、传输门、输入输出保护、漏极开路门、三态门、类NMOS门、BiCMOS门、RAM、ROM、PLD、单稳态触发器、施密特触发器、多谐振荡器、D/A与A/D转换器等数电核心知识点。
数电/数电考前复习.pptx,"{""id"": ""6a07265cabfe09661dcd8c04"", ""reused_existing"": false}",,数电复习资料,课程,数电,复习资料,数电考前复习.pptx,16.31,数电课程考前复习资料，涵盖核心知识点与重点内容。
数电/清华大学阎石《数字电子技术基础》第五版教学课件/第一章_清华阎石《数字电子技术基础》第五版教学课件.ppt,"{""id"": ""6a072674abfe09661dcd8c1e"", ""reused_existing"": false}",,数电清华大学阎石《数字电子技术基础》第五版教学课件,课程,数电,清华大学阎石《数字电子技术基础》第五版教学课件,第一章_清华阎石《数字电子技术基础》第五版教学课件.ppt,0.62,清华阎石《数字电子技术基础》第五版第一章教学课件
数电/清华大学阎石《数字电子技术基础》第五版教学课件/第七章_清华阎石《数字电子技术基础》第五版教学课件.ppt,"{""id"": ""6a072675abfe09661dcd8c1f"", ""reused_existing"": false}",,数电清华大学阎石《数字电子技术基础》第五版教学课件,课程,数电,清华大学阎石《数字电子技术基础》第五版教学课件,第七章_清华阎石《数字电子技术基础》第五版教学课件.ppt,3.29,清华阎石《数字电子技术基础》第五版第七章教学课件
数电/清华大学阎石《数字电子技术基础》第五版教学课件/第三章_清华数字电子技术第五版阎石课件.ppt,"{""id"": ""6a072676abfe09661dcd8c20"", ""reused_existing"": false}",,数电清华大学阎石《数字电子技术基础》第五版教学课件,课程,数电,清华大学阎石《数字电子技术基础》第五版教学课件,第三章_清华数字电子技术第五版阎石课件.ppt,5.83,清华大学阎石版数字电子技术第五版第三章课件
数电/清华大学阎石《数字电子技术基础》第五版教学课件/第九章_清华阎石《数字电子技术基础》第五版教学课件.ppt,"{""id"": ""6a072677abfe09661dcd8c21"", ""reused_existing"": false}",,数电清华大学阎石《数字电子技术基础》第五版教学课件,课程,数电,清华大学阎石《数字电子技术基础》第五版教学课件,第九章_清华阎石《数字电子技术基础》第五版教学课件.ppt,0.05,清华阎石《数字电子技术基础》第五版第九章教学课件
数电/清华大学阎石《数字电子技术基础》第五版教学课件/第二章_清华阎石《数字电子技术基础》第五版教学课件.ppt,"{""id"": ""6a0729b0abfe09661dcd8e05"", ""reused_existing"": false}",,数电清华大学阎石《数字电子技术基础》第五版教学课件,课程,数电,清华大学阎石《数字电子技术基础》第五版教学课件,第二章_清华阎石《数字电子技术基础》第五版教学课件.ppt,1.35,清华阎石《数字电子技术基础》第五版第二章教学课件
数电/清华大学阎石《数字电子技术基础》第五版教学课件/第五章_清华数字电子技术第五版阎石课件.ppt,"{""id"": ""6a07267fabfe09661dcd8c24"", ""reused_existing"": true}",,数电清华大学阎石《数字电子技术基础》第五版教学课件,课程,数电,清华大学阎石《数字电子技术基础》第五版教学课件,第五章_清华数字电子技术第五版阎石课件.ppt,2.26,清华大学阎石《数字电子技术》第五版第五章课件
数电/清华大学阎石《数字电子技术基础》第五版教学课件/第八章_清华阎石《数字电子技术基础》第五版教学课件.ppt,"{""id"": ""6a0729b1abfe09661dcd8e06"", ""reused_existing"": false}",,数电清华大学阎石《数字电子技术基础》第五版教学课件,课程,数电,清华大学阎石《数字电子技术基础》第五版教学课件,第八章_清华阎石《数字电子技术基础》第五版教学课件.ppt,3.47,清华阎石《数字电子技术基础》第五版第八章教学课件
数电/清华大学阎石《数字电子技术基础》第五版教学课件/第六章_清华阎石《数字电子技术基础》第五版教学课件.ppt,"{""id"": ""6a0729b2abfe09661dcd8e07"", ""reused_existing"": false}",,数电清华大学阎石《数字电子技术基础》第五版教学课件,课程,数电,清华大学阎石《数字电子技术基础》第五版教学课件,第六章_清华阎石《数字电子技术基础》第五版教学课件.ppt,6.57,清华大学阎石《数字电子技术基础》第五版第六章教学课件
数电/清华大学阎石《数字电子技术基础》第五版教学课件/第十一章_清华阎石《数字电子技术基础》第五版教学课件.ppt,"{""id"": ""6a0729b2abfe09661dcd8e08"", ""reused_existing"": false}",,数电清华大学阎石《数字电子技术基础》第五版教学课件,课程,数电,清华大学阎石《数字电子技术基础》第五版教学课件,第十一章_清华阎石《数字电子技术基础》第五版教学课件.ppt,2.91,清华阎石《数字电子技术基础》第五版第十一章教学课件
数电/清华大学阎石《数字电子技术基础》第五版教学课件/第十章_清华阎石《数字电子技术基础》第五版教学课件.ppt,"{""id"": ""6a0729b3abfe09661dcd8e09"", ""reused_existing"": false}",,数电清华大学阎石《数字电子技术基础》第五版教学课件,课程,数电,清华大学阎石《数字电子技术基础》第五版教学课件,第十章_清华阎石《数字电子技术基础》第五版教学课件.ppt,3.91,清华大学阎石《数字电子技术基础》第五版第十章教学课件
数电/清华大学阎石《数字电子技术基础》第五版教学课件/第四章_清华数字电子技术第五版阎石课件.ppt,"{""id"": ""6a072680abfe09661dcd8c25"", ""reused_existing"": true}",,数电清华大学阎石《数字电子技术基础》第五版教学课件,课程,数电,清华大学阎石《数字电子技术基础》第五版教学课件,第四章_清华数字电子技术第五版阎石课件.ppt,3.82,清华大学数字电子技术第五版阎石课件第四章内容
数电/第三章_清华数字电子技术第五版阎石课件.ppt,"{""id"": ""6a072676abfe09661dcd8c20"", ""reused_existing"": true}",,数电课件,课程,数电,课件,第三章_清华数字电子技术第五版阎石课件.ppt,5.83,清华大学阎石版数字电子技术第五版第三章课件
数电/第五章_清华数字电子技术第五版阎石课件.ppt,"{""id"": ""6a07267fabfe09661dcd8c24"", ""reused_existing"": false}",,数电课件,课程,数电,课件,第五章_清华数字电子技术第五版阎石课件.ppt,2.26,清华大学阎石《数字电子技术》第五版第五章课件
数电/第四章_清华数字电子技术第五版阎石课件.ppt,"{""id"": ""6a072680abfe09661dcd8c25"", ""reused_existing"": false}",,数电课件,课程,数电,课件,第四章_清华数字电子技术第五版阎石课件.ppt,3.82,清华大学阎石《数字电子技术》第五版第四章课件
数电/通信学院-数电ppt/ch04.5-Verilog基础.ppt,"{""id"": ""6a07267dabfe09661dcd8c22"", ""reused_existing"": true}",,ch04.5-Verilog基础,课程,数电,通信学院-数电ppt,ch04.5-Verilog基础.ppt,0.83,介绍Verilog硬件描述语言在数字电路设计中的基础应用。
模拟电子技术/2023年秋模电期末试题.pdf,"{""id"": ""6a07269eabfe09661dcd8c3c"", ""reused_existing"": false}",,模拟电子技术往年题,课程,模拟电子技术,往年题,2023年秋模电期末试题.pdf,3.04,2023年秋季模拟电子技术课程期末考试试卷，适用于复习和自测。
模拟电子技术/2023秋模电期末试题及自制答案（第一版）.pdf,"{""id"": ""6a07269fabfe09661dcd8c3d"", ""reused_existing"": false}",,模拟电子技术往年题,课程,模拟电子技术,往年题,2023秋模电期末试题及自制答案（第一版）.pdf,4.52,2023年秋季模拟电子技术期末试题及自制答案（第一版），包含试题与参考答案，适用于复习备考。
模拟电子技术/2024-2025第一学期模电期末试卷回忆版.pdf,"{""id"": ""6a0726a0abfe09661dcd8c3e"", ""reused_existing"": false}",,模拟电子技术往年题,课程,模拟电子技术,往年题,2024-2025第一学期模电期末试卷回忆版.pdf,0.36,2024-2025第一学期模拟电子技术期末试卷回忆版，包含四道大题：理想运放电路分析（波形、电阻作用、μA741补偿）、MOSFET放大电路（静态工作点、小信号等效、增益、输入输出电阻、下限频率）、多级MOSFET电路（电流源、差模增益、共模抑制比、输出电阻）、反馈与功率放大电路（反馈组态、OTL/OCL/BTC类型、最大输出功率）。
模拟电子技术/2024-56模电总复习 (1).ppt,"{""id"": ""6a072688abfe09661dcd8c30"", ""reused_existing"": false}",,模拟电子技术复习资料,课程,模拟电子技术,复习资料,2024-56模电总复习 (1).ppt,9.07,2024年模拟电子技术课程总复习PPT
模拟电子技术/2024-56模电总复习 (2).ppt,"{""id"": ""6a072689abfe09661dcd8c31"", ""reused_existing"": false}",,模拟电子技术复习资料,课程,模拟电子技术,复习资料,2024-56模电总复习 (2).ppt,9.07,2024年模拟电子技术课程总复习PPT
模拟电子技术/2024-56模电总复习 (3).ppt,"{""id"": ""6a072688abfe09661dcd8c30"", ""reused_existing"": true}",,模拟电子技术复习资料,课程,模拟电子技术,复习资料,2024-56模电总复习 (3).ppt,9.07,2024年模拟电子技术课程总复习PPT
模拟电子技术/2024-56模电总复习 169.ppt,"{""id"": ""6a07268babfe09661dcd8c32"", ""reused_existing"": false}",,模拟电子技术复习资料,课程,模拟电子技术,复习资料,2024-56模电总复习 169.ppt,8.24,模拟电子技术总复习PPT，涵盖课程核心知识点与复习要点。
模拟电子技术/2024-56模电总复习.ppt,"{""id"": ""6a072688abfe09661dcd8c30"", ""reused_existing"": true}",,模拟电子技术复习资料,课程,模拟电子技术,复习资料,2024-56模电总复习.ppt,9.07,2024年模拟电子技术课程总复习PPT，涵盖核心知识点与考点总结。
模拟电子技术/20模电A卷题目及答案.pptx,"{""id"": ""6a0726a1abfe09661dcd8c3f"", ""reused_existing"": false}",,模拟电子技术往年题,课程,模拟电子技术,往年题,20模电A卷题目及答案.pptx,3.53,模拟电子技术A卷试题与答案的PPT文件
模拟电子技术/4 场效应管及放大.pptx,"{""id"": ""6a0726b6abfe09661dcd8c47"", ""reused_existing"": false}",,模拟电子技术课件,课程,模拟电子技术,课件,4 场效应管及放大.pptx,7.72,场效应管及其放大电路分析
模拟电子技术/5  双极结型三极管及其放大电路.pptx,"{""id"": ""6a0726bdabfe09661dcd8c48"", ""reused_existing"": false}",,模拟电子技术课件,课程,模拟电子技术,课件,5  双极结型三极管及其放大电路.pptx,3.48,双极结型三极管及其放大电路的PPT课件
模拟电子技术/ZTY神人也/CH02toStu.ppt,"{""id"": ""6a0729b5abfe09661dcd8e0b"", ""reused_existing"": false}",,模拟电子技术ZTY神人也,课程,模拟电子技术,ZTY神人也,CH02toStu.ppt,6.99,模拟电子技术课程第二章教学课件
模拟电子技术/ZTY神人也/CH03toS.ppt,"{""id"": ""6a0729b7abfe09661dcd8e0c"", ""reused_existing"": false}",,模拟电子技术ZTY神人也,课程,模拟电子技术,ZTY神人也,CH03toS.ppt,6.87,模拟电子技术课程第三章的PPT文件
模拟电子技术/ZTY神人也/CH04full1toS.PPT,"{""id"": ""6a0729b8abfe09661dcd8e0d"", ""reused_existing"": false}",,模拟电子技术ZTY神人也,课程,模拟电子技术,ZTY神人也,CH04full1toS.PPT,6.48,模拟电子技术课程第四章的PPT文件
模拟电子技术/ZTY神人也/CH04full2 toS.pptx,"{""id"": ""6a0729c4abfe09661dcd8e0e"", ""reused_existing"": false}",,模拟电子技术ZTY神人也,课程,模拟电子技术,ZTY神人也,CH04full2 toS.pptx,2.12,模拟电子技术课程第四章完整版PPT，包含toS部分内容。
模拟电子技术/ZTY神人也/CH04full3 toS.pptx,"{""id"": ""6a0729c8abfe09661dcd8e0f"", ""reused_existing"": false}",,模拟电子技术ZTY神人也,课程,模拟电子技术,ZTY神人也,CH04full3 toS.pptx,0.99,模拟电子技术课程第四章完整版PPT，包含toS部分内容。
模拟电子技术/ZTY神人也/CH05newtoS.ppt,"{""id"": ""6a0729c9abfe09661dcd8e10"", ""reused_existing"": false}",,模拟电子技术ZTY神人也,课程,模拟电子技术,ZTY神人也,CH05newtoS.ppt,5.05,模拟电子技术课程第五章PPT课件
模拟电子技术/ZTY神人也/CH06(v7) toS.pptx,"{""id"": ""6a0729d3abfe09661dcd8e11"", ""reused_existing"": false}",,模拟电子技术ZTY神人也,课程,模拟电子技术,ZTY神人也,CH06(v7) toS.pptx,1.88,模拟电子技术课程第六章的PPT课件，版本v7。
模拟电子技术/ZTY神人也/CH07full1toS16to9.PPT,"{""id"": ""6a0729d4abfe09661dcd8e12"", ""reused_existing"": false}",,模拟电子技术ZTY神人也,课程,模拟电子技术,ZTY神人也,CH07full1toS16to9.PPT,12.41,模拟电子技术课程第7章PPT文件
模拟电子技术/ZTY神人也/CH07full2.PPT,"{""id"": ""6a0729d5abfe09661dcd8e13"", ""reused_existing"": false}",,模拟电子技术ZTY神人也,课程,模拟电子技术,ZTY神人也,CH07full2.PPT,2.27,模拟电子技术课程第七章的PPT文件，内容涵盖相关知识点。
模拟电子技术/ZTY神人也/CH07full3v16to9.ppt,"{""id"": ""6a0729d6abfe09661dcd8e14"", ""reused_existing"": false}",,模拟电子技术ZTY神人也,课程,模拟电子技术,ZTY神人也,CH07full3v16to9.ppt,2.29,模拟电子技术课程第七章功率放大器PPT课件
模拟电子技术/ZTY神人也/CH08full1 TOs.ppt,"{""id"": ""6a0729d7abfe09661dcd8e15"", ""reused_existing"": false}",,模拟电子技术ZTY神人也,课程,模拟电子技术,ZTY神人也,CH08full1 TOs.ppt,2.49,模拟电子技术第8章功率放大器PPT课件
模拟电子技术/ZTY神人也/CH08full2宽版.ppt,"{""id"": ""6a0729d8abfe09661dcd8e16"", ""reused_existing"": false}",,模拟电子技术ZTY神人也,课程,模拟电子技术,ZTY神人也,CH08full2宽版.ppt,2.45,模拟电子技术课程第八章功率放大器PPT课件
模拟电子技术/ZTY神人也/CH09宽版.ppt,"{""id"": ""6a0729d9abfe09661dcd8e17"", ""reused_existing"": false}",,模拟电子技术ZTY神人也,课程,模拟电子技术,ZTY神人也,CH09宽版.ppt,2.28,模拟电子技术课程第9章宽版PPT课件
模拟电子技术/ZTY神人也/CH10宽版.ppt,"{""id"": ""6a0729daabfe09661dcd8e18"", ""reused_existing"": false}",,模拟电子技术ZTY神人也,课程,模拟电子技术,ZTY神人也,CH10宽版.ppt,6.38,模拟电子技术第10章宽版PPT课件
模拟电子技术/ZTY神人也/CH11v7宽版.ppt,"{""id"": ""6a0729dbabfe09661dcd8e19"", ""reused_existing"": false}",,模拟电子技术ZTY神人也,课程,模拟电子技术,ZTY神人也,CH11v7宽版.ppt,4.48,模拟电子技术课程第11章宽版PPT课件
模拟电子技术/ZTY神人也/ch01绪论toStu.ppt,"{""id"": ""6a0729dcabfe09661dcd8e1a"", ""reused_existing"": false}",,模拟电子技术ZTY神人也,课程,模拟电子技术,ZTY神人也,ch01绪论toStu.ppt,9.78,模拟电子技术课程绪论部分，介绍课程背景与基本概念。
模拟电子技术/ZTY神人也/复习-宽版.ppt,"{""id"": ""6a0729deabfe09661dcd8e1b"", ""reused_existing"": false}",,模拟电子技术ZTY神人也,课程,模拟电子技术,ZTY神人也,复习-宽版.ppt,15.09,模拟电子技术复习课件（宽版）
模拟电子技术/ZTY神人也/考试用参考公式.pdf,"{""id"": ""6a0729deabfe09661dcd8e1c"", ""reused_existing"": false}",,模拟电子技术ZTY神人也,课程,模拟电子技术,ZTY神人也,考试用参考公式.pdf,0.17,该PDF文件为模拟电子技术考试用参考公式汇总，包含二极管、MOSFET、BJT等器件特性方程，放大器增益、频率响应、功率放大及稳压电路等关键公式，适用于考前复习与快速查阅。
模拟电子技术/ZTY神人也/补充资料.pdf,"{""id"": ""6a0729dfabfe09661dcd8e1d"", ""reused_existing"": false}",,模拟电子技术ZTY神人也,课程,模拟电子技术,ZTY神人也,补充资料.pdf,0.29,本文介绍了运放输入端需要直流通路的原因，以741输入级为例说明静态偏置的必要性。讨论了交流反相和同相放大电路的构成，包括阻容耦合时如何提供直流通路，以及虚断概念在动态分析中的适用性。
模拟电子技术/模电MOOC_第1-11章+期末考.pdf,"{""id"": ""6a0726a2abfe09661dcd8c40"", ""reused_existing"": false}",,模拟电子技术往年题,课程,模拟电子技术,往年题,模电MOOC_第1-11章+期末考.pdf,1.65,该文本片段来自模电MOOC第1-2章，包含放大电路频率响应、增益计算、失真分析等选择题与判断题，以及运算放大器基本电路（反相、同相、微分、积分）的题目，涉及理想运放参数、虚地概念等知识点。
模拟电子技术/模电_参考公式.pdf,"{""id"": ""6a0726a2abfe09661dcd8c41"", ""reused_existing"": false}",,模拟电子技术往年题,课程,模拟电子技术,往年题,模电_参考公式.pdf,0.13,该PDF文件为模拟电子技术课程的参考公式汇总，涵盖二极管、MOSFET、BJT等器件的电流电压关系、小信号参数、放大器增益、频率响应及功率计算等核心公式，适用于复习与考试参考。
模拟电子技术/模电_邓天平串讲_20231225.pptx,"{""id"": ""6a072690abfe09661dcd8c33"", ""reused_existing"": false}",,模拟电子技术复习资料,课程,模拟电子技术,复习资料,模电_邓天平串讲_20231225.pptx,8.24,邓天平老师关于模拟电子技术的串讲PPT，日期为2023年12月25日。
模拟电子技术/模电串讲 郑旭晖.pdf,"{""id"": ""6a072691abfe09661dcd8c34"", ""reused_existing"": false}",,模拟电子技术复习资料,课程,模拟电子技术,复习资料,模电串讲 郑旭晖.pdf,9.2,模拟电子技术串讲复习资料，由郑旭晖提供，涵盖半导体二极管及其应用电路等章节。
模拟电子技术/模电串讲 郑旭晖.pptx,"{""id"": ""6a072694abfe09661dcd8c35"", ""reused_existing"": false}",,模拟电子技术复习资料,课程,模拟电子技术,复习资料,模电串讲 郑旭晖.pptx,17.95,郑旭晖的模拟电子技术串讲PPT
模拟电子技术/模电串讲_方凯嵩.pptx,"{""id"": ""6a072697abfe09661dcd8c36"", ""reused_existing"": false}",,模拟电子技术复习资料,课程,模拟电子技术,复习资料,模电串讲_方凯嵩.pptx,20.62,模拟电子技术课程串讲PPT，由方凯嵩主讲。
模拟电子技术/模电串讲_朱双喜_大二上.pptx,"{""id"": ""6a07269babfe09661dcd8c37"", ""reused_existing"": false}",,模拟电子技术复习资料,课程,模拟电子技术,复习资料,模电串讲_朱双喜_大二上.pptx,18.86,模电串讲课件，由朱双喜老师在大二上学期讲授。
模拟电子技术/模电真题1.pdf,"{""id"": ""6a07269eabfe09661dcd8c3c"", ""reused_existing"": true}",,模拟电子技术往年题,课程,模拟电子技术,往年题,模电真题1.pdf,3.04,模拟电子技术课程历年真题试卷，适用于期末复习或考研备考，涵盖模电核心知识点与典型题型。
模拟电子技术/模电真题_2020年6月.pdf,"{""id"": ""6a0726a3abfe09661dcd8c42"", ""reused_existing"": false}",,模拟电子技术往年题,课程,模拟电子技术,往年题,模电真题_2020年6月.pdf,0.3,华中科技大学2019-2020学年第二学期模拟电子技术（二）考试A卷，闭卷，150分钟。包含运算放大器电路计算、MOSFET放大器静态工作点与增益分析、BJT功率放大电路及负反馈设计、差分放大器与深度负反馈计算等题目。
模拟电子技术/模电真题_2020年6月_答案.pptx,"{""id"": ""6a0726a1abfe09661dcd8c3f"", ""reused_existing"": true}",,模拟电子技术往年题,课程,模拟电子技术,往年题,模电真题_2020年6月_答案.pptx,3.53,2020年6月模拟电子技术考试真题答案的PPT文件
模拟电子技术/模电真题_2023年2月.pdf,"{""id"": ""6a0726a4abfe09661dcd8c43"", ""reused_existing"": false}",,模拟电子技术往年题,课程,模拟电子技术,往年题,模电真题_2023年2月.pdf,2.29,2023年2月模拟电子技术课程考试真题，适用于复习备考，涵盖模电核心知识点与典型题型。
模拟电子技术/模电真题_2023年6月.pdf,"{""id"": ""6a0726a5abfe09661dcd8c44"", ""reused_existing"": false}",,模拟电子技术往年题,课程,模拟电子技术,往年题,模电真题_2023年6月.pdf,0.6,2023年6月模电真题，包含场效应管放大电路计算（IDQ、VGSQ、VDSQ、gm、Av、Ri、Ro、fH），共源-共基电路分析，以及电流并联负反馈电路计算（Fi、Aif、Avsf）。
模拟电子技术/模电考试公式注释_加水印.pdf,"{""id"": ""6a0726a5abfe09661dcd8c45"", ""reused_existing"": false}",,模拟电子技术往年题,课程,模拟电子技术,往年题,模电考试公式注释_加水印.pdf,0.45,该文件为模电考试公式注释，涵盖二极管伏安特性、小信号模型，N沟道增强型MOS管饱和区与可变电阻区I-V特性、沟道长度调制效应、交流输出电阻、低频互导，共漏放大电路输出电阻，BJT小信号模型，共源放大电路低频与高频响应，源级与射级耦合差分放大电路增益与共模抑制比，集成运放失调参数，负反馈闭环增益，单相桥式整流电容滤波电路，文氏电桥振荡电路反馈系数等核心公式。
模拟电子技术/模电课后习题精选（龙师）.docx,"{""id"": ""6a07269babfe09661dcd8c38"", ""reused_existing"": false}",,模拟电子技术复习资料,课程,模拟电子技术,复习资料,模电课后习题精选（龙师）.docx,0.01,该文档为模拟电子技术课后习题精选，涵盖绪论、集成运放、二极管、FET场效应管、BJT晶体管、频率响应、模拟集成电路（差放）、反馈技术、功放、滤波器及信号发生器等内容，按章节列出习题编号，适合复习与练习。
模拟电子技术/第四版_Neamen-700-1395.pdf,"{""id"": ""6a0726c2abfe09661dcd8c4a"", ""reused_existing"": false}",,第四版_Neamen-700-1395,课程,模拟电子技术,课程资料,第四版_Neamen-700-1395.pdf,55.53,"Chapter 9 of Neamen's microelectronics textbook covering ideal operational amplifiers and op-amp circuits, including analysis and design problems."
模拟电子技术/第四阶段 音响放大器设计2025光电.pdf,"{""id"": ""6a07269dabfe09661dcd8c3a"", ""reused_existing"": false}",,第四阶段 音响放大器设计2025光电,课程,模拟电子技术,实验资料,第四阶段 音响放大器设计2025光电.pdf,1.95,音响放大器设计与调试第四阶段，涉及集成运算放大器参数如增益带宽积和转换速率，属于模拟电子技术实验内容。
模电 数电实验/2018模电数电实验电气版.pdf,"{""id"": ""6a0726faabfe09661dcd8c5b"", ""reused_existing"": false}",,模电 数电实验实验资料,课程,模电 数电实验,实验资料,2018模电数电实验电气版.pdf,0.55,2018年模电数电实验电气版考试简答题，涵盖瓷片电容与电解电容差异、信号发生器端口使用、示波器显示模式、数字万用表挡位选择、TTL与CMOS使用注意事项，以及CD40161十进制计数器时序波形观测方法。
模电 数电实验/2019模电数电实验OEI+IC版.pdf,"{""id"": ""6a0726faabfe09661dcd8c5c"", ""reused_existing"": false}",,模电 数电实验实验资料,课程,模电 数电实验,实验资料,2019模电数电实验OEI+IC版.pdf,0.38,2019年模电数电实验考试（OEI/IC版）包含简答题，涉及电位器阻值、瓷片电容容值、精密全波整流实验中示波器坐标调节、函数信号发生器同步输出特性、4511译码器输出等知识点，并附有解答。
模电 数电实验/实验01_常用电子仪器使用 (1).pdf,"{""id"": ""6a0726fdabfe09661dcd8c5d"", ""reused_existing"": false}",,模电 数电实验实验资料,课程,模电 数电实验,实验资料,实验01_常用电子仪器使用 (1).pdf,4.26,实验01：常用电子仪器使用，包括元件类型识别和仪器使用方法。
模电 数电实验/工训循迹/小车综合设计历程报告（第十组）.docx,"{""id"": ""6a0729e1abfe09661dcd8e1f"", ""reused_existing"": false}",,模电 数电实验工训循迹,课程,模电 数电实验,工训循迹,小车综合设计历程报告（第十组）.docx,9.61,本报告为第十组小车综合设计历程报告，基于Arduino平台设计月球车模型。文档包含小组成员分工、计划进度、设计制作过程、电路与程序设计说明、作品特点评价及思考感悟。设计注重悬挂系统、动力提升和模块化，强调软硬件适配、实际测试和问题解决能力。
模电 数电实验/工训循迹/答辩.pptx,"{""id"": ""6a0729e5abfe09661dcd8e20"", ""reused_existing"": false}",,模电 数电实验工训循迹,课程,模电 数电实验,工训循迹,答辩.pptx,51.51,模电与数电实验课程的答辩演示文稿
模电 数电实验/数电实验课/GDS-2000E+User+Manual+2014+09+29-3.pdf,"{""id"": ""6a072662abfe09661dcd8c0b"", ""reused_existing"": true}",,模电 数电实验数电实验课,课程,模电 数电实验,数电实验课,GDS-2000E+User+Manual+2014+09+29-3.pdf,20.39,GDS-2000E系列数字存储示波器使用手册，涵盖安全说明、产品介绍、测量操作、设置、触发、搜索及应用程序等功能，适用于模电数电实验教学。
模电 数电实验/数电实验课/QuartusII软件使用2.pdf,"{""id"": ""6a072663abfe09661dcd8c0c"", ""reused_existing"": true}",,模电 数电实验数电实验课,课程,模电 数电实验,数电实验课,QuartusII软件使用2.pdf,0.6,该文档为数电实验指导，介绍使用QuartusII软件在数电实验箱上设计和实现7段译码管程序。内容包括实验箱结构、7段数码管原理（共阴极与共阳极）、实验步骤（创建工程、编写Verilog代码、管脚分配、下载程序）。
模电 数电实验/数电实验课/QuartusII软件使用20170227.pdf,"{""id"": ""6a072663abfe09661dcd8c0d"", ""reused_existing"": true}",,模电 数电实验数电实验课,课程,模电 数电实验,数电实验课,QuartusII软件使用20170227.pdf,2.72,介绍Altera Quartus II 13.1软件的设计流程，包括打开软件、新建工程、设置路径、选择器件等步骤，适用于数电实验课程。
模电 数电实验/数电实验课/SDG2000X_UserManual_UM0202X-C01B.pdf,"{""id"": ""6a072664abfe09661dcd8c0e"", ""reused_existing"": true}",,模电 数电实验数电实验课,课程,模电 数电实验,数电实验课,SDG2000X_UserManual_UM0202X-C01B.pdf,1.67,SDG2000X系列函数/任意波形发生器用户手册，2015年由深圳市鼎阳科技有限公司发布，包含版权信息、一般安全概要、安全术语和标记等内容，适用于模电、数电实验课程中的仪器操作指导。
模电 数电实验/数电实验课/lab5- 竞争与险象.pdf,"{""id"": ""6a072665abfe09661dcd8c0f"", ""reused_existing"": true}",,模电 数电实验数电实验课,课程,模电 数电实验,数电实验课,lab5- 竞争与险象.pdf,0.18,本实验通过搭建面包板电路，使用示波器单次触发测量静态险象。内容包括74LS00/74HC00功能测试、竞争与险象分析（表达式Y=A+AB'），利用7400芯片实现电路并捕获静态1险象。实验报告需包含管脚定义、真值表、电路分析及示波器结果图。
模电 数电实验/数电实验课/lab6-38译码器电路设计.pdf,"{""id"": ""6a072666abfe09661dcd8c10"", ""reused_existing"": true}",,模电 数电实验数电实验课,课程,模电 数电实验,数电实验课,lab6-38译码器电路设计.pdf,0.43,该文档为数电实验Lab6，介绍3-8译码器（74LS138）和一位全加器的原理，包括管脚图、真值表、逻辑表达式及电路实现。实验内容涵盖面包板测试、Quartus II仿真与下载验证，以及利用38译码器实现全加器。报告要求包含芯片引脚、真值表、原理图或Verilog代码及仿真结果。
模电 数电实验/数电实验课/lab7-组合逻辑电路设计.pdf,"{""id"": ""6a072666abfe09661dcd8c11"", ""reused_existing"": true}",,模电 数电实验数电实验课,课程,模电 数电实验,数电实验课,lab7-组合逻辑电路设计.pdf,0.24,Lab7 组合逻辑电路设计实验，可选题目包括海明码检错纠错编码、码制转换和超前进位加法器。使用数电实验箱验证，输入输出通过拨位开关和LED灯实现。实验报告要求包含题目描述、模型建立、逻辑实现和仿真验证。
模电 数电实验/数电实验课/实验一仪器使用.ppt,"{""id"": ""6a072667abfe09661dcd8c12"", ""reused_existing"": true}",,模电 数电实验数电实验课,课程,模电 数电实验,数电实验课,实验一仪器使用.ppt,1.11,模电数电实验课程中关于实验仪器使用的PPT文件
模电 数电实验/数电实验课/实验三Verilog基本用法.pptx,"{""id"": ""6a072668abfe09661dcd8c13"", ""reused_existing"": true}",,模电 数电实验数电实验课,课程,模电 数电实验,数电实验课,实验三Verilog基本用法.pptx,0.73,介绍Verilog基本用法的实验三PPT
模电 数电实验/数电实验课/实验二QuartusII软件使用.pptx,"{""id"": ""6a072668abfe09661dcd8c14"", ""reused_existing"": true}",,模电 数电实验数电实验课,课程,模电 数电实验,数电实验课,实验二QuartusII软件使用.pptx,0.69,介绍QuartusII软件在模电数电实验中的基本使用方法。
模电 数电实验/电线厕所实验.pdf,"{""id"": ""6a0726ffabfe09661dcd8c5e"", ""reused_existing"": false}",,模电 数电实验实验资料,课程,模电 数电实验,实验资料,电线厕所实验.pdf,9.31,电线厕所实验的扫描文件，可能为电测实验报告。
模电/11  直流电源电路.pptx,"{""id"": ""6a0726c8abfe09661dcd8c4e"", ""reused_existing"": false}",,模电课件,课程,模电,课件,11  直流电源电路.pptx,3.15,直流电源电路PPT，属于模拟电子技术课程内容。
模电/2 运算放大器.pptx,"{""id"": ""6a0726ceabfe09661dcd8c4f"", ""reused_existing"": false}",,模电课件,课程,模电,课件,2 运算放大器.pptx,2.2,运算放大器PPT课件，属于模拟电子技术课程内容。
模电/2024模电.docx,"{""id"": ""6a0726f3abfe09661dcd8c56"", ""reused_existing"": false}",,模电课程资料,课程,模电,课程资料,2024模电.docx,2.02,2024年模拟电子技术课程文件
模电/2025-56总复习 169.ppt,"{""id"": ""6a0726c4abfe09661dcd8c4c"", ""reused_existing"": false}",,2025-56总复习 169,课程,模电,复习资料,2025-56总复习 169.ppt,8.24,模电课程总复习PPT，涵盖2025年56讲内容。
模电/3二极管及其基本电路.pptx,"{""id"": ""6a0726d3abfe09661dcd8c50"", ""reused_existing"": false}",,模电课件,课程,模电,课件,3二极管及其基本电路.pptx,2.48,二极管及其基本电路课件
模电/7  模拟集成电路.pptx,"{""id"": ""6a0726e0abfe09661dcd8c51"", ""reused_existing"": false}",,模电课件,课程,模电,课件,7  模拟集成电路.pptx,3.62,模拟集成电路课件
模电/8  反馈放大电路 (1).pptx,"{""id"": ""6a0726ecabfe09661dcd8c52"", ""reused_existing"": false}",,模电课件,课程,模电,课件,8  反馈放大电路 (1).pptx,3.02,关于反馈放大电路的PPT课件，属于模拟电子技术课程内容。
模电/9  功率放大电路.pptx,"{""id"": ""6a0726f0abfe09661dcd8c53"", ""reused_existing"": false}",,模电课件,课程,模电,课件,9  功率放大电路.pptx,1.95,功率放大电路PPT，属于模拟电子技术课程内容。
模电/chap 05.pdf,"{""id"": ""6a0726f3abfe09661dcd8c57"", ""reused_existing"": false}",,模电课程资料,课程,模电,课程资料,chap 05.pdf,0.59,第五章含运算放大器的电路，介绍运放特性、理想运放模型及基本运放电路分析。
模电/模电-精策讲堂（上）1~6章-肖宇恒.pptx,"{""id"": ""6a0726f1abfe09661dcd8c54"", ""reused_existing"": false}",,模电课件,课程,模电,课件,模电-精策讲堂（上）1~6章-肖宇恒.pptx,10.15,模拟电子技术精策讲堂上册1~6章课件，作者肖宇恒。
模电/模电笔记.pdf,"{""id"": ""6a0726f6abfe09661dcd8c58"", ""reused_existing"": false}",,模电课程资料,课程,模电,课程资料,模电笔记.pdf,27.02,模电笔记，包含放大电路、晶体管、运算放大器等基础知识。
模电/第四版_Neamen-1-700.pdf,"{""id"": ""6a0726f8abfe09661dcd8c59"", ""reused_existing"": false}",,模电课程资料,课程,模电,课程资料,第四版_Neamen-1-700.pdf,58.98,Fourth edition of Neamen's microelectronics circuit analysis and design textbook.
毛概/2021级《概论》B卷参考答案 (1).docx,"{""id"": ""6a07270babfe09661dcd8c67"", ""reused_existing"": false}",,毛概往年题,课程,毛概,往年题,2021级《概论》B卷参考答案 (1).docx,0.02,2021级《概论》B卷参考答案，包含单项选择题、多项选择题和材料分析题。材料分析题涉及马克思主义中国化时代化的内涵、毛泽东思想的历史地位、家庭联产承包责任制的作用以及改革开放的重要性。适用于毛概课程复习与考试参考。
毛概/2021级《概论》B卷参考答案.docx,"{""id"": ""6a07270babfe09661dcd8c67"", ""reused_existing"": true}",,毛概往年题,课程,毛概,往年题,2021级《概论》B卷参考答案.docx,0.02,2021级《概论》B卷参考答案，包含单项选择题、多项选择题和材料分析题。材料分析题涉及马克思主义中国化时代化的历程与内涵、毛泽东和毛泽东思想的历史地位、家庭联产承包责任制的作用以及改革开放的重要性。
毛概/2021级《概论》考试A第二版 (1) (1).doc,"{""id"": ""69e36d06620074080627cfce"", ""reused_existing"": true}",,毛概往年题,课程,毛概,往年题,2021级《概论》考试A第二版 (1) (1).doc,0.1,华中科技大学2022-2023学年第二学期《毛泽东思想和中国特色社会主义理论体系概论》考试A卷，包含单项选择题，涉及马克思主义中国化、新民主主义革命、过渡时期总路线等知识点。
毛概/2021级《概论》考试A第二版 (1).doc,"{""id"": ""69e36d06620074080627cfce"", ""reused_existing"": true}",,毛概往年题,课程,毛概,往年题,2021级《概论》考试A第二版 (1).doc,0.1,华中科技大学2022-2023学年第二学期《毛泽东思想和中国特色社会主义理论体系概论》考试试卷（A卷），包含单项选择题，涉及马克思主义中国化、新民主主义革命等知识点。
毛概/2024复习（学生）.pptx,"{""id"": ""6a072704abfe09661dcd8c62"", ""reused_existing"": false}",,毛概复习资料,课程,毛概,复习资料,2024复习（学生）.pptx,3.97,2024年毛概课程学生复习用的PPT课件
毛概/23版概论 期末自测题一.docx,"{""id"": ""6a07270cabfe09661dcd8c68"", ""reused_existing"": false}",,毛概往年题,课程,毛概,往年题,23版概论 期末自测题一.docx,0.03,23版概论期末自测题一，包含单项选择题、多项选择题和简答题，覆盖马克思主义中国化时代化的内涵、毛泽东思想、中国特色社会主义理论体系等知识点，适合期末复习自测。
毛概/23版概论 期末自测题三.docx,"{""id"": ""6a07270dabfe09661dcd8c69"", ""reused_existing"": false}",,毛概往年题,课程,毛概,往年题,23版概论 期末自测题三.docx,0.03,23版概论期末自测题三，涵盖新民主主义文化特征、工作重心、三大法宝、统一战线原则、人民军队根本原则、土地政策等单项选择题，以及多项选择题和简答题，涉及新民主主义基本纲领。
毛概/23版概论 期末自测题五（中国特色社会主义理论体系部分）.doc,"{""id"": ""6a07270eabfe09661dcd8c6a"", ""reused_existing"": false}",,毛概往年题,课程,毛概,往年题,23版概论 期末自测题五（中国特色社会主义理论体系部分）.doc,0.08,2023版《毛泽东思想和中国特色社会主义理论体系概论》期末自测题，涵盖中国特色社会主义理论体系部分，包括单选题及解析，涉及社会主义初级阶段理论、邓小平理论、三个代表重要思想等知识点。
毛概/23版概论 期末自测题六（毛泽东思想部分）.docx,"{""id"": ""6a07270eabfe09661dcd8c6b"", ""reused_existing"": false}",,毛概往年题,课程,毛概,往年题,23版概论 期末自测题六（毛泽东思想部分）.docx,0.02,2023年版《毛泽东思想和中国特色社会主义理论体系概论》期末复习题（毛泽东思想部分），包含单选题和多选题，涵盖毛泽东思想精髓、新民主主义革命理论、社会主义改造等核心知识点，附简要解析与参考答案。
毛概/23版概论 期末自测题四.doc,"{""id"": ""6a07270fabfe09661dcd8c6c"", ""reused_existing"": false}",,毛概往年题,课程,毛概,往年题,23版概论 期末自测题四.doc,0.03,23版毛概概论期末自测题，包含10道选择题，涉及1952年总路线、社会主义改造、过渡时期总路线、国家资本主义、和平赎买等知识点。
毛概/3u27X-1718110789719-2兴花-毛概全书思维导图（高教中心下载版本）.pdf,"{""id"": ""6a072706abfe09661dcd8c63"", ""reused_existing"": false}",,毛概复习资料,课程,毛概,复习资料,3u27X-1718110789719-2兴花-毛概全书思维导图（高教中心下载版本）.pdf,14.09,毛概全书的思维导图，来自高教中心下载版本，涵盖课程核心知识点，适合复习和梳理框架。
毛概/个人整理，用于大题.docx,"{""id"": ""6a072707abfe09661dcd8c64"", ""reused_existing"": false}",,毛概复习资料,课程,毛概,复习资料,个人整理，用于大题.docx,2.75,本文档为毛概课程大题复习资料，涵盖马克思主义中国化的提出、历史阶段、科学内涵及要求，重点梳理毛泽东思想的形成、主要内容与活的灵魂，包括新民主主义革命理论、三大法宝、三大作风等核心知识点。
毛概/参考答案A卷 (1).doc,"{""id"": ""69e36d0a620074080627cfd0"", ""reused_existing"": true}",,毛概往年题,课程,毛概,往年题,参考答案A卷 (1).doc,0.02,"毛概课程A卷参考答案，包含选择题答案（如1-5: ACACD, 6-10: DABDC等）及简答题要点，涉及马克思主义中国化、习近平新时代中国特色社会主义思想、社会主义初级阶段等知识点。"
毛概/参考答案A卷.doc,"{""id"": ""69e36d0a620074080627cfd0"", ""reused_existing"": true}",,毛概往年题,课程,毛概,往年题,参考答案A卷.doc,0.02,毛概课程A卷参考答案，包含选择题（1-20题）和简答题（21-23题）。选择题答案如1-5:ACACD等；简答题涉及中国特色社会主义理论、新时代社会主要矛盾、中国梦与四个全面等内容。
毛概/复习——用于选择题.pdf,"{""id"": ""6a072709abfe09661dcd8c65"", ""reused_existing"": false}",,毛概复习资料,课程,毛概,复习资料,复习——用于选择题.pdf,8.85,毛概课程复习资料，以选择题形式呈现，适合备考练习。
毛概/毛概.docx,"{""id"": ""6a072707abfe09661dcd8c64"", ""reused_existing"": true}",,毛概复习资料,课程,毛概,复习资料,毛概.docx,2.75,本文为毛概课程导论部分，介绍马克思主义中国化的提出、四个历史阶段及科学内涵，重点阐述毛泽东思想的形成过程（萌芽、初步形成、成熟、继续发展）、主要内容（新民主主义革命、社会主义革命、军队建设、政策策略、思想政治工作和党的建设理论）及活的灵魂（实事求是）。
毛概/毛概复习提纲(1).pdf,"{""id"": ""6a072709abfe09661dcd8c65"", ""reused_existing"": true}",,毛概往年题,课程,毛概,往年题,毛概复习提纲(1).pdf,8.85,毛概复习提纲PDF文件，适用于毛概课程复习，包含重点知识点梳理，适合期末备考使用。
电力系统分析/2025电力系统分析回忆卷.docx,"{""id"": ""6a072711abfe09661dcd8c6e"", ""reused_existing"": false}",,电力系统分析复习资料,课程,电力系统分析,复习资料,2025电力系统分析回忆卷.docx,1.9,2025年电力系统分析回忆卷，涵盖发电机与变压器额定电压标定、变压器实际变比计算、电压级基准电压选择、节点导纳矩阵元素计算及自阻抗与互阻抗物理意义、序分量边界条件（含B相阻抗断开情况）、零序网络绘制、同步发电机空载三相短路电流分量及衰减时间常数等知识点。
电力系统分析/2025电力系统分析回忆卷答案（仅供参考）.docx,"{""id"": ""6a072712abfe09661dcd8c6f"", ""reused_existing"": false}",,电力系统分析复习资料,课程,电力系统分析,复习资料,2025电力系统分析回忆卷答案（仅供参考）.docx,2.87,2025年电力系统分析课程回忆卷的参考答案，供复习参考。
电力系统分析/电分上串讲-史致远.pdf,"{""id"": ""6a07271babfe09661dcd8c71"", ""reused_existing"": false}",,电力系统分析往年题,课程,电力系统分析,往年题,电分上串讲-史致远.pdf,3.43,电力系统分析（电分上）串讲资料，涵盖考试题型、章节重点及复习建议。
电力系统分析/电分上串讲-黄轶翔.pdf,"{""id"": ""6a07271cabfe09661dcd8c72"", ""reused_existing"": false}",,电力系统分析往年题,课程,电力系统分析,往年题,电分上串讲-黄轶翔.pdf,3.12,电力系统分析（上）串讲资料，涵盖考试题型、章节重点和复习建议。
电力系统分析/电分下串讲_张鑫灏_大三下.pptx,"{""id"": ""6a072714abfe09661dcd8c70"", ""reused_existing"": false}",,电力系统分析复习资料,课程,电力系统分析,复习资料,电分下串讲_张鑫灏_大三下.pptx,7.24,电力系统分析（下）串讲PPT，由张鑫灏提供，适用于大三下学期复习。
电力系统分析/电力电子学整理.docx,"{""id"": ""6a0729e6abfe09661dcd8e22"", ""reused_existing"": false}",,电力系统分析复习资料,课程,电力系统分析,复习资料,电力电子学整理.docx,0.03,电力电子学复习资料，包含选择题、简答题、计算题和设计题，重点覆盖电力二极管、晶闸管、Buck/Boost变换器、逆变器、SPWM、相控整流等章节，附有设计题示例和复习建议。
电力系统分析/电力系统分析（上）2026年1月试题及答案by oypywyx.pdf,"{""id"": ""6a07271dabfe09661dcd8c73"", ""reused_existing"": false}",,电力系统分析往年题,课程,电力系统分析,往年题,电力系统分析（上）2026年1月试题及答案by oypywyx.pdf,1.33,2026年1月电力系统分析（上）试题及答案，包含同步电机、Park变换等知识点，提供考试经验与答题技巧，适合复习备考。
电力系统分析/电气工程基础A类_李浩.pptx,"{""id"": ""6a072725abfe09661dcd8c76"", ""reused_existing"": false}",,电气工程基础A类_李浩,课程,电力系统分析,课件,电气工程基础A类_李浩.pptx,4.86,电气工程基础A类课程PPT，作者李浩。
电力系统分析/电气工程基础串讲_汪乐涵.pptx,"{""id"": ""6a0729e9abfe09661dcd8e23"", ""reused_existing"": false}",,电力系统分析复习资料,课程,电力系统分析,复习资料,电气工程基础串讲_汪乐涵.pptx,7.89,电气工程基础课程串讲PPT，由汪乐涵提供。
电力系统分析/高电压工程串讲.pdf,"{""id"": ""6a07271eabfe09661dcd8c74"", ""reused_existing"": false}",,电力系统分析往年题,课程,电力系统分析,往年题,高电压工程串讲.pdf,5.88,高电压工程串讲资料，2022年春季学期电气学院学业指导中心，涵盖三篇内容，知识点多而散，闭卷考试。
电机学/Ch1_导论.pdf,"{""id"": ""6a072735abfe09661dcd8c80"", ""reused_existing"": false}",,电机学课程资料,课程,电机学,课程资料,Ch1_导论.pdf,4.84,电机学第1章导论，涵盖电机基本概念、分类、应用、基本电磁定律、铁磁材料特性及磁路计算方法。
电机学/Ch2_直流电机.pdf,"{""id"": ""6a072735abfe09661dcd8c81"", ""reused_existing"": false}",,电机学课程资料,课程,电机学,课程资料,Ch2_直流电机.pdf,4.38,第二章直流电机，包括工作原理、电枢绕组、磁场、基本特性和电力传动。
电机学/电机学上串讲.pptx,"{""id"": ""6a072729abfe09661dcd8c78"", ""reused_existing"": false}",,电机学复习资料,课程,电机学,复习资料,电机学上串讲.pptx,7.57,电机学上串讲PPT
电机学/电机学上串讲_李俊昊(1).pptx,"{""id"": ""6a07272cabfe09661dcd8c79"", ""reused_existing"": false}",,电机学复习资料,课程,电机学,复习资料,电机学上串讲_李俊昊(1).pptx,7.38,电机学上课程串讲PPT，由李俊昊提供。
电机学/电机学上串讲_杨文博_大二下_QQ浏览器转格式.pdf,"{""id"": ""6a07272dabfe09661dcd8c7a"", ""reused_existing"": false}",,电机学复习资料,课程,电机学,复习资料,电机学上串讲_杨文博_大二下_QQ浏览器转格式.pdf,4.63,电机学上串讲资料，由杨文博提供，适用于大二下学期。
电机学/电机学下串讲_倪谢霆.pptx,"{""id"": ""6a07272fabfe09661dcd8c7b"", ""reused_existing"": false}",,电机学复习资料,课程,电机学,复习资料,电机学下串讲_倪谢霆.pptx,8.96,电机学下课程串讲PPT，由倪谢霆提供。
电机学/电机学下串讲_唐卓扬.pptx,"{""id"": ""6a072730abfe09661dcd8c7c"", ""reused_existing"": false}",,电机学复习资料,课程,电机学,复习资料,电机学下串讲_唐卓扬.pptx,11.64,电机学下课程串讲PPT，由唐卓扬提供。
电机学/电机学下串讲_李俊昊.pptx,"{""id"": ""6a072732abfe09661dcd8c7d"", ""reused_existing"": false}",,电机学复习资料,课程,电机学,复习资料,电机学下串讲_李俊昊.pptx,18.28,电机学下课程串讲PPT，由李俊昊提供。
电机学/电机学下串讲_杨文博.pdf,"{""id"": ""6a072733abfe09661dcd8c7e"", ""reused_existing"": false}",,电机学复习资料,课程,电机学,复习资料,电机学下串讲_杨文博.pdf,4.04,电机学下串讲复习资料，涵盖异步电机结构、工作原理、转差率、等效电路、功率转矩、起动调速等考点。
电机学/电机学学习辅导.pdf,"{""id"": ""6a072738abfe09661dcd8c82"", ""reused_existing"": false}",,电机学课程资料,课程,电机学,课程资料,电机学学习辅导.pdf,32.69,电机学学习辅导资料
电气工程实践基础第五讲（2025版） (2).pptx,"{""id"": ""6a0729ebabfe09661dcd8e25"", ""reused_existing"": false}",,电气工程实践基础第五讲（2025版） (2),课程,电气工程实践基础第五讲（2025版） (2),课件,电气工程实践基础第五讲（2025版） (2).pptx,6.23,电气工程实践基础第五讲（2025版）的PPT课件
电测下/第一阶段实验报告.docx,"{""id"": ""6a07273babfe09661dcd8c85"", ""reused_existing"": false}",,电测下实验资料,课程,电测下,实验资料,第一阶段实验报告.docx,2.18,电子线路实验报告，涵盖示波器、信号发生器、直流稳压电源、数字万用表的使用方法，以及半波整流电路和RC移相电路的波形观察与测量。实验包括面包板通断检测、示波器自检、信号源使用等任务，记录了输入输出波形、频率、峰峰值等参数，并分析了二极管压降和相位差。实验时间为2022年4月15日，作者为电气2001班李达志。
电测下/第一阶段实验报告.pdf,"{""id"": ""6a07273babfe09661dcd8c86"", ""reused_existing"": false}",,电测下实验资料,课程,电测下,实验资料,第一阶段实验报告.pdf,1.1,该实验报告来自电气2001班学生，完成于2022年4月。实验目的包括掌握示波器、信号源、直流稳压电源和万用表的使用方法。内容涵盖半波整流电路和RC移相电路的波形观察与测量，以及仪器训练任务（面包板通断检测、示波器自检、信号源输出正弦波和锯齿波）。
电测下/第七次实验报告-李达志.docx,"{""id"": ""6a07273cabfe09661dcd8c87"", ""reused_existing"": false}",,电测下实验资料,课程,电测下,实验资料,第七次实验报告-李达志.docx,1.07,该实验报告来自电气2001班学生李达志，完成于2022年6月10日。实验目的是熟悉MSI时序逻辑电路功能，掌握级联与扩展技术，并设计简易数字钟。报告详细介绍了数字钟的计时、校时功能，使用CD40161等芯片实现24进制小时和60进制分钟计数，并总结了调试经验。
电测下/第七次实验报告-李达志.pdf,"{""id"": ""6a07273dabfe09661dcd8c88"", ""reused_existing"": false}",,电测下实验资料,课程,电测下,实验资料,第七次实验报告-李达志.pdf,0.58,该实验报告来自电气2001班李达志，完成于2022年6月10日，内容涉及简易数字钟的设计与实现，包括计时、校时功能，使用CD40161等MSI时序逻辑电路，涵盖实验目的、原理、步骤及问题总结。
电测下/第三阶段实验报告-李达志.docx,"{""id"": ""6a0729ecabfe09661dcd8e27"", ""reused_existing"": false}",,电测下实验资料,课程,电测下,实验资料,第三阶段实验报告-李达志.docx,0.67,该实验报告详细记录了BJT单级共射放大电路的实验过程，包括静态工作点调试、电压放大倍数测量、幅频特性与通频带测量、输入输出电阻测量以及失真观察。实验采用分压式电流负反馈偏置电路，通过调节电位器设置合适工作点，并利用逐点法测量频率特性。报告还总结了实验中遇到的仪器故障及解决经验。
电测下/第三阶段实验报告-李达志.pdf,"{""id"": ""6a0729edabfe09661dcd8e28"", ""reused_existing"": false}",,电测下实验资料,课程,电测下,实验资料,第三阶段实验报告-李达志.pdf,0.63,该实验报告来自电气2001班学生李达志，完成于2022年4月29日。实验旨在掌握BJT单级共射放大电路静态工作点的测量与调整方法，了解电路参数对工作点的影响，并测量电压放大倍数、输入输出电阻及通频带。报告详细记录了实验步骤、静态调试与动态调试过程，以及测量数据，包括静态工作点、放大倍数和频率特性。
电测下/第二阶段实验报告.docx,"{""id"": ""6a0729eeabfe09661dcd8e29"", ""reused_existing"": false}",,电测下实验资料,课程,电测下,实验资料,第二阶段实验报告.docx,1.6,电子线路实验报告，涉及集成运算放大器的应用，包括反相比例加法、减法及积分电路的设计与测试。实验使用LM324运放，输入正弦波和方波信号，通过示波器观察波形并分析误差。报告包含实验目的、原理、步骤、结果及问题总结，适用于电气工程专业学生。
电测下/第二阶段实验报告李达志.pdf,"{""id"": ""6a0729eeabfe09661dcd8e2a"", ""reused_existing"": false}",,电测下实验资料,课程,电测下,实验资料,第二阶段实验报告李达志.pdf,1.38,该实验报告来自电气2001班学生李达志，完成于2022年4月22日。实验目的包括掌握集成运放的使用方法、设计运算电路及示波器耦合方式。内容涵盖反相比例加法、减法及积分电路，输入信号为1kHz正弦波和500Hz正方波，通过调节电位器记录数据并分析误差。
电测下/第五阶段实验报告-李达志.docx,"{""id"": ""6a0729efabfe09661dcd8e2b"", ""reused_existing"": false}",,电测下实验资料,课程,电测下,实验资料,第五阶段实验报告-李达志.docx,1.59,该实验报告来自电气2001班学生李达志，完成于2022年5月20日。实验内容包括CMOS逻辑电路芯片的使用、TTL与非门输出高低电平测量、门传输延迟时间测量以及一位二进制数大小比较器的设计与实现。报告详细记录了实验目的、要求、参考电路和原理，涉及数字电路电气特性参数测试和组合逻辑设计。
电测下/第五阶段实验报告-李达志.pdf,"{""id"": ""6a0729f0abfe09661dcd8e2c"", ""reused_existing"": false}",,电测下实验资料,课程,电测下,实验资料,第五阶段实验报告-李达志.pdf,1.13,该实验报告来自电气2001班李达志，完成于2022年5月20日。实验目的包括学会使用CMOS逻辑电路芯片并掌握其参数含义。实验要求涉及数字电路电气特性参数测量，包括大小比较器设计与插板实现、测量TTL与非门输出高低电平、测量门传输延迟时间以及选做测量与非门传输特性。参考电路部分提供了测VOH、VOL、传输延迟时间tpd及大小比较电路的设计方法。
电测下/第六次实验报告李达志.docx,"{""id"": ""6a0729f1abfe09661dcd8e2d"", ""reused_existing"": false}",,电测下实验资料,课程,电测下,实验资料,第六次实验报告李达志.docx,0.72,该实验报告来自电气2001班学生李达志，完成于2022年4月22日。实验目的是设计和验证时序逻辑电路，掌握触发器芯片的使用，并通过示波器观察结果。实验内容包括设计插板流水灯电路，使用74HC74和与非门实现同步可逆计数器，控制流水灯顺时针或逆时针点亮。报告详细记录了逻辑计算、电路设计、仿真结果及波形测量，并总结了实验体会。
电测下/第六次实验报告李达志.pdf,"{""id"": ""6a0729f1abfe09661dcd8e2e"", ""reused_existing"": false}",,电测下实验资料,课程,电测下,实验资料,第六次实验报告李达志.pdf,0.69,电子线路实验报告，设计时序逻辑电路和流水灯电路，使用触发器芯片和示波器，包含实验目的、原理、电路设计及数据结果。
电测下/第四阶段实验报告-李达志.docx,"{""id"": ""6a0729f2abfe09661dcd8e2f"", ""reused_existing"": false}",,电测下实验资料,课程,电测下,实验资料,第四阶段实验报告-李达志.docx,1.64,电子线路实验报告，涵盖正弦波产生电路（桥式RC振荡原理、负反馈影响、幅频相频测量）和精密全波整流电路（半波/全波整流原理、电压传输特性测量）。实验步骤包括调节Rp使振荡稳定、测量输出信号及波形，并记录传输特性曲线。作者在实验中遇到电路问题，通过更换面包板位置解决，总结了变通与全面排查的经验。
电测下/第四阶段实验报告-李达志.pdf,"{""id"": ""6a0729f3abfe09661dcd8e30"", ""reused_existing"": false}",,电测下实验资料,课程,电测下,实验资料,第四阶段实验报告-李达志.pdf,0.81,电子线路实验报告，涵盖正弦波产生电路（桥式RC振荡原理、负反馈影响、幅频相频测量）和精密全波整流电路（半波/全波整流原理、运算放大器应用、电压传输特性测量）。实验时间2022年4月29日，包含实验目的、要求、原理及步骤。
电磁场/02 电磁场与电磁波公式整理(v1.4).pdf,"{""id"": ""6a072745abfe09661dcd8c89"", ""reused_existing"": false}",,电磁场复习资料,课程,电磁场,复习资料,02 电磁场与电磁波公式整理(v1.4).pdf,0.52,电磁场与电磁波公式整理，涵盖场论矢量恒等式、球坐标与圆柱坐标下的梯度散度旋度及拉普拉斯算子、本构参数、静电场基本公理、电场强度与电位、边界条件、电容计算及能量密度等核心知识点，附典型例题。
电磁场/1静电场基本方程.pptx,"{""id"": ""6a0727d1abfe09661dcd8d3f"", ""reused_existing"": false}",,电磁场课件,课程,电磁场,课件,1静电场基本方程.pptx,1.03,静电场基本方程的PPT课件，涵盖电磁场学科中的静电场核心方程。
电磁场/2025-电磁场实验课PPT.pdf,"{""id"": ""6a0729f4abfe09661dcd8e32"", ""reused_existing"": false}",,电磁场实验资料,课程,电磁场,实验资料,2025-电磁场实验课PPT.pdf,1.29,2025年电磁场实验课PPT，包含课前预习要求、实验目的与原理，涉及部分电容测量、电流场测量、螺管线圈磁场研究等实验内容，强调预习报告准备与数据记录规范。
电磁场/2静电场边值问题.pptx,"{""id"": ""6a0727dbabfe09661dcd8d40"", ""reused_existing"": false}",,电磁场课件,课程,电磁场,课件,2静电场边值问题.pptx,1.47,静电场边值问题的PPT课件
电磁场/3静电场镜像法.pptx,"{""id"": ""6a0727e3abfe09661dcd8d41"", ""reused_existing"": false}",,电磁场课件,课程,电磁场,课件,3静电场镜像法.pptx,1.12,静电场镜像法的PPT课件
电磁场/5.1 恒定磁场的基本方程.pptx,"{""id"": ""6a0727f1abfe09661dcd8d42"", ""reused_existing"": false}",,电磁场课件,课程,电磁场,课件,5.1 恒定磁场的基本方程.pptx,1.82,恒定磁场的基本方程介绍
电磁场/5.2 磁矢势.pptx,"{""id"": ""6a0727faabfe09661dcd8d43"", ""reused_existing"": false}",,电磁场课件,课程,电磁场,课件,5.2 磁矢势.pptx,0.8,介绍磁矢势的概念及其在电磁场中的应用。
电磁场/5.3 磁标势.pptx,"{""id"": ""6a072803abfe09661dcd8d44"", ""reused_existing"": false}",,电磁场课件,课程,电磁场,课件,5.3 磁标势.pptx,1.3,介绍磁标势的概念及其在电磁场中的应用
电磁场/5.4 电感磁场能量与力.pptx,"{""id"": ""6a07280dabfe09661dcd8d45"", ""reused_existing"": false}",,电磁场课件,课程,电磁场,课件,5.4 电感磁场能量与力.pptx,0.74,电感、磁场能量与力的基本概念和关系
电磁场/5电容与部分电容.pptx,"{""id"": ""6a072819abfe09661dcd8d46"", ""reused_existing"": false}",,电磁场课件,课程,电磁场,课件,5电容与部分电容.pptx,1.01,介绍电容与部分电容的基本概念。
电磁场/6 边值问题01.pptx,"{""id"": ""6a07281fabfe09661dcd8d47"", ""reused_existing"": false}",,电磁场课件,课程,电磁场,课件,6 边值问题01.pptx,0.64,电磁场边值问题的基本概念与分类介绍
电磁场/7.1 时变场 基本方程.pptx,"{""id"": ""6a072826abfe09661dcd8d48"", ""reused_existing"": false}",,电磁场课件,课程,电磁场,课件,7.1 时变场 基本方程.pptx,0.79,介绍时变电磁场的基本方程，包括麦克斯韦方程组等内容。
电磁场/7.2 动态位.pptx,"{""id"": ""6a07282babfe09661dcd8d49"", ""reused_existing"": false}",,电磁场课件,课程,电磁场,课件,7.2 动态位.pptx,0.38,介绍动态位的概念及其在时变电磁场中的应用。
电磁场/7.3 时谐场 (1).pptx,"{""id"": ""6a072830abfe09661dcd8d4a"", ""reused_existing"": false}",,电磁场课件,课程,电磁场,课件,7.3 时谐场 (1).pptx,0.36,介绍时谐场的基本概念与特性
电磁场/7.3 时谐场.pptx,"{""id"": ""6a072830abfe09661dcd8d4a"", ""reused_existing"": true}",,电磁场课件,课程,电磁场,课件,7.3 时谐场.pptx,0.36,介绍时谐场的基本概念与分析方法。
电磁场/7.3 电磁能量的传输、坡印亭定理0.pptx,"{""id"": ""6a072838abfe09661dcd8d4b"", ""reused_existing"": false}",,电磁场课件,课程,电磁场,课件,7.3 电磁能量的传输、坡印亭定理0.pptx,3.01,介绍电磁能量的传输过程及坡印亭定理的基本内容。
电磁场/8 准静态场.pptx,"{""id"": ""6a072846abfe09661dcd8d4c"", ""reused_existing"": false}",,电磁场课件,课程,电磁场,课件,8 准静态场.pptx,7.44,介绍准静态场的基本概念与分析方法。
电磁场/9 平面波.pptx,"{""id"": ""6a072852abfe09661dcd8d4d"", ""reused_existing"": false}",,电磁场课件,课程,电磁场,课件,9 平面波.pptx,14.07,关于平面波在电磁场中的基本概念与特性的演示文稿。
电磁场/9.6 波导管(24).pptx,"{""id"": ""6a07285eabfe09661dcd8d4e"", ""reused_existing"": false}",,电磁场课件,课程,电磁场,课件,9.6 波导管(24).pptx,1.87,关于波导管在电磁场中的应用与特性讲解
电磁场/9.6 波导管(5261).pptx,"{""id"": ""6a07286cabfe09661dcd8d4f"", ""reused_existing"": false}",,电磁场课件,课程,电磁场,课件,9.6 波导管(5261).pptx,2.04,介绍波导管的基本概念、类型及在电磁场中的应用。
电磁场/HFSS波导仿真实验.pdf,"{""id"": ""6a0729f5abfe09661dcd8e33"", ""reused_existing"": false}",,电磁场实验资料,课程,电磁场,实验资料,HFSS波导仿真实验.pdf,1.45,华中科技大学《电磁场与电磁波》课程2016年仿真实验指导，使用HFSS软件对金属波导（圆波导或任意截面波导）进行建模与仿真，分析主模场分布、色散特性、截止频率及模式传输特性，要求独立完成并提交实验报告。
电磁场/HFSS波导仿真实验_20221118.pdf,"{""id"": ""6a0729f6abfe09661dcd8e34"", ""reused_existing"": false}",,电磁场实验资料,课程,电磁场,实验资料,HFSS波导仿真实验_20221118.pdf,1.87,HFSS波导仿真实验，华中科技大学2022年课程，涉及均匀波导中TEM/TE/TM模式分析、HFSS仿真操作、矩形波导建模、TE20模场分布与色散曲线、主模TE10模特性变化及模式比较。
电磁场/ch21无损耗均匀传输线的暂态分析.pdf,"{""id"": ""6a072886abfe09661dcd8d55"", ""reused_existing"": false}",,电磁场课程资料,课程,电磁场,课程资料,ch21无损耗均匀传输线的暂态分析.pdf,0.76,第21章无损耗均匀传输线的暂态分析，包括传输线微分方程、通解、发出波、反射与透射、多次反射。
电磁场/华科电磁场期末试卷.pdf,"{""id"": ""6a072753abfe09661dcd8c91"", ""reused_existing"": false}",,电磁场往年题,课程,电磁场,往年题,华科电磁场期末试卷.pdf,12.27,华中科技大学电磁场课程期末试卷，适用于期末复习与考试准备。
电磁场/时变场试卷.docx,"{""id"": ""6a072756abfe09661dcd8c92"", ""reused_existing"": false}",,电磁场往年题,课程,电磁场,往年题,时变场试卷.docx,0.23,华中科技大学电气学院《电磁场》试卷A（闭卷），适用于电气工程及其自动化专业。试卷包含简答题（Maxwell方程组、边界条件、波导模式等）和计算题（传输线参数、互感、平面波、螺线管、平板电容器等），涉及时变场、准静态近似等知识点。
电磁场/电动力学总结 (5).pdf,"{""id"": ""6a072887abfe09661dcd8d56"", ""reused_existing"": false}",,电磁场课程资料,课程,电磁场,课程资料,电动力学总结 (5).pdf,2.24,电动力学总结，包含电磁场基本方程、矢势标势、达朗贝尔方程、推迟势、反射折射、波导、辐射等核心内容。
电磁场/电子2006电磁场操作实验报告/电子2006-刘翔宇-U202014854.docx,"{""id"": ""6a07275dabfe09661dcd8c96"", ""reused_existing"": false}",,电磁场电子2006电磁场操作实验报告,课程,电磁场,电子2006电磁场操作实验报告,电子2006-刘翔宇-U202014854.docx,3.07,电子2006班刘翔宇（学号U202014854）的电磁场课程作业文档，可能包含电磁场理论、计算或实验相关内容，适用于课程学习与复习。
电磁场/电子2006电磁场操作实验报告/电磁场与电磁波实验报告-电子2006班-郭睿媛.docx,"{""id"": ""6a07275eabfe09661dcd8c97"", ""reused_existing"": false}",,电磁场电子2006电磁场操作实验报告,课程,电磁场,电子2006电磁场操作实验报告,电磁场与电磁波实验报告-电子2006班-郭睿媛.docx,3.31,电磁场与电磁波实验报告，包含实验二和实验三的内容，由电子2006班郭睿媛完成。
电磁场/电子2006电磁场操作实验报告/电磁场实验报告-电子2006-张凡.docx,"{""id"": ""6a07275fabfe09661dcd8c98"", ""reused_existing"": false}",,电磁场电子2006电磁场操作实验报告,课程,电磁场,电子2006电磁场操作实验报告,电磁场实验报告-电子2006-张凡.docx,3.01,电子2006班张凡的电磁场实验报告，涵盖电磁场基本实验操作与数据分析，适用于电磁场课程实验教学参考。
电磁场/电子2006电磁场操作实验报告/电磁波实验报告-王嘉浩.docx,"{""id"": ""6a07275fabfe09661dcd8c99"", ""reused_existing"": false}",,电磁场电子2006电磁场操作实验报告,课程,电磁场,电子2006电磁场操作实验报告,电磁波实验报告-王嘉浩.docx,1.74,电磁波实验报告，由王嘉浩撰写，涵盖电磁波传播、反射、折射等实验内容，适用于电磁场课程实验教学。
电磁场/电磁场.pdf,"{""id"": ""6a072889abfe09661dcd8d57"", ""reused_existing"": false}",,电磁场课程资料,课程,电磁场,课程资料,电磁场.pdf,20.04,电磁场相关PDF文件
电磁场/电磁场与电磁波 公式表.pdf,"{""id"": ""6a072759abfe09661dcd8c93"", ""reused_existing"": false}",,电磁场往年题,课程,电磁场,往年题,电磁场与电磁波 公式表.pdf,24.83,本文系统梳理了《电磁场与电磁波》课程的核心公式，涵盖矢量分析、静态电磁场、时变电磁场、均匀平面波传播等，重点包括Maxwell方程组、边界条件、坡印廷定理、波的极化与反射折射，适用于课程复习与知识速查。
电磁场/电磁场与电磁波习题答案/Chapter.7/Problem_1.pdf,"{""id"": ""6a072761abfe09661dcd8c9b"", ""reused_existing"": false}",,电磁场电磁场与电磁波习题答案 Chapter.7,课程,电磁场,电磁场与电磁波习题答案 Chapter.7,Problem_1.pdf,0.04,该文本片段推导了静止回路中变压器电动势用随时间变化的矢量磁位A表示的公式，涉及法拉第定律、磁通量、矢量磁位与磁场的关系以及斯托克斯定理的应用。
电磁场/电磁场与电磁波习题答案/Chapter.7/Problem_10.pdf,"{""id"": ""6a072761abfe09661dcd8c9c"", ""reused_existing"": false}",,电磁场电磁场与电磁波习题答案 Chapter.7,课程,电磁场,电磁场与电磁波习题答案 Chapter.7,Problem_10.pdf,0.04,理想变压器的特性包括：磁导率无穷大、绕组电阻为零、无漏磁通，且原副边电压比等于匝数比，电流比等于匝数反比。
电磁场/电磁场与电磁波习题答案/Chapter.7/Problem_11.pdf,"{""id"": ""6a072762abfe09661dcd8c9d"", ""reused_existing"": false}",,电磁场电磁场与电磁波习题答案 Chapter.7,课程,电磁场,电磁场与电磁波习题答案 Chapter.7,Problem_11.pdf,0.11,该文本片段来自电磁场学科，文件名为Problem_11.pdf，内容涉及变压器铁芯中涡流功率损耗的降低方案。通过将圆形截面铁芯分成多个绝缘细丝部分，并假设磁通密度B(t)=B0 sin wt，细丝面积占原截面积的95%，计算平均涡流功率损耗。文本包含详细的推导步骤，从磁通量、感应电动势到电阻和功率的计算。适用于电磁场课程中涡流损耗相关知识点。资料类型为习题解答，年份未明确。关键词：电磁场、变压器、涡流损耗、Problem_11。
电磁场/电磁场与电磁波习题答案/Chapter.7/Problem_12.pdf,"{""id"": ""6a072762abfe09661dcd8c9e"", ""reused_existing"": false}",,电磁场电磁场与电磁波习题答案 Chapter.7,课程,电磁场,电磁场与电磁波习题答案 Chapter.7,Problem_12.pdf,0.02,耦合系数k是电感电路中衡量互感耦合程度的无量纲量，取值范围0到1。k=0表示无耦合，k=1表示全耦合。该定义基于变压器原副边自感与互感的关系式。
电磁场/电磁场与电磁波习题答案/Chapter.7/Problem_13.pdf,"{""id"": ""6a072763abfe09661dcd8c9f"", ""reused_existing"": false}",,电磁场电磁场与电磁波习题答案 Chapter.7,课程,电磁场,电磁场与电磁波习题答案 Chapter.7,Problem_13.pdf,0.08,该问题涉及在时变磁场中，一根导电滑动杆在平行导轨上振荡，位置为x=0.35(1-cosωt) m，导轨终端接有电阻R=0.2Ω。通过计算磁通量、感应电动势，最终求得回路中的电流i。
电磁场/电磁场与电磁波习题答案/Chapter.7/Problem_14.pdf,"{""id"": ""6a072764abfe09661dcd8ca0"", ""reused_existing"": false}",,电磁场电磁场与电磁波习题答案 Chapter.7,课程,电磁场,电磁场与电磁波习题答案 Chapter.7,Problem_14.pdf,0.02,涡流是当磁芯中存在时变磁通时，根据法拉第定律产生感应电动势，进而在导体中形成的局部电流。
电磁场/电磁场与电磁波习题答案/Chapter.7/Problem_15.pdf,"{""id"": ""6a072764abfe09661dcd8ca1"", ""reused_existing"": false}",,电磁场电磁场与电磁波习题答案 Chapter.7,课程,电磁场,电磁场与电磁波习题答案 Chapter.7,Problem_15.pdf,0.08,该片段证明直流电机中，为克服感应电动势而输入的电能等于旋转线圈输出的机械功。通过分析矩形线圈在均匀磁场中的转矩和磁链变化，推导出电功率与机械功率相等，验证能量守恒定律。
电磁场/电磁场与电磁波习题答案/Chapter.7/Problem_16.pdf,"{""id"": ""6a072765abfe09661dcd8ca2"", ""reused_existing"": false}",,电磁场电磁场与电磁波习题答案 Chapter.7,课程,电磁场,电磁场与电磁波习题答案 Chapter.7,Problem_16.pdf,0.02,超导体是一种在临界温度以下电阻为零的材料，不释放热量或声音。分为第一类（如硫、铝、锌）和第二类（含铅或铜，可在较高温度下超导且能被磁场穿透）。
电磁场/电磁场与电磁波习题答案/Chapter.7/Problem_17.pdf,"{""id"": ""6a072766abfe09661dcd8ca3"", ""reused_existing"": false}",,电磁场电磁场与电磁波习题答案 Chapter.7,课程,电磁场,电磁场与电磁波习题答案 Chapter.7,Problem_17.pdf,0.06,证明在恒定磁场中旋转的矩形线圈通过滑环连接电阻R时，电阻消耗的电功率等于以角频率ω旋转线圈所需的机械功率。通过计算感应电动势、电流、电功率和机械功率，得出两者相等。
电磁场/电磁场与电磁波习题答案/Chapter.7/Problem_18.pdf,"{""id"": ""6a072766abfe09661dcd8ca4"", ""reused_existing"": false}",,电磁场电磁场与电磁波习题答案 Chapter.7,课程,电磁场,电磁场与电磁波习题答案 Chapter.7,Problem_18.pdf,0.02,解释变压器磁芯为何选用高磁导率、低电导率材料：时变磁通产生感应电动势，进而引发涡流，导致欧姆损耗和局部发热。高磁导率增强磁通，低电导率抑制涡流，从而降低功率损耗。
电磁场/电磁场与电磁波习题答案/Chapter.7/Problem_19.pdf,"{""id"": ""6a072767abfe09661dcd8ca5"", ""reused_existing"": false}",,电磁场电磁场与电磁波习题答案 Chapter.7,课程,电磁场,电磁场与电磁波习题答案 Chapter.7,Problem_19.pdf,0.11,该问题涉及一个内半径a、外半径b的空心圆柱磁铁，以角频率m绕轴旋转，具有均匀轴向磁化M。给定相对磁导率μr=5000和电导率σ=10 S/m，要求计算磁铁内的H和B、开路电压V0以及短路电流。解答步骤包括利用磁化与磁场强度关系、磁通密度公式，以及电磁力与电流密度计算。
电磁场/电磁场与电磁波习题答案/Chapter.7/Problem_2.pdf,"{""id"": ""6a072767abfe09661dcd8ca6"", ""reused_existing"": false}",,电磁场电磁场与电磁波习题答案 Chapter.7,课程,电磁场,电磁场与电磁波习题答案 Chapter.7,Problem_2.pdf,0.02,电磁静场由导电介质中的静态电场产生稳态电流，进而激发磁场构成。在静态条件下，电场E与磁通密度B的关系由麦克斯韦方程导出，其中磁场不随时间变化，其时间导数为零。
电磁场/电磁场与电磁波习题答案/Chapter.7/Problem_20.pdf,"{""id"": ""6a072768abfe09661dcd8ca7"", ""reused_existing"": false}",,电磁场电磁场与电磁波习题答案 Chapter.7,课程,电磁场,电磁场与电磁波习题答案 Chapter.7,Problem_20.pdf,0.02,变压器铁芯采用叠片结构以减少涡流损耗。根据法拉第定律，时变磁通在铁芯中感应出电动势，产生涡流，导致欧姆功率损耗和局部发热。通过增加叠片数量，可有效降低涡流损耗。
电磁场/电磁场与电磁波习题答案/Chapter.7/Problem_21.pdf,"{""id"": ""6a072769abfe09661dcd8ca8"", ""reused_existing"": false}",,电磁场电磁场与电磁波习题答案 Chapter.7,课程,电磁场,电磁场与电磁波习题答案 Chapter.7,Problem_21.pdf,0.04,从麦克斯韦旋度方程和连续性方程推导出两个散度方程。步骤包括：对旋度方程取散度，利用矢量恒等式和连续性方程，得到电位移和磁通密度的散度方程。
电磁场/电磁场与电磁波习题答案/Chapter.7/Problem_22.pdf,"{""id"": ""6a072769abfe09661dcd8ca9"", ""reused_existing"": false}",,电磁场电磁场与电磁波习题答案 Chapter.7,课程,电磁场,电磁场与电磁波习题答案 Chapter.7,Problem_22.pdf,0.03,该文件为电磁场课程习题，讲解磁通切割电动势（动生电动势）的表达式推导，涉及电路轮廓C、长度、速度u和磁场B等参数。
电磁场/电磁场与电磁波习题答案/Chapter.7/Problem_23.pdf,"{""id"": ""6a07276aabfe09661dcd8caa"", ""reused_existing"": false}",,电磁场电磁场与电磁波习题答案 Chapter.7,课程,电磁场,电磁场与电磁波习题答案 Chapter.7,Problem_23.pdf,0.05,证明洛伦兹条件与连续性方程的一致性。通过非齐次波动方程推导，结合洛伦兹条件简化，最终得到连续性方程，验证其与麦克斯韦方程组的兼容性。
电磁场/电磁场与电磁波习题答案/Chapter.7/Problem_24.pdf,"{""id"": ""6a07276aabfe09661dcd8cab"", ""reused_existing"": false}",,电磁场电磁场与电磁波习题答案 Chapter.7,课程,电磁场,电磁场与电磁波习题答案 Chapter.7,Problem_24.pdf,0.03,推导在变化磁场中运动的闭合回路内感应电动势的表达式，基于法拉第电磁感应定律，感应电动势等于磁通量变化率的负值。
电磁场/电磁场与电磁波习题答案/Chapter.7/Problem_25.pdf,"{""id"": ""6a07276babfe09661dcd8cac"", ""reused_existing"": false}",,电磁场电磁场与电磁波习题答案 Chapter.7,课程,电磁场,电磁场与电磁波习题答案 Chapter.7,Problem_25.pdf,0.06,该问题探讨电磁场中矢量磁位A和标量电位V的规范变换。通过添加标量函数的梯度到A，并相应修改V，可保持电场E和磁通密度B不变。要求推导V'与V的关系，并讨论新位函数满足洛伦兹条件以解耦波方程的条件。
电磁场/电磁场与电磁波习题答案/Chapter.7/Problem_26.pdf,"{""id"": ""6a07276babfe09661dcd8cad"", ""reused_existing"": false}",,电磁场电磁场与电磁波习题答案 Chapter.7,课程,电磁场,电磁场与电磁波习题答案 Chapter.7,Problem_26.pdf,0.08,法拉第圆盘发电机由旋转金属圆盘在均匀恒定磁场中产生电动势，通过轴和边缘的电刷接触测量电动势。
电磁场/电磁场与电磁波习题答案/Chapter.7/Problem_27.pdf,"{""id"": ""6a07276cabfe09661dcd8cae"", ""reused_existing"": false}",,电磁场电磁场与电磁波习题答案 Chapter.7,课程,电磁场,电磁场与电磁波习题答案 Chapter.7,Problem_27.pdf,0.09,该PDF文件为电磁场课程习题解答，推导了线性各向异性非均匀介质中标量电位V和矢量磁位A的波动方程，并证明在简单介质中简化为标准形式。使用规范条件简化方程，步骤清晰，适合复习电磁场理论。年份未知。
电磁场/电磁场与电磁波习题答案/Chapter.7/Problem_28.pdf,"{""id"": ""6a07276cabfe09661dcd8caf"", ""reused_existing"": false}",,电磁场电磁场与电磁波习题答案 Chapter.7,课程,电磁场,电磁场与电磁波习题答案 Chapter.7,Problem_28.pdf,0.03,该PDF文件包含麦克斯韦方程组微分形式的习题，涉及法拉第定律、安培环路定律、高斯电场定律和高斯磁场定律的微分表达式。
电磁场/电磁场与电磁波习题答案/Chapter.7/Problem_29.pdf,"{""id"": ""6a07276dabfe09661dcd8cb0"", ""reused_existing"": false}",,电磁场电磁场与电磁波习题答案 Chapter.7,课程,电磁场,电磁场与电磁波习题答案 Chapter.7,Problem_29.pdf,0.09,该PDF文件包含将麦克斯韦方程组（四个方程）分别用直角坐标、柱坐标和球坐标展开为八个标量方程的习题解答。步骤详细，适合电磁场课程中矢量分析与坐标变换的练习。
电磁场/电磁场与电磁波习题答案/Chapter.7/Problem_3.pdf,"{""id"": ""6a07276eabfe09661dcd8cb1"", ""reused_existing"": false}",,电磁场电磁场与电磁波习题答案 Chapter.7,课程,电磁场,电磁场与电磁波习题答案 Chapter.7,Problem_3.pdf,0.1,该文本片段来自电磁场课程的习题Problem_3.pdf，涉及时变磁场中的电路分析。给定电阻R=15Ω，通过磁通量计算感应电压，进而求得电流i。步骤包括磁场积分、电压公式应用及欧姆定律计算，最终得到电流值。
电磁场/电磁场与电磁波习题答案/Chapter.7/Problem_30.pdf,"{""id"": ""6a07276eabfe09661dcd8cb2"", ""reused_existing"": false}",,电磁场电磁场与电磁波习题答案 Chapter.7,课程,电磁场,电磁场与电磁波习题答案 Chapter.7,Problem_30.pdf,0.04,该资料为电磁场课程习题解答，讨论麦克斯韦方程组中四个方程是否独立。通过散度运算和连续性方程，证明方程(3)和(4)可由(1)和(2)导出，因此方程组并非全部独立。
电磁场/电磁场与电磁波习题答案/Chapter.7/Problem_31.pdf,"{""id"": ""6a07276fabfe09661dcd8cb3"", ""reused_existing"": false}",,电磁场电磁场与电磁波习题答案 Chapter.7,课程,电磁场,电磁场与电磁波习题答案 Chapter.7,Problem_31.pdf,0.08,"该文档详细推导了电磁场边界条件，包括电场切向分量、磁场切向分量、电位移法向分量和磁感应强度法向分量的边界条件，对应公式(7-66a,b,c,d)。"
电磁场/电磁场与电磁波习题答案/Chapter.7/Problem_32.pdf,"{""id"": ""6a07276fabfe09661dcd8cb4"", ""reused_existing"": false}",,电磁场电磁场与电磁波习题答案 Chapter.7,课程,电磁场,电磁场与电磁波习题答案 Chapter.7,Problem_32.pdf,0.03,该文件为电磁场课程习题Problem_32，要求写出麦克斯韦方程组的积分形式，并对应每个方程的实验定律。文本逐步列出了法拉第定律、安培环路定律、电场高斯定律和磁场高斯定律的积分形式，并解释了各物理量的含义。
电磁场/电磁场与电磁波习题答案/Chapter.7/Problem_33.pdf,"{""id"": ""6a072770abfe09661dcd8cb5"", ""reused_existing"": false}",,电磁场电磁场与电磁波习题答案 Chapter.7,课程,电磁场,电磁场与电磁波习题答案 Chapter.7,Problem_33.pdf,0.03,讨论电磁场边界条件：电场切向分量与磁感应强度法向分量的关系，以及电位移法向分量与磁场强度切向分量的关系。基于麦克斯韦方程积分形式推导，指出时变情况下边界条件的连续性与冗余性。
电磁场/电磁场与电磁波习题答案/Chapter.7/Problem_34.pdf,"{""id"": ""6a072770abfe09661dcd8cb6"", ""reused_existing"": false}",,电磁场电磁场与电磁波习题答案 Chapter.7,课程,电磁场,电磁场与电磁波习题答案 Chapter.7,Problem_34.pdf,0.05,该文本解释了位移电流的引入原因和意义，通过修改安培环路定律以适用于时变场，推导出位移电流密度项，并指出位移电流由时变电场产生，对电磁波传播至关重要。
电磁场/电磁场与电磁波习题答案/Chapter.7/Problem_35.pdf,"{""id"": ""6a072771abfe09661dcd8cb7"", ""reused_existing"": false}",,电磁场电磁场与电磁波习题答案 Chapter.7,课程,电磁场,电磁场与电磁波习题答案 Chapter.7,Problem_35.pdf,0.05,该文本片段讨论了极化电介质中，用等效极化面电荷密度和体电荷密度替代极化介质进行场计算的方法，并推导了两种不同介质界面处极化强度P的垂直分量和电场强度E的垂直分量的边界条件。
电磁场/电磁场与电磁波习题答案/Chapter.7/Problem_36.pdf,"{""id"": ""6a072771abfe09661dcd8cb8"", ""reused_existing"": false}",,电磁场电磁场与电磁波习题答案 Chapter.7,课程,电磁场,电磁场与电磁波习题答案 Chapter.7,Problem_36.pdf,0.02,本文解释了电磁学中使用势函数的原因，包括标量电位和矢量磁位的定义与作用，以及它们在描述电场和磁场中的重要性。
电磁场/电磁场与电磁波习题答案/Chapter.7/Problem_37.pdf,"{""id"": ""6a072772abfe09661dcd8cb9"", ""reused_existing"": false}",,电磁场电磁场与电磁波习题答案 Chapter.7,课程,电磁场,电磁场与电磁波习题答案 Chapter.7,Problem_37.pdf,0.04,该资料为Problem_37.pdf，讨论自由空间与无限磁导率磁介质界面处的边界条件。通过设定介质1为自由空间、介质2为无限磁导率材料，推导出磁场强度在介质2中为零，并给出简化后的边界条件表达式。
电磁场/电磁场与电磁波习题答案/Chapter.7/Problem_38.pdf,"{""id"": ""6a072772abfe09661dcd8cba"", ""reused_existing"": false}",,电磁场电磁场与电磁波习题答案 Chapter.7,课程,电磁场,电磁场与电磁波习题答案 Chapter.7,Problem_38.pdf,0.04,该资料为电磁场课程习题解答，通过矢量磁位A和标量电位V推导电场强度E和磁通密度B的表达式，步骤包括利用磁通密度与矢量磁位的关系、静电场点函数关系、无旋场梯度表示等，最终得到E和B用V和A表示的公式。
电磁场/电磁场与电磁波习题答案/Chapter.7/Problem_39.pdf,"{""id"": ""6a072773abfe09661dcd8cbb"", ""reused_existing"": false}",,电磁场电磁场与电磁波习题答案 Chapter.7,课程,电磁场,电磁场与电磁波习题答案 Chapter.7,Problem_39.pdf,0.07,该文本通过直接代入法证明任意二次可微函数满足齐次波动方程，并推导出推迟标量势和矢量势的表达式，说明电势依赖于电荷密度和延迟时间。
电磁场/电磁场与电磁波习题答案/Chapter.7/Problem_4.pdf,"{""id"": ""6a072773abfe09661dcd8cbc"", ""reused_existing"": false}",,电磁场电磁场与电磁波习题答案 Chapter.7,课程,电磁场,电磁场与电磁波习题答案 Chapter.7,Problem_4.pdf,0.04,本文推导了电磁感应的基本假设，通过积分和斯托克斯定理，从点函数关系得到法拉第定律的表达式，说明感应电动势等于磁通量变化率的负值。
电磁场/电磁场与电磁波习题答案/Chapter.7/Problem_40.pdf,"{""id"": ""6a072774abfe09661dcd8cbd"", ""reused_existing"": false}",,电磁场电磁场与电磁波习题答案 Chapter.7,课程,电磁场,电磁场与电磁波习题答案 Chapter.7,Problem_40.pdf,0.02,准静态场是低频下对时变电磁场的近似，其电场和磁场独立解耦，通过保留频率一次项得到麦克斯韦方程的精确解。
电磁场/电磁场与电磁波习题答案/Chapter.7/Problem_41.pdf,"{""id"": ""6a072774abfe09661dcd8cbe"", ""reused_existing"": false}",,电磁场电磁场与电磁波习题答案 Chapter.7,课程,电磁场,电磁场与电磁波习题答案 Chapter.7,Problem_41.pdf,0.01,该资料为电磁场课程习题解答，证明推迟势满足非齐次波动方程，涉及式(7-77)与式(7-65)的推导过程。
电磁场/电磁场与电磁波习题答案/Chapter.7/Problem_42.pdf,"{""id"": ""6a072775abfe09661dcd8cbf"", ""reused_existing"": false}",,电磁场电磁场与电磁波习题答案 Chapter.7,课程,电磁场,电磁场与电磁波习题答案 Chapter.7,Problem_42.pdf,0.02,洛伦兹条件是标量电位与矢量磁位之间的关系式，用于解耦波动方程，使标量电位和矢量磁位的波动方程相互独立，从而简化电磁场问题的求解。其物理意义在于确保势函数满足波动方程并保持规范不变性。
电磁场/电磁场与电磁波习题答案/Chapter.7/Problem_43.pdf,"{""id"": ""6a072775abfe09661dcd8cc0"", ""reused_existing"": false}",,电磁场电磁场与电磁波习题答案 Chapter.7,课程,电磁场,电磁场与电磁波习题答案 Chapter.7,Problem_43.pdf,0.07,该PDF为电磁场课程习题Problem 7-22的解答，涉及三角时间函数f(t)在R=0时的波形图绘制，包括f(t-R/u)随时间t的变化以及随距离R的变化（t>T时）。
电磁场/电磁场与电磁波习题答案/Chapter.7/Problem_44.pdf,"{""id"": ""6a072776abfe09661dcd8cc1"", ""reused_existing"": false}",,电磁场电磁场与电磁波习题答案 Chapter.7,课程,电磁场,电磁场与电磁波习题答案 Chapter.7,Problem_44.pdf,0.03,该文本推导了标量势V和矢量势A的非齐次波动方程，基于麦克斯韦方程和电场强度与势函数的关系，给出了方程形式及参数含义。
电磁场/电磁场与电磁波习题答案/Chapter.7/Problem_45.pdf,"{""id"": ""6a072776abfe09661dcd8cc2"", ""reused_existing"": false}",,电磁场电磁场与电磁波习题答案 Chapter.7,课程,电磁场,电磁场与电磁波习题答案 Chapter.7,Problem_45.pdf,0.07,该PDF文件为电磁场课程习题解答，通过指数函数形式表示电磁波电场分量，并演示如何叠加两个电场分量得到合成电场，最终与一般表达式比较求解参数。
电磁场/电磁场与电磁波习题答案/Chapter.7/Problem_46.pdf,"{""id"": ""6a072777abfe09661dcd8cc3"", ""reused_existing"": false}",,电磁场电磁场与电磁波习题答案 Chapter.7,课程,电磁场,电磁场与电磁波习题答案 Chapter.7,Problem_46.pdf,0.03,该文本片段介绍了电磁场中电场强度E的切向分量和磁通密度B的法向分量的边界条件，指出E的切向分量和B的法向分量在介质界面连续，并说明这些条件由麦克斯韦方程积分形式推导得出。
电磁场/电磁场与电磁波习题答案/Chapter.7/Problem_47.pdf,"{""id"": ""6a072777abfe09661dcd8cc4"", ""reused_existing"": false}",,电磁场电磁场与电磁波习题答案 Chapter.7,课程,电磁场,电磁场与电磁波习题答案 Chapter.7,Problem_47.pdf,0.07,"推导非导电简单介质中E和H的波方程，考虑电荷分布p和电流分布J。将波方程转换为正弦时间依赖的亥姆霍兹方程，并写出E(R,t)和H(R,t)关于p和J的通解。"
电磁场/电磁场与电磁波习题答案/Chapter.7/Problem_48.pdf,"{""id"": ""6a072778abfe09661dcd8cc5"", ""reused_existing"": false}",,电磁场电磁场与电磁波习题答案 Chapter.7,课程,电磁场,电磁场与电磁波习题答案 Chapter.7,Problem_48.pdf,0.03,电磁场边界条件习题，推导切向H和法向D的边界条件，基于麦克斯韦方程积分形式，适用于不同介质界面。
电磁场/电磁场与电磁波习题答案/Chapter.7/Problem_49.pdf,"{""id"": ""6a072778abfe09661dcd8cc6"", ""reused_existing"": false}",,电磁场电磁场与电磁波习题答案 Chapter.7,课程,电磁场,电磁场与电磁波习题答案 Chapter.7,Problem_49.pdf,0.11,给定空气中电场 E = ay 0.1 sin(10πx) cos(6π×10^9 t - βz) V/m，通过相量法求解磁场 H 和传播常数 β。步骤包括将电场转换为余弦参考相量，利用麦克斯韦方程计算 H，再反推 E 并比较系数，最终求得 β 和 H 的表达式。
电磁场/电磁场与电磁波习题答案/Chapter.7/Problem_5.pdf,"{""id"": ""6a072779abfe09661dcd8cc7"", ""reused_existing"": false}",,电磁场电磁场与电磁波习题答案 Chapter.7,课程,电磁场,电磁场与电磁波习题答案 Chapter.7,Problem_5.pdf,0.03,矩形回路位于长直导线附近，导线载有矩形脉冲电流。求回路中的感应电流（自感L已知）及电阻R上的能量耗散（当T>>L/R时）。
电磁场/电磁场与电磁波习题答案/Chapter.7/Problem_50.pdf,"{""id"": ""6a072779abfe09661dcd8cc8"", ""reused_existing"": false}",,电磁场电磁场与电磁波习题答案 Chapter.7,课程,电磁场,电磁场与电磁波习题答案 Chapter.7,Problem_50.pdf,0.02,解释理想导体表面外电场为何垂直于导体表面：若存在平行分量，表面电荷会加速运动，破坏平衡状态。
电磁场/电磁场与电磁波习题答案/Chapter.7/Problem_51.pdf,"{""id"": ""6a07277aabfe09661dcd8cc9"", ""reused_existing"": false}",,电磁场电磁场与电磁波习题答案 Chapter.7,课程,电磁场,电磁场与电磁波习题答案 Chapter.7,Problem_51.pdf,0.11,该PDF文件为电磁场习题，涉及已知磁场H表达式求电场E和相位常数β。通过相量法，将时域磁场转换为相量形式，利用麦克斯韦方程计算电场，并求解β值。适用于电磁波传播分析。
电磁场/电磁场与电磁波习题答案/Chapter.7/Problem_52.pdf,"{""id"": ""6a07277babfe09661dcd8cca"", ""reused_existing"": false}",,电磁场电磁场与电磁波习题答案 Chapter.7,课程,电磁场,电磁场与电磁波习题答案 Chapter.7,Problem_52.pdf,0.02,解释完美导体表面外磁场为何切向：若电场有平行分量，表面电荷会加速运动破坏平衡，故电场必须垂直表面；由于电磁场相互垂直，磁场则切向于导体表面。
电磁场/电磁场与电磁波习题答案/Chapter.7/Problem_53.pdf,"{""id"": ""6a07277babfe09661dcd8ccb"", ""reused_existing"": false}",,电磁场电磁场与电磁波习题答案 Chapter.7,课程,电磁场,电磁场与电磁波习题答案 Chapter.7,Problem_53.pdf,0.07,该资料为电磁场课程习题解答，涉及自由空间中球面波的电场强度，通过麦克斯韦方程求解磁场强度H和波数k，适用于电磁波传播分析。
电磁场/电磁场与电磁波习题答案/Chapter.7/Problem_54.pdf,"{""id"": ""6a07277cabfe09661dcd8ccc"", ""reused_existing"": false}",,电磁场电磁场与电磁波习题答案 Chapter.7,课程,电磁场,电磁场与电磁波习题答案 Chapter.7,Problem_54.pdf,0.03,该文本片段讨论了完美导体内部能否存在静态磁场和时变磁场的问题。根据麦克斯韦方程，完美导体内部电场为零，因此静态磁场可以存在，但时变磁场不能存在。文本包含推导步骤，属于电磁场课程的习题解答。年份未明确标注。
电磁场/电磁场与电磁波习题答案/Chapter.7/Problem_55.pdf,"{""id"": ""6a07277cabfe09661dcd8ccd"", ""reused_existing"": false}",,电磁场电磁场与电磁波习题答案 Chapter.7,课程,电磁场,电磁场与电磁波习题答案 Chapter.7,Problem_55.pdf,0.07,该问题涉及时谐场中源自由区域的矢量磁位Ae，要求用Ae表示H并证明Ae满足齐次亥姆霍兹方程。通过麦克斯韦旋度方程和矢量恒等式推导，得到H的表达式并验证Ae的波动方程。
电磁场/电磁场与电磁波习题答案/Chapter.7/Problem_56.pdf,"{""id"": ""6a07277dabfe09661dcd8cce"", ""reused_existing"": false}",,电磁场电磁场与电磁波习题答案 Chapter.7,课程,电磁场,电磁场与电磁波习题答案 Chapter.7,Problem_56.pdf,0.02,推迟势是电磁学中考虑电磁波传播时间延迟的势函数，包括推迟标量势和推迟矢量势，其表达式依赖于源点与场点间的距离及时间延迟。本题解释了推迟势的基本概念。
电磁场/电磁场与电磁波习题答案/Chapter.7/Problem_57.pdf,"{""id"": ""6a07277dabfe09661dcd8ccf"", ""reused_existing"": false}",,电磁场电磁场与电磁波习题答案 Chapter.7,课程,电磁场,电磁场与电磁波习题答案 Chapter.7,Problem_57.pdf,0.08,该问题涉及无源极化介质中电场强度E与电Hertz势πe及极化强度P的关系。通过定义矢量势πe，推导出E的表达式，并证明πe满足非齐次亥姆霍兹方程。步骤包括利用时谐麦克斯韦方程组、本构关系及规范选择，最终得到电场表达式和波动方程。
电磁场/电磁场与电磁波习题答案/Chapter.7/Problem_58.pdf,"{""id"": ""6a07277eabfe09661dcd8cd0"", ""reused_existing"": false}",,电磁场电磁场与电磁波习题答案 Chapter.7,课程,电磁场,电磁场与电磁波习题答案 Chapter.7,Problem_58.pdf,0.02,该问题探讨了介质本构参数（磁导率和介电常数）对延迟时间和波传播速度的影响。延迟时间取决于距离和速度，而波速由介质特性决定且与频率无关。
电磁场/电磁场与电磁波习题答案/Chapter.7/Problem_59.pdf,"{""id"": ""6a07277fabfe09661dcd8cd1"", ""reused_existing"": false}",,电磁场电磁场与电磁波习题答案 Chapter.7,课程,电磁场,电磁场与电磁波习题答案 Chapter.7,Problem_59.pdf,0.06,该资料为Problem_59.pdf，涉及电磁场中良导体内电流的电磁效应计算。内容比较了铜在100 GHz下位移电流密度与传导电流密度的大小，并推导了无源良导体中磁场强度H的微分方程。适用于电磁场课程，知识点包括位移电流、传导电流、麦克斯韦方程，资料类型为习题，年份未知。
电磁场/电磁场与电磁波习题答案/Chapter.7/Problem_6.pdf,"{""id"": ""6a07277fabfe09661dcd8cd2"", ""reused_existing"": false}",,电磁场电磁场与电磁波习题答案 Chapter.7,课程,电磁场,电磁场与电磁波习题答案 Chapter.7,Problem_6.pdf,0.02,本题要求陈述楞次定律。楞次定律指出，感应电动势会在闭合回路中产生电流，其方向总是阻碍磁通量的变化。该定律通过法拉第电磁感应定律中的负号体现，即感应电动势产生的磁场会对抗原磁场的变化。
电磁场/电磁场与电磁波习题答案/Chapter.7/Problem_60.pdf,"{""id"": ""6a072780abfe09661dcd8cd3"", ""reused_existing"": false}",,电磁场电磁场与电磁波习题答案 Chapter.7,课程,电磁场,电磁场与电磁波习题答案 Chapter.7,Problem_60.pdf,0.08,该资料推导了自由空间中电场E和磁场H的无源波动方程。基于麦克斯韦方程组，在非导电介质中（电导率为0），通过代入本构关系并取旋度，得到一阶和二阶无源波动方程。适用于电磁场课程中波动方程部分的学习。
电磁场/电磁场与电磁波习题答案/Chapter.7/Problem_61.pdf,"{""id"": ""6a072780abfe09661dcd8cd4"", ""reused_existing"": false}",,电磁场电磁场与电磁波习题答案 Chapter.7,课程,电磁场,电磁场与电磁波习题答案 Chapter.7,Problem_61.pdf,0.02,相量是包含正弦函数幅度和相位信息的复数极坐标形式，不是时间的函数，而是频率的函数。本资料通过问题形式解释相量的定义及其与空间位置和角频率的关系。
电磁场/电磁场与电磁波习题答案/Chapter.7/Problem_62.pdf,"{""id"": ""6a072781abfe09661dcd8cd5"", ""reused_existing"": false}",,电磁场电磁场与电磁波习题答案 Chapter.7,课程,电磁场,电磁场与电磁波习题答案 Chapter.7,Problem_62.pdf,0.02,该资料为电磁场学科习题，讨论相量与向量的区别：向量是时间的函数，而相量是频率的函数，包含幅度和相位信息。
电磁场/电磁场与电磁波习题答案/Chapter.7/Problem_63.pdf,"{""id"": ""6a072782abfe09661dcd8cd6"", ""reused_existing"": false}",,电磁场电磁场与电磁波习题答案 Chapter.7,课程,电磁场,电磁场与电磁波习题答案 Chapter.7,Problem_63.pdf,0.02,讨论在电磁学中使用相量的优势，包括降低求解复杂度和同时包含幅度与相位信息。
电磁场/电磁场与电磁波习题答案/Chapter.7/Problem_64.pdf,"{""id"": ""6a072782abfe09661dcd8cd7"", ""reused_existing"": false}",,电磁场电磁场与电磁波习题答案 Chapter.7,课程,电磁场,电磁场与电磁波习题答案 Chapter.7,Problem_64.pdf,0.04,针对时谐场中传导电流与位移电流是否同相的问题，通过电场强度表达式推导总电流，得出传导电流与电场同相，而位移电流超前传导电流90度相位角，因此两者不同相。
电磁场/电磁场与电磁波习题答案/Chapter.7/Problem_65.pdf,"{""id"": ""6a072783abfe09661dcd8cd8"", ""reused_existing"": false}",,电磁场电磁场与电磁波习题答案 Chapter.7,课程,电磁场,电磁场与电磁波习题答案 Chapter.7,Problem_65.pdf,0.03,该文本介绍了在简单介质中用时谐相量表示麦克斯韦方程的方法，包括电场强度E、磁场强度H、介电常数、电通量密度D和电流密度J等基本概念，并给出了无源场情况下的方程形式。
电磁场/电磁场与电磁波习题答案/Chapter.7/Problem_66.pdf,"{""id"": ""6a072783abfe09661dcd8cd9"", ""reused_existing"": false}",,电磁场电磁场与电磁波习题答案 Chapter.7,课程,电磁场,电磁场与电磁波习题答案 Chapter.7,Problem_66.pdf,0.03,定义波数：从时谐波动方程出发，推导波数k的计算公式，涉及角频率、磁导率和介电常数，最终定义为角频率与速度之比。
电磁场/电磁场与电磁波习题答案/Chapter.7/Problem_67.pdf,"{""id"": ""6a072784abfe09661dcd8cda"", ""reused_existing"": false}",,电磁场电磁场与电磁波习题答案 Chapter.7,课程,电磁场,电磁场与电磁波习题答案 Chapter.7,Problem_67.pdf,0.03,该资料为Problem_67.pdf，内容涉及时谐电磁场中推迟标量势和矢量势的表达式推导。文本从时谐场定义出发，基于电荷和电流分布，给出了标量势和矢量势的数学形式，并解释了各物理量（如电势V、电阻R、介电常数、电荷密度、波数k、磁势A、电流密度J）的含义。适用于电磁场课程中时谐场与势函数知识点的学习。
电磁场/电磁场与电磁波习题答案/Chapter.7/Problem_68.pdf,"{""id"": ""6a072785abfe09661dcd8cdb"", ""reused_existing"": false}",,电磁场电磁场与电磁波习题答案 Chapter.7,课程,电磁场,电磁场与电磁波习题答案 Chapter.7,Problem_68.pdf,0.05,该资料为电磁场课程中的Problem_68.pdf，内容涉及在简单、非导电、无源介质中推导电场E的齐次矢量亥姆霍兹方程，基于时谐麦克斯韦方程组，通过设定电导率和电流密度为零，并取旋度得到最终方程。
电磁场/电磁场与电磁波习题答案/Chapter.7/Problem_69.pdf,"{""id"": ""6a072785abfe09661dcd8cdc"", ""reused_existing"": false}",,电磁场电磁场与电磁波习题答案 Chapter.7,课程,电磁场,电磁场与电磁波习题答案 Chapter.7,Problem_69.pdf,0.04,该资料为Problem_69.pdf，内容涉及有损介质中波数的表达式推导。通过将波数公式转换为复数形式，并引入复介电常数，最终得到波数关于介电常数和磁导率的表达式。适用于电磁场课程中波传播与介质特性的学习。
电磁场/电磁场与电磁波习题答案/Chapter.7/Problem_7.pdf,"{""id"": ""6a072786abfe09661dcd8cdd"", ""reused_existing"": false}",,电磁场电磁场与电磁波习题答案 Chapter.7,课程,电磁场,电磁场与电磁波习题答案 Chapter.7,Problem_7.pdf,0.16,本题涉及等边三角形导体回路靠近长直导线时的感应电压计算。已知导线电流i(t)=I sinωt，距离d=b/2。需计算高阻抗有效值电压表接入回路时的读数，以及回路绕中心垂直轴旋转60°后的电压表读数。解题步骤包括计算磁通、感应电动势和有效值电压。
电磁场/电磁场与电磁波习题答案/Chapter.7/Problem_70.pdf,"{""id"": ""6a072787abfe09661dcd8cde"", ""reused_existing"": false}",,电磁场电磁场与电磁波习题答案 Chapter.7,课程,电磁场,电磁场与电磁波习题答案 Chapter.7,Problem_70.pdf,0.03,解释介质损耗角正切的定义：从非导电到导电介质，介电常数变为复介电常数，包含欧姆损耗和阻尼。损耗角正切为复介电常数虚部与实部之比，用于计算介质中的功率损耗。
电磁场/电磁场与电磁波习题答案/Chapter.7/Problem_71.pdf,"{""id"": ""6a072787abfe09661dcd8cdf"", ""reused_existing"": false}",,电磁场电磁场与电磁波习题答案 Chapter.7,课程,电磁场,电磁场与电磁波习题答案 Chapter.7,Problem_71.pdf,0.04,该资料讨论了时变情况下良导体和有耗介质的定义，通过复介电常数和损耗角正切公式，根据电导率与角频率的比值判断材料类型。
电磁场/电磁场与电磁波习题答案/Chapter.7/Problem_72.pdf,"{""id"": ""6a072788abfe09661dcd8ce0"", ""reused_existing"": false}",,电磁场电磁场与电磁波习题答案 Chapter.7,课程,电磁场,电磁场与电磁波习题答案 Chapter.7,Problem_72.pdf,0.03,电磁波在介质中的传播速度由介质的磁导率和介电常数决定。在空气中，相对磁导率和相对介电常数近似为1，因此速度接近真空中的光速；在真空中，两者精确为1，速度等于光速。本题通过公式推导，比较了电磁波在空气和真空中的传播速度，得出两者相同的结论。
电磁场/电磁场与电磁波习题答案/Chapter.7/Problem_73.pdf,"{""id"": ""6a072789abfe09661dcd8ce1"", ""reused_existing"": false}",,电磁场电磁场与电磁波习题答案 Chapter.7,课程,电磁场,电磁场与电磁波习题答案 Chapter.7,Problem_73.pdf,0.02,该PDF文件包含一道关于可见光波长范围的习题，题目要求回答可见光的波长范围，并给出了红色和紫色光的波长作为参考。内容适合电磁场或光学课程中关于电磁波谱的练习。
电磁场/电磁场与电磁波习题答案/Chapter.7/Problem_74.pdf,"{""id"": ""6a072789abfe09661dcd8ce2"", ""reused_existing"": false}",,电磁场电磁场与电磁波习题答案 Chapter.7,课程,电磁场,电磁场与电磁波习题答案 Chapter.7,Problem_74.pdf,0.02,低频段（低于VLF）因天线尺寸大、数据速率低，很少用于无线传输。
电磁场/电磁场与电磁波习题答案/Chapter.7/Problem_8.pdf,"{""id"": ""6a07278aabfe09661dcd8ce3"", ""reused_existing"": false}",,电磁场电磁场与电磁波习题答案 Chapter.7,课程,电磁场,电磁场与电磁波习题答案 Chapter.7,Problem_8.pdf,0.04,推导变压器电动势表达式。从电磁感应基本假设出发，对时变磁场中的闭合回路，通过面积分和斯托克斯定理，得到感应电动势等于磁通量变化率的负值，即变压器电动势公式。
电磁场/电磁场与电磁波习题答案/Chapter.7/Problem_9.pdf,"{""id"": ""6a07278aabfe09661dcd8ce4"", ""reused_existing"": false}",,电磁场电磁场与电磁波习题答案 Chapter.7,课程,电磁场,电磁场与电磁波习题答案 Chapter.7,Problem_9.pdf,0.11,本题涉及一个半径为0.1m的圆形导体回路，位于载有60Hz电流的长电力线附近，距离d=0.15m。回路中串联的交流毫安表读数为0.3mA，回路总阻抗为0.01Ω。要求计算电力线中的电流大小，以及将回路绕水平轴旋转至毫安表读数为0.2mA所需的角度。解题步骤包括计算磁通量、感应电动势和电流，并利用互感公式求解。
电磁场/电磁场与电磁波习题答案/Chapter.8/Problem_1.pdf,"{""id"": ""6a07278cabfe09661dcd8ce6"", ""reused_existing"": false}",,电磁场电磁场与电磁波习题答案 Chapter.8,课程,电磁场,电磁场与电磁波习题答案 Chapter.8,Problem_1.pdf,0.08,推导无源导电介质中E和H场的波方程，基于麦克斯韦方程和本构关系，通过安培定律和法拉第定律的旋度运算得到波动方程。
电磁场/电磁场与电磁波习题答案/Chapter.8/Problem_10.pdf,"{""id"": ""6a07278cabfe09661dcd8ce7"", ""reused_existing"": false}",,电磁场电磁场与电磁波习题答案 Chapter.8,课程,电磁场,电磁场与电磁波习题答案 Chapter.8,Problem_10.pdf,0.05,相速度是等相位面传播的速度，由角频率与波数之比给出，等于光速，适用于纯正弦波，且在某些情况下波速依赖于频率。
电磁场/电磁场与电磁波习题答案/Chapter.8/Problem_11.pdf,"{""id"": ""6a07278dabfe09661dcd8ce8"", ""reused_existing"": false}",,电磁场电磁场与电磁波习题答案 Chapter.8,课程,电磁场,电磁场与电磁波习题答案 Chapter.8,Problem_11.pdf,0.08,该PDF文件包含一道电磁场习题，涉及均匀平面波在介质中传播。问题要求确定波的频率、波长、介质介电常数、极化方式（椭圆极化、左旋极化）以及对应的磁场H。解答步骤详细，适合复习电磁波基本概念与计算。
电磁场/电磁场与电磁波习题答案/Chapter.8/Problem_12.pdf,"{""id"": ""6a07278eabfe09661dcd8ce9"", ""reused_existing"": false}",,电磁场电磁场与电磁波习题答案 Chapter.8,课程,电磁场,电磁场与电磁波习题答案 Chapter.8,Problem_12.pdf,0.04,定义介质的本征阻抗，并计算自由空间的本征阻抗值。本征阻抗是介质磁导率与介电常数之比的平方根，单位为欧姆。自由空间的本征阻抗约为377欧姆。
电磁场/电磁场与电磁波习题答案/Chapter.8/Problem_13.pdf,"{""id"": ""6a07278eabfe09661dcd8cea"", ""reused_existing"": false}",,电磁场电磁场与电磁波习题答案 Chapter.8,课程,电磁场,电磁场与电磁波习题答案 Chapter.8,Problem_13.pdf,0.17,该资料为电磁场课程习题解答，证明具有特定瞬时电场表达式的平面波是椭圆极化的，并推导极化椭圆的参数。
电磁场/电磁场与电磁波习题答案/Chapter.8/Problem_14.pdf,"{""id"": ""6a07278fabfe09661dcd8ceb"", ""reused_existing"": false}",,电磁场电磁场与电磁波习题答案 Chapter.8,课程,电磁场,电磁场与电磁波习题答案 Chapter.8,Problem_14.pdf,0.02,该PDF文件包含关于多普勒效应的定义和解释，属于电磁场学科的问题资料。
电磁场/电磁场与电磁波习题答案/Chapter.8/Problem_15.pdf,"{""id"": ""6a072790abfe09661dcd8cec"", ""reused_existing"": false}",,电磁场电磁场与电磁波习题答案 Chapter.8,课程,电磁场,电磁场与电磁波习题答案 Chapter.8,Problem_15.pdf,0.05,证明椭圆极化平面波可分解为右旋和左旋圆极化波，以及圆极化平面波可由两个反向椭圆极化波叠加得到。
电磁场/电磁场与电磁波习题答案/Chapter.8/Problem_16.pdf,"{""id"": ""6a072790abfe09661dcd8ced"", ""reused_existing"": false}",,电磁场电磁场与电磁波习题答案 Chapter.8,课程,电磁场,电磁场与电磁波习题答案 Chapter.8,Problem_16.pdf,0.02,TEM波（横电磁波）是电场和磁场均位于横向平面内的均匀平面波，其幅度在横向平面内恒定，传播方向垂直于横向平面，且电场与磁场相互垂直。
电磁场/电磁场与电磁波习题答案/Chapter.8/Problem_17.pdf,"{""id"": ""6a072791abfe09661dcd8cee"", ""reused_existing"": false}",,电磁场电磁场与电磁波习题答案 Chapter.8,课程,电磁场,电磁场与电磁波习题答案 Chapter.8,Problem_17.pdf,0.06,推导导电媒质中衰减常数和相位常数的一般表达式。从自由空间中的齐次矢量亥姆霍兹方程出发，通过引入导电媒质的波数公式，经过平方、代入、取模等步骤，最终得到衰减常数和相位常数的表达式。
电磁场/电磁场与电磁波习题答案/Chapter.8/Problem_18.pdf,"{""id"": ""6a072791abfe09661dcd8cef"", ""reused_existing"": false}",,电磁场电磁场与电磁波习题答案 Chapter.8,课程,电磁场,电磁场与电磁波习题答案 Chapter.8,Problem_18.pdf,0.02,本题要求写出沿+z方向传播的x极化均匀平面波的电场和磁场强度矢量的相量表达式。解答分三步：首先给出电场相量的一般形式，其中包含常矢量；然后给出磁场相量的表达式；最后总结。该资料为电磁场课程习题解答，涉及均匀平面波的基本概念和相量表示方法。
电磁场/电磁场与电磁波习题答案/Chapter.8/Problem_19.pdf,"{""id"": ""6a072792abfe09661dcd8cf0"", ""reused_existing"": false}",,电磁场电磁场与电磁波习题答案 Chapter.8,课程,电磁场,电磁场与电磁波习题答案 Chapter.8,Problem_19.pdf,0.31,该PDF文件为电磁场课程习题解答，比较铜、银、黄铜三种金属在60Hz、1MHz和1GHz频率下的本征阻抗、衰减常数（Np/m和dB/m）和趋肤深度。
电磁场/电磁场与电磁波习题答案/Chapter.8/Problem_2.pdf,"{""id"": ""6a072793abfe09661dcd8cf1"", ""reused_existing"": false}",,电磁场电磁场与电磁波习题答案 Chapter.8,课程,电磁场,电磁场与电磁波习题答案 Chapter.8,Problem_2.pdf,0.02,均匀平面波是麦克斯韦方程组的特解，其电场和磁场在垂直于传播方向的无限平面上具有相同相位、方向和幅度，也称为横电磁波（TEM波）。实际中不存在，因为需要无限大源。
电磁场/电磁场与电磁波习题答案/Chapter.8/Problem_20.pdf,"{""id"": ""6a072793abfe09661dcd8cf2"", ""reused_existing"": false}",,电磁场电磁场与电磁波习题答案 Chapter.8,课程,电磁场,电磁场与电磁波习题答案 Chapter.8,Problem_20.pdf,0.02,波的极化指均匀平面波中电场强度矢量随时间变化的方向特性。当电场矢量固定于某一方向时，波为线极化；当电场矢量端点轨迹为圆时，波为圆极化。本文通过步骤解释了极化的定义及线极化、圆极化的条件。
电磁场/电磁场与电磁波习题答案/Chapter.8/Problem_21.pdf,"{""id"": ""6a072794abfe09661dcd8cf3"", ""reused_existing"": false}",,电磁场电磁场与电磁波习题答案 Chapter.8,课程,电磁场,电磁场与电磁波习题答案 Chapter.8,Problem_21.pdf,0.13,该问题涉及3 GHz y极化均匀平面波在非磁性介质（介电常数2.5，损耗角正切10^-2）中沿+x方向传播。要求计算：a) 振幅减半的传播距离；b) 本征阻抗、波长、相速度和群速度；c) 给定电场表达式，写出磁场瞬时表达式。解答过程包括衰减常数计算、低损耗介质参数推导及磁场表达式。适用于电磁场课程中平面波传播与损耗介质分析。
电磁场/电磁场与电磁波习题答案/Chapter.8/Problem_22.pdf,"{""id"": ""6a072794abfe09661dcd8cf4"", ""reused_existing"": false}",,电磁场电磁场与电磁波习题答案 Chapter.8,课程,电磁场,电磁场与电磁波习题答案 Chapter.8,Problem_22.pdf,0.05,两个同频正交线极化波合成时，若相位差为零则合成线极化波；若振幅相等且相位差90°则合成圆极化波；若振幅不等则合成椭圆极化波。
电磁场/电磁场与电磁波习题答案/Chapter.8/Problem_23.pdf,"{""id"": ""6a072795abfe09661dcd8cf5"", ""reused_existing"": false}",,电磁场电磁场与电磁波习题答案 Chapter.8,课程,电磁场,电磁场与电磁波习题答案 Chapter.8,Problem_23.pdf,0.14,该问题涉及线性极化均匀平面波在海水中沿+y方向传播，给定磁场强度表达式，要求计算衰减常数、相位常数、本征阻抗、相速度、波长和趋肤深度，并求磁场幅度衰减至0.01 A/m的位置，以及写出y=0.5 m处的电场和磁场表达式。
电磁场/电磁场与电磁波习题答案/Chapter.8/Problem_24.pdf,"{""id"": ""6a072796abfe09661dcd8cf6"", ""reused_existing"": false}",,电磁场电磁场与电磁波习题答案 Chapter.8,课程,电磁场,电磁场与电磁波习题答案 Chapter.8,Problem_24.pdf,0.02,AM广播电台辐射的电磁波是线极化，电场垂直于地面；电视信号是水平线极化；FM广播电台辐射的波是圆极化。
电磁场/电磁场与电磁波习题答案/Chapter.8/Problem_25.pdf,"{""id"": ""6a072796abfe09661dcd8cf7"", ""reused_existing"": false}",,电磁场电磁场与电磁波习题答案 Chapter.8,课程,电磁场,电磁场与电磁波习题答案 Chapter.8,Problem_25.pdf,0.04,本题求解石墨的电导率及1 GHz波在石墨中传播使场强衰减30 dB所需的距离。已知100 MHz时皮肤深度0.16 mm，利用良导体皮肤深度公式计算电导率，再根据衰减常数计算距离。
电磁场/电磁场与电磁波习题答案/Chapter.8/Problem_26.pdf,"{""id"": ""6a072797abfe09661dcd8cf8"", ""reused_existing"": false}",,电磁场电磁场与电磁波习题答案 Chapter.8,课程,电磁场,电磁场与电磁波习题答案 Chapter.8,Problem_26.pdf,0.02,该PDF文件定义了电磁波传播常数、衰减常数和相位常数的概念，并给出了衰减常数的计算公式。
电磁场/电磁场与电磁波习题答案/Chapter.8/Problem_27.pdf,"{""id"": ""6a072798abfe09661dcd8cf9"", ""reused_existing"": false}",,电磁场电磁场与电磁波习题答案 Chapter.8,课程,电磁场,电磁场与电磁波习题答案 Chapter.8,Problem_27.pdf,0.11,本题通过分层模型分析电离层对电磁波的反射，利用Snell定律和等离子体频率公式，推导出波被折回地球的最高频率条件，对应折射角为π/2时的临界频率。
电磁场/电磁场与电磁波习题答案/Chapter.8/Problem_28.pdf,"{""id"": ""6a072798abfe09661dcd8cfa"", ""reused_existing"": false}",,电磁场电磁场与电磁波习题答案 Chapter.8,课程,电磁场,电磁场与电磁波习题答案 Chapter.8,Problem_28.pdf,0.03,趋肤深度是行波幅值衰减至1/e时的距离，与衰减常数成反比。对于良导体，趋肤深度随电导率或频率增加而减小，因为衰减常数增大。
电磁场/电磁场与电磁波习题答案/Chapter.8/Problem_29.pdf,"{""id"": ""6a072799abfe09661dcd8cfb"", ""reused_existing"": false}",,电磁场电磁场与电磁波习题答案 Chapter.8,课程,电磁场,电磁场与电磁波习题答案 Chapter.8,Problem_29.pdf,0.05,证明色散介质中群速度 ug 与相速度 up 的关系，通过公式推导和微分运算得到 ug = up - λ dup/dλ 及 ug = up + k dup/dk 等关系。
电磁场/电磁场与电磁波习题答案/Chapter.8/Problem_3.pdf,"{""id"": ""6a07279aabfe09661dcd8cfc"", ""reused_existing"": false}",,电磁场电磁场与电磁波习题答案 Chapter.8,课程,电磁场,电磁场与电磁波习题答案 Chapter.8,Problem_3.pdf,0.04,证明平面波电场强度表达式满足齐次亥姆霍兹方程，需满足波数条件。通过代入电场强度表达式并推导，验证方程成立条件。
电磁场/电磁场与电磁波习题答案/Chapter.8/Problem_30.pdf,"{""id"": ""6a07279babfe09661dcd8cfd"", ""reused_existing"": false}",,电磁场电磁场与电磁波习题答案 Chapter.8,课程,电磁场,电磁场与电磁波习题答案 Chapter.8,Problem_30.pdf,0.02,该资料为电磁场学科习题，解答电离层的构成：电离层由电离气体组成，存在于海拔约50-500公里的大气层中，包含自由电子和正离子，由太阳紫外线被上层大气原子和分子吸收形成。
电磁场/电磁场与电磁波习题答案/Chapter.8/Problem_31.pdf,"{""id"": ""6a07279cabfe09661dcd8cfe"", ""reused_existing"": false}",,电磁场电磁场与电磁波习题答案 Chapter.8,课程,电磁场,电磁场与电磁波习题答案 Chapter.8,Problem_31.pdf,0.07,该文档通过计算比较了微波辐射安全标准（10 mW/cm²）与太阳辐射（1.3 kW/m²）对应的电场和磁场强度，展示了电磁场功率密度与场强的关系。
电磁场/电磁场与电磁波习题答案/Chapter.8/Problem_32.pdf,"{""id"": ""6a07279cabfe09661dcd8cff"", ""reused_existing"": false}",,电磁场电磁场与电磁波习题答案 Chapter.8,课程,电磁场,电磁场与电磁波习题答案 Chapter.8,Problem_32.pdf,0.02,该片段通过电离层实例解释等离子体定义：电离层是高度50-500km的电离气体层，由太阳紫外线电离原子分子产生自由电子和正离子，电子与离子密度相等的气体称为等离子体。
电磁场/电磁场与电磁波习题答案/Chapter.8/Problem_33.pdf,"{""id"": ""6a07279dabfe09661dcd8d00"", ""reused_existing"": false}",,电磁场电磁场与电磁波习题答案 Chapter.8,课程,电磁场,电磁场与电磁波习题答案 Chapter.8,Problem_33.pdf,0.04,证明在无耗介质中传播的圆极化平面波的瞬时坡印廷矢量是与时间和距离无关的常数。通过电场和磁场表达式推导坡印廷矢量，验证其恒定性。
电磁场/电磁场与电磁波习题答案/Chapter.8/Problem_34.pdf,"{""id"": ""6a07279eabfe09661dcd8d01"", ""reused_existing"": false}",,电磁场电磁场与电磁波习题答案 Chapter.8,课程,电磁场,电磁场与电磁波习题答案 Chapter.8,Problem_34.pdf,0.03,本题探讨等离子体频率的意义。等离子体频率与单位体积电子数成正比，通过它可决定通信频率，因为电离层各层电子密度不同。步骤包括推导等离子体角频率表达式，并说明其在波传播中的作用。
电磁场/电磁场与电磁波习题答案/Chapter.8/Problem_35.pdf,"{""id"": ""6a07279eabfe09661dcd8d02"", ""reused_existing"": false}",,电磁场电磁场与电磁波习题答案 Chapter.8,课程,电磁场,电磁场与电磁波习题答案 Chapter.8,Problem_35.pdf,0.04,该资料为电磁场课程中的Problem_35.pdf，内容涉及天线系统辐射电场强度下平均向外功率流每单位面积的表达式推导。通过计算磁场强度与功率矢量，最终得到平均功率流表达式。
电磁场/电磁场与电磁波习题答案/Chapter.8/Problem_36.pdf,"{""id"": ""6a07279fabfe09661dcd8d03"", ""reused_existing"": false}",,电磁场电磁场与电磁波习题答案 Chapter.8,课程,电磁场,电磁场与电磁波习题答案 Chapter.8,Problem_36.pdf,0.03,当电离层的等效介电常数为负时，波传播会衰减而无法广播。条件为频率低于等离子体频率，此时介电常数为实数且为负，导致波无法传播。
电磁场/电磁场与电磁波习题答案/Chapter.8/Problem_37.pdf,"{""id"": ""6a0727a0abfe09661dcd8d04"", ""reused_existing"": false}",,电磁场电磁场与电磁波习题答案 Chapter.8,课程,电磁场,电磁场与电磁波习题答案 Chapter.8,Problem_37.pdf,0.04,该习题要求验证无损耗同轴电缆中，通过介质横截面的坡印廷矢量积分等于传输功率V0I。利用高斯定律和安培定律推导电场和磁场，计算坡印廷矢量并积分，证明功率守恒。
电磁场/电磁场与电磁波习题答案/Chapter.8/Problem_38.pdf,"{""id"": ""6a0727a0abfe09661dcd8d05"", ""reused_existing"": false}",,电磁场电磁场与电磁波习题答案 Chapter.8,课程,电磁场,电磁场与电磁波习题答案 Chapter.8,Problem_38.pdf,0.02,信号色散指相速度随频率变化导致波形失真，常见于长传输线或有损介质中。有损介质是色散介质的例子。
电磁场/电磁场与电磁波习题答案/Chapter.8/Problem_39.pdf,"{""id"": ""6a0727a1abfe09661dcd8d06"", ""reused_existing"": false}",,电磁场电磁场与电磁波习题答案 Chapter.8,课程,电磁场,电磁场与电磁波习题答案 Chapter.8,Problem_39.pdf,0.08,"均匀平面电磁波垂直入射到海洋表面，给定磁场H(0,t)=ayH0 cos(10^4 t) A/m。求解趋肤深度（海洋电导率4 S/m，磁导率μ0），推导H(z,t)和E(z,t)表达式，并计算单位面积功率损耗（用H0表示）。"
电磁场/电磁场与电磁波习题答案/Chapter.8/Problem_4.pdf,"{""id"": ""6a0727a2abfe09661dcd8d07"", ""reused_existing"": false}",,电磁场电磁场与电磁波习题答案 Chapter.8,课程,电磁场,电磁场与电磁波习题答案 Chapter.8,Problem_4.pdf,0.02,波前是传输线上未充电与已充电至源电压部分之间的瞬时边界，通常为球形，但小部分近似平面；也是零电流与充电电流部分之间的瞬时边界。
电磁场/电磁场与电磁波习题答案/Chapter.8/Problem_40.pdf,"{""id"": ""6a0727a2abfe09661dcd8d08"", ""reused_existing"": false}",,电磁场电磁场与电磁波习题答案 Chapter.8,课程,电磁场,电磁场与电磁波习题答案 Chapter.8,Problem_40.pdf,0.07,该资料定义了群速度，并比较了群速度与相速度的区别。群速度是波包包络的传播速度，而相速度是单个频率分量的传播速度。通过图1展示了两者的差异，并给出了群速度和相速度的表达式。群速度波形较宽，相速度波形较窄。
电磁场/电磁场与电磁波习题答案/Chapter.8/Problem_41.pdf,"{""id"": ""6a0727a3abfe09661dcd8d09"", ""reused_existing"": false}",,电磁场电磁场与电磁波习题答案 Chapter.8,课程,电磁场,电磁场与电磁波习题答案 Chapter.8,Problem_41.pdf,0.08,该资料为电磁场课程习题解答，涉及右旋圆极化平面波垂直入射到理想导体壁的反射波极化、感应电流及总电场瞬时表达式推导。
电磁场/电磁场与电磁波习题答案/Chapter.8/Problem_42.pdf,"{""id"": ""6a0727a4abfe09661dcd8d0a"", ""reused_existing"": false}",,电磁场电磁场与电磁波习题答案 Chapter.8,课程,电磁场,电磁场与电磁波习题答案 Chapter.8,Problem_42.pdf,0.02,该文本定义了坡印廷矢量（Poynting vector）为电场与磁场的叉积，表示电磁场中的功率密度矢量，并指出其SI单位为瓦特每平方米（W/m²）。
电磁场/电磁场与电磁波习题答案/Chapter.8/Problem_43.pdf,"{""id"": ""6a0727a5abfe09661dcd8d0b"", ""reused_existing"": false}",,电磁场电磁场与电磁波习题答案 Chapter.8,课程,电磁场,电磁场与电磁波习题答案 Chapter.8,Problem_43.pdf,0.19,"均匀正弦平面波在空气中传播，电场相量表达式为Ei(x,z)=ay10e^{-j(6x+8z)} V/m，入射到z=0的理想导体平面。求解波的频率和波长，写出瞬时表达式，确定入射角，并求反射波和总场的电场与磁场表达式。"
电磁场/电磁场与电磁波习题答案/Chapter.8/Problem_44.pdf,"{""id"": ""6a0727a5abfe09661dcd8d0c"", ""reused_existing"": false}",,电磁场电磁场与电磁波习题答案 Chapter.8,课程,电磁场,电磁场与电磁波习题答案 Chapter.8,Problem_44.pdf,0.02,Poynting定理指出，坡印廷矢量在闭合曲面上的面积分等于离开该封闭体积的功率。该定理描述了电磁场中能量守恒的关系，涉及电场能量密度、磁场能量密度和欧姆功率密度。
电磁场/电磁场与电磁波习题答案/Chapter.8/Problem_45.pdf,"{""id"": ""6a0727a6abfe09661dcd8d0d"", ""reused_existing"": false}",,电磁场电磁场与电磁波习题答案 Chapter.8,课程,电磁场,电磁场与电磁波习题答案 Chapter.8,Problem_45.pdf,0.21,该PDF文件包含一个均匀正弦平面波在空气中入射到理想导体平面的问题，涉及频率、波长、瞬时表达式、入射角、反射波和总场的计算。
电磁场/电磁场与电磁波习题答案/Chapter.8/Problem_46.pdf,"{""id"": ""6a0727a7abfe09661dcd8d0e"", ""reused_existing"": false}",,电磁场电磁场与电磁波习题答案 Chapter.8,课程,电磁场,电磁场与电磁波习题答案 Chapter.8,Problem_46.pdf,0.03,该PDF文件包含一道关于时谐电磁场的习题，要求写出瞬时坡印廷矢量和时间平均坡印廷矢量的表达式。解答中给出了瞬时坡印廷矢量为电场与磁场的叉积，以及时间平均坡印廷矢量在均匀平面波沿z方向传播时的表达式和一般公式。
电磁场/电磁场与电磁波习题答案/Chapter.8/Problem_47.pdf,"{""id"": ""6a0727a7abfe09661dcd8d0f"", ""reused_existing"": false}",,电磁场电磁场与电磁波习题答案 Chapter.8,课程,电磁场,电磁场与电磁波习题答案 Chapter.8,Problem_47.pdf,0.07,针对垂直极化均匀平面波斜入射到理想导体平面的问题，推导了介质1中总场的瞬时表达式（电场E1和磁场H1，采用余弦参考），并计算了时间平均坡印廷矢量。步骤包括写出入射和反射场表达式，叠加得到总场，最后利用总场计算平均功率密度。
电磁场/电磁场与电磁波习题答案/Chapter.8/Problem_48.pdf,"{""id"": ""6a0727a8abfe09661dcd8d10"", ""reused_existing"": false}",,电磁场电磁场与电磁波习题答案 Chapter.8,课程,电磁场,电磁场与电磁波习题答案 Chapter.8,Problem_48.pdf,0.03,驻波由入射波和反射波叠加形成，其幅度在空间上具有最大值和最小值，取决于反射系数。本资料通过分步推导，解释了驻波的形成过程及表达式。
电磁场/电磁场与电磁波习题答案/Chapter.8/Problem_49.pdf,"{""id"": ""6a0727a9abfe09661dcd8d11"", ""reused_existing"": false}",,电磁场电磁场与电磁波习题答案 Chapter.8,课程,电磁场,电磁场与电磁波习题答案 Chapter.8,Problem_49.pdf,0.08,该资料为电磁场课程习题解答，针对平行极化均匀平面波斜入射到理想导体边界的情况，推导了介质1中总场的瞬时表达式（电场和磁场）以及时间平均坡印廷矢量，步骤详细，适合复习电磁波反射与功率流计算。
电磁场/电磁场与电磁波习题答案/Chapter.8/Problem_5.pdf,"{""id"": ""6a0727a9abfe09661dcd8d12"", ""reused_existing"": false}",,电磁场电磁场与电磁波习题答案 Chapter.8,课程,电磁场,电磁场与电磁波习题答案 Chapter.8,Problem_5.pdf,0.09,本题通过多普勒雷达测量移动车辆速度，将车辆反射面视为理想导体平面，入射波为时谐均匀平面波且垂直入射。推导频率偏移Δf与车速u的关系式，并给定Δf=2.33 kHz、f=10.5 GHz时，计算车速u的数值，结果分别以km/hr和miles/hr表示。
电磁场/电磁场与电磁波习题答案/Chapter.8/Problem_50.pdf,"{""id"": ""6a0727aaabfe09661dcd8d13"", ""reused_existing"": false}",,电磁场电磁场与电磁波习题答案 Chapter.8,课程,电磁场,电磁场与电磁波习题答案 Chapter.8,Problem_50.pdf,0.04,讨论电磁波垂直入射到理想导体平面边界时，电场E和磁场H的切向分量特性。在理想导体内部，电场和磁场均为零，无波传输，无平均功率。通过相量分析，得出边界处切向分量的表达式。
电磁场/电磁场与电磁波习题答案/Chapter.8/Problem_51.pdf,"{""id"": ""6a0727aaabfe09661dcd8d14"", ""reused_existing"": false}",,电磁场电磁场与电磁波习题答案 Chapter.8,课程,电磁场,电磁场与电磁波习题答案 Chapter.8,Problem_51.pdf,0.04,求解无耗介质界面正入射均匀平面波反射系数模等于传输系数模的条件，并计算该条件下的驻波比（dB）。
电磁场/电磁场与电磁波习题答案/Chapter.8/Problem_52.pdf,"{""id"": ""6a0727ababfe09661dcd8d15"", ""reused_existing"": false}",,电磁场电磁场与电磁波习题答案 Chapter.8,课程,电磁场,电磁场与电磁波习题答案 Chapter.8,Problem_52.pdf,0.02,定义入射面：包含传播路径和表面法向量的平面，通常为x-z平面。反射和折射定律表明所有射线和表面垂线均位于入射面内。
电磁场/电磁场与电磁波习题答案/Chapter.8/Problem_53.pdf,"{""id"": ""6a0727acabfe09661dcd8d16"", ""reused_existing"": false}",,电磁场电磁场与电磁波习题答案 Chapter.8,课程,电磁场,电磁场与电磁波习题答案 Chapter.8,Problem_53.pdf,0.22,均匀平面波从空气垂直入射到损耗介质界面，介质介电常数2.5，损耗角正切0.5。求反射波和透射波的瞬时表达式（余弦参考）以及空气和损耗介质中的时均坡印廷矢量。
电磁场/电磁场与电磁波习题答案/Chapter.8/Problem_54.pdf,"{""id"": ""6a0727adabfe09661dcd8d17"", ""reused_existing"": false}",,电磁场电磁场与电磁波习题答案 Chapter.8,课程,电磁场,电磁场与电磁波习题答案 Chapter.8,Problem_54.pdf,0.02,解释入射波的垂直极化和平行极化概念。垂直极化指入射电场强度垂直于入射平面，平行极化则电场平行于入射平面。
电磁场/电磁场与电磁波习题答案/Chapter.8/Problem_55.pdf,"{""id"": ""6a0727aeabfe09661dcd8d18"", ""reused_existing"": false}",,电磁场电磁场与电磁波习题答案 Chapter.8,课程,电磁场,电磁场与电磁波习题答案 Chapter.8,Problem_55.pdf,0.11,该问题涉及均匀平面波从空气垂直入射到高导电介质表面的反射系数计算、吸收功率分数推导，以及铁介质在1 MHz下的吸收功率分数。
电磁场/电磁场与电磁波习题答案/Chapter.8/Problem_56.pdf,"{""id"": ""6a0727aeabfe09661dcd8d19"", ""reused_existing"": false}",,电磁场电磁场与电磁波习题答案 Chapter.8,课程,电磁场,电磁场与电磁波习题答案 Chapter.8,Problem_56.pdf,0.02,定义反射系数和传输系数，并推导两者关系。反射系数描述传输介质不连续时的反射波，传输系数描述透射波，两者满足特定关系式。
电磁场/电磁场与电磁波习题答案/Chapter.8/Problem_57.pdf,"{""id"": ""6a0727afabfe09661dcd8d1a"", ""reused_existing"": false}",,电磁场电磁场与电磁波习题答案 Chapter.8,课程,电磁场,电磁场与电磁波习题答案 Chapter.8,Problem_57.pdf,0.12,该问题涉及电磁波垂直入射到有耗介质板的情况，求解反射波和透射波振幅，并讨论特定厚度（λ/4和λ/2）下的反射特性。
电磁场/电磁场与电磁波习题答案/Chapter.8/Problem_58.pdf,"{""id"": ""6a0727b0abfe09661dcd8d1b"", ""reused_existing"": false}",,电磁场电磁场与电磁波习题答案 Chapter.8,课程,电磁场,电磁场与电磁波习题答案 Chapter.8,Problem_58.pdf,0.03,该资料讨论反射系数和透射系数为实数的条件。反射系数取决于介质阻抗大小关系，可正可负；透射系数始终为正。适用于电磁波传播分析。
电磁场/电磁场与电磁波习题答案/Chapter.8/Problem_59.pdf,"{""id"": ""6a0727b1abfe09661dcd8d1c"", ""reused_existing"": false}",,电磁场电磁场与电磁波习题答案 Chapter.8,课程,电磁场,电磁场与电磁波习题答案 Chapter.8,Problem_59.pdf,0.11,"该问题涉及透明介电涂层应用于玻璃（εr=4, μr=1）以消除红光（λ0=0.75μm）反射。需确定涂层的介电常数和厚度，并计算紫光（λ0=0.42μm）垂直入射时的反射功率百分比。通过无反射条件推导介电常数为2，厚度为0.265μm，紫光反射率约为11.1%。"
电磁场/电磁场与电磁波习题答案/Chapter.8/Problem_6.pdf,"{""id"": ""6a0727b2abfe09661dcd8d1d"", ""reused_existing"": false}",,电磁场电磁场与电磁波习题答案 Chapter.8,课程,电磁场,电磁场与电磁波习题答案 Chapter.8,Problem_6.pdf,0.03,该文本片段讲解了在自由空间中，电场E的齐次矢量Helmholtz方程的推导过程，包括从矢量波动方程出发，代入自由空间条件，得到波数k的表达式，最终给出齐次矢量Helmholtz方程的形式。
电磁场/电磁场与电磁波习题答案/Chapter.8/Problem_60.pdf,"{""id"": ""6a0727b2abfe09661dcd8d1e"", ""reused_existing"": false}",,电磁场电磁场与电磁波习题答案 Chapter.8,课程,电磁场,电磁场与电磁波习题答案 Chapter.8,Problem_60.pdf,0.04,该资料解答了理想导体边界处反射系数和传输系数的计算问题。反射系数定义为反射波与入射波振幅比，当介质2为理想导体时，其本征阻抗为零，代入公式得反射系数为-1；传输系数定义为透射波与入射波振幅比，同样代入得传输系数为0。适用于电磁波垂直入射理想导体边界的情形。
电磁场/电磁场与电磁波习题答案/Chapter.8/Problem_61.pdf,"{""id"": ""6a0727b4abfe09661dcd8d1f"", ""reused_existing"": false}",,电磁场电磁场与电磁波习题答案 Chapter.8,课程,电磁场,电磁场与电磁波习题答案 Chapter.8,Problem_61.pdf,0.1,针对三层介质平行界面，推导有效反射系数r0的表达式。基于介质1与2、2与3的反射系数T12和T23，以及介质2厚度d和相位常数β2，通过波阻抗方法得到r0 = (T12 + T23 e^{-j2β2d}) / (1 + T12 T23 e^{-j2β2d})。
电磁场/电磁场与电磁波习题答案/Chapter.8/Problem_62.pdf,"{""id"": ""6a0727b5abfe09661dcd8d20"", ""reused_existing"": false}",,电磁场电磁场与电磁波习题答案 Chapter.8,课程,电磁场,电磁场与电磁波习题答案 Chapter.8,Problem_62.pdf,0.04,本题讨论平面波从介质1垂直入射到介质2界面时，界面处电场取得最大值和最小值的条件。通过分析总电场表达式，推导出最大值出现在反射系数为正时，最小值出现在反射系数为负时。
电磁场/电磁场与电磁波习题答案/Chapter.8/Problem_63.pdf,"{""id"": ""6a0727b6abfe09661dcd8d21"", ""reused_existing"": false}",,电磁场电磁场与电磁波习题答案 Chapter.8,课程,电磁场,电磁场与电磁波习题答案 Chapter.8,Problem_63.pdf,0.19,该问题涉及均匀平面波垂直入射到由理想导体背衬的无耗介质板，求解介质板内外的电场和磁场表达式、平均功率密度，并确定使介质板前后电场相同的厚度。
电磁场/电磁场与电磁波习题答案/Chapter.8/Problem_64.pdf,"{""id"": ""6a0727b6abfe09661dcd8d22"", ""reused_existing"": false}",,电磁场电磁场与电磁波习题答案 Chapter.8,课程,电磁场,电磁场与电磁波习题答案 Chapter.8,Problem_64.pdf,0.02,驻波比定义为驻波电场强度最大值与最小值之比，其与反射系数的关系为：驻波比 = (1+|反射系数|)/(1-|反射系数|)。
电磁场/电磁场与电磁波习题答案/Chapter.8/Problem_65.pdf,"{""id"": ""6a0727b7abfe09661dcd8d23"", ""reused_existing"": false}",,电磁场电磁场与电磁波习题答案 Chapter.8,课程,电磁场,电磁场与电磁波习题答案 Chapter.8,Problem_65.pdf,0.04,该问题涉及均匀平面波垂直入射到薄铜箔的传输与反射，计算透射波和反射波的电场、磁场分量，以及平均功率密度比。要求计算厚度等于一个趋肤深度（10 MHz）时的屏蔽效能。
电磁场/电磁场与电磁波习题答案/Chapter.8/Problem_66.pdf,"{""id"": ""6a0727b8abfe09661dcd8d24"", ""reused_existing"": false}",,电磁场电磁场与电磁波习题答案 Chapter.8,课程,电磁场,电磁场与电磁波习题答案 Chapter.8,Problem_66.pdf,0.02,波阻抗是平行于边界平面上总电场强度与总磁场强度的比值。当单波在无界介质中沿+z方向传播时，波阻抗等于介质的本征阻抗。
电磁场/电磁场与电磁波习题答案/Chapter.8/Problem_67.pdf,"{""id"": ""6a0727b9abfe09661dcd8d25"", ""reused_existing"": false}",,电磁场电磁场与电磁波习题答案 Chapter.8,课程,电磁场,电磁场与电磁波习题答案 Chapter.8,Problem_67.pdf,0.09,该问题涉及均匀平面波以60°入射角射向电离层，波频率为等离子体频率的一半。通过计算有效介电常数、本征阻抗和传输角，求解垂直和平行极化下的反射系数Γ与传输系数τ，并解释这些复数量的物理意义。
电磁场/电磁场与电磁波习题答案/Chapter.8/Problem_68.pdf,"{""id"": ""6a0727b9abfe09661dcd8d26"", ""reused_existing"": false}",,电磁场电磁场与电磁波习题答案 Chapter.8,课程,电磁场,电磁场与电磁波习题答案 Chapter.8,Problem_68.pdf,0.02,该问题探讨了用于减少光学仪器眩光的薄介电涂层厚度决定因素，涉及单程光程差和入射光波长，并类比偏振太阳镜的减反射原理。
电磁场/电磁场与电磁波习题答案/Chapter.8/Problem_69.pdf,"{""id"": ""6a0727baabfe09661dcd8d27"", ""reused_existing"": false}",,电磁场电磁场与电磁波习题答案 Chapter.8,课程,电磁场,电磁场与电磁波习题答案 Chapter.8,Problem_69.pdf,0.12,该PDF文件包含一道电磁场习题，涉及10 kHz平行极化电磁波从空气以近掠射角88°入射到海水表面。海水参数为εr=81、μr=1、σ=4 S/m。题目要求计算折射角、传输系数、平均功率比以及场强衰减30 dB时的深度。解答步骤详细，包括波数、连续性条件及公式推导。
电磁场/电磁场与电磁波习题答案/Chapter.8/Problem_7.pdf,"{""id"": ""6a0727bbabfe09661dcd8d28"", ""reused_existing"": false}",,电磁场电磁场与电磁波习题答案 Chapter.8,课程,电磁场,电磁场与电磁波习题答案 Chapter.8,Problem_7.pdf,0.09,该资料推导了均匀平面波在无源简单介质中传播时，麦克斯韦方程组简化为k×E=ωμH、k×H=-ωμE、k·E=0、k·H=0的过程，涉及相量表示和波数k。
电磁场/电磁场与电磁波习题答案/Chapter.8/Problem_70.pdf,"{""id"": ""6a0727bbabfe09661dcd8d29"", ""reused_existing"": false}",,电磁场电磁场与电磁波习题答案 Chapter.8,课程,电磁场,电磁场与电磁波习题答案 Chapter.8,Problem_70.pdf,0.02,该文本片段讨论了雷达天线罩厚度的选择原则，旨在最小化电磁波反射，保护雷达设备免受恶劣天气影响。
电磁场/电磁场与电磁波习题答案/Chapter.8/Problem_71.pdf,"{""id"": ""6a0727bcabfe09661dcd8d2a"", ""reused_existing"": false}",,电磁场电磁场与电磁波习题答案 Chapter.8,课程,电磁场,电磁场与电磁波习题答案 Chapter.8,Problem_71.pdf,0.07,该资料为电磁场学科习题，涉及光从空气斜入射到透明薄板（折射率n，厚度d）的折射问题。要求根据斯涅尔定律计算入射角θi、出射点距离ℓ1以及出射光线的横向位移ℓ2。包含详细解题步骤。
电磁场/电磁场与电磁波习题答案/Chapter.8/Problem_72.pdf,"{""id"": ""6a0727bcabfe09661dcd8d2b"", ""reused_existing"": false}",,电磁场电磁场与电磁波习题答案 Chapter.8,课程,电磁场,电磁场与电磁波习题答案 Chapter.8,Problem_72.pdf,0.05,Snell反射定律指出，当均匀平面波入射到两种介质边界时，反射角等于入射角。文档通过步骤解释了入射角、反射角和折射角的概念，并附有示意图。
电磁场/电磁场与电磁波习题答案/Chapter.8/Problem_73.pdf,"{""id"": ""6a0727bdabfe09661dcd8d2c"", ""reused_existing"": false}",,电磁场电磁场与电磁波习题答案 Chapter.8,课程,电磁场,电磁场与电磁波习题答案 Chapter.8,Problem_73.pdf,0.08,该文本涉及均匀平面波垂直极化入射到介质界面时的全反射问题。通过斯涅尔定律分析临界角条件，推导了透射场的相量表达式，并验证了当入射角大于临界角时，透射到介质2的平均功率为零。
电磁场/电磁场与电磁波习题答案/Chapter.8/Problem_74.pdf,"{""id"": ""6a0727beabfe09661dcd8d2d"", ""reused_existing"": false}",,电磁场电磁场与电磁波习题答案 Chapter.8,课程,电磁场,电磁场与电磁波习题答案 Chapter.8,Problem_74.pdf,0.02,Snell定律指出，介质2中折射角的正弦与介质1中入射角的正弦之比等于折射率之反比。该资料为Problem_74.pdf，包含Snell定律的陈述与解释。
电磁场/电磁场与电磁波习题答案/Chapter.8/Problem_75.pdf,"{""id"": ""6a0727beabfe09661dcd8d2e"", ""reused_existing"": false}",,电磁场电磁场与电磁波习题答案 Chapter.8,课程,电磁场,电磁场与电磁波习题答案 Chapter.8,Problem_75.pdf,0.12,该PDF文件包含一道电磁场习题，涉及均匀平面波以临界角从折射率n1介质入射到n2介质（n2<n1）时的传输系数计算。问题要求分别求垂直极化和平行极化下折射电场振幅与入射电场振幅之比，并写出垂直极化下入射波和折射波的瞬时表达式。解答过程详细推导了传输系数公式，并给出了瞬时表达式的推导步骤。
电磁场/电磁场与电磁波习题答案/Chapter.8/Problem_76.pdf,"{""id"": ""6a0727bfabfe09661dcd8d2f"", ""reused_existing"": false}",,电磁场电磁场与电磁波习题答案 Chapter.8,课程,电磁场,电磁场与电磁波习题答案 Chapter.8,Problem_76.pdf,0.03,定义临界角为全反射阈值对应的入射角，基于斯涅尔定律推导非磁性介质界面临界角的存在条件，当光从光密介质射向光疏介质且入射角大于临界角时发生全反射。
电磁场/电磁场与电磁波习题答案/Chapter.8/Problem_77.pdf,"{""id"": ""6a0727c0abfe09661dcd8d30"", ""reused_existing"": false}",,电磁场电磁场与电磁波习题答案 Chapter.8,课程,电磁场,电磁场与电磁波习题答案 Chapter.8,Problem_77.pdf,0.08,该PDF文件包含一道电磁波从水下源垂直极化入射到水-空气界面的习题，涉及计算临界角、反射系数、传输系数及每波长进入空气的衰减(dB)。
电磁场/电磁场与电磁波习题答案/Chapter.8/Problem_78.pdf,"{""id"": ""6a0727c0abfe09661dcd8d31"", ""reused_existing"": false}",,电磁场电磁场与电磁波习题答案 Chapter.8,课程,电磁场,电磁场与电磁波习题答案 Chapter.8,Problem_78.pdf,0.02,定义Brewster角为平行极化反射系数为零的入射角，存在于两个非磁性介质界面，此时无反射仅针对平行极化，垂直极化无此现象。
电磁场/电磁场与电磁波习题答案/Chapter.8/Problem_79.pdf,"{""id"": ""6a0727c1abfe09661dcd8d32"", ""reused_existing"": false}",,电磁场电磁场与电磁波习题答案 Chapter.8,课程,电磁场,电磁场与电磁波习题答案 Chapter.8,Problem_79.pdf,0.07,计算玻璃等腰三棱镜反射的入射光功率百分比，已知相对介电常数εr=4，涉及传输系数和全内反射分析。
电磁场/电磁场与电磁波习题答案/Chapter.8/Problem_8.pdf,"{""id"": ""6a0727c1abfe09661dcd8d33"", ""reused_existing"": false}",,电磁场电磁场与电磁波习题答案 Chapter.8,课程,电磁场,电磁场与电磁波习题答案 Chapter.8,Problem_8.pdf,0.03,波数是单位距离内波的周期数，与波长成反比，关系为波数等于2π除以波长。
电磁场/电磁场与电磁波习题答案/Chapter.8/Problem_80.pdf,"{""id"": ""6a0727c2abfe09661dcd8d34"", ""reused_existing"": false}",,电磁场电磁场与电磁波习题答案 Chapter.8,课程,电磁场,电磁场与电磁波习题答案 Chapter.8,Problem_80.pdf,0.02,布儒斯特角（Brewster angle）是平行极化反射系数为零的入射角，此时只有垂直极化分量被反射，因此非偏振波入射后反射波变为线偏振光，故又称偏振角。
电磁场/电磁场与电磁波习题答案/Chapter.8/Problem_81.pdf,"{""id"": ""6a0727c2abfe09661dcd8d35"", ""reused_existing"": false}",,电磁场电磁场与电磁波习题答案 Chapter.8,课程,电磁场,电磁场与电磁波习题答案 Chapter.8,Problem_81.pdf,0.08,该资料为Problem_81.pdf，涉及光学纤维中防止波干扰的包层原理。通过斯涅尔定律推导子午光线在纤芯内全内反射的最大入射角θa（接受角），并计算数值孔径N.A.。给定n1=2、n2=1.74、n0=1时，求得θa和N.A.值。
电磁场/电磁场与电磁波习题答案/Chapter.8/Problem_82.pdf,"{""id"": ""6a0727c3abfe09661dcd8d36"", ""reused_existing"": false}",,电磁场电磁场与电磁波习题答案 Chapter.8,课程,电磁场,电磁场与电磁波习题答案 Chapter.8,Problem_82.pdf,0.06,该PDF文件讨论了垂直极化与平行极化下反射系数和传输系数相等的条件。通过推导，当特定条件满足时，两种极化的反射系数和传输系数分别相等。
电磁场/电磁场与电磁波习题答案/Chapter.8/Problem_83.pdf,"{""id"": ""6a0727c4abfe09661dcd8d37"", ""reused_existing"": false}",,电磁场电磁场与电磁波习题答案 Chapter.8,课程,电磁场,电磁场与电磁波习题答案 Chapter.8,Problem_83.pdf,0.14,该文本推导了电磁波在两种非磁性介质界面上斜入射时的Fresnel公式，包括垂直极化和平行极化两种情况下的反射系数和透射系数，并应用了Snell定律和边界条件。
电磁场/电磁场与电磁波习题答案/Chapter.8/Problem_84.pdf,"{""id"": ""6a0727c4abfe09661dcd8d38"", ""reused_existing"": false}",,电磁场电磁场与电磁波习题答案 Chapter.8,课程,电磁场,电磁场与电磁波习题答案 Chapter.8,Problem_84.pdf,0.07,证明在无反射条件下，布儒斯特角与折射角之和为π/2。分别针对垂直极化（μ1≠μ2）和平行极化（ε1≠ε2）两种情况，通过公式推导和三角变换完成证明。
电磁场/电磁场与电磁波习题答案/Chapter.8/Problem_85.pdf,"{""id"": ""6a0727c5abfe09661dcd8d39"", ""reused_existing"": false}",,电磁场电磁场与电磁波习题答案 Chapter.8,课程,电磁场,电磁场与电磁波习题答案 Chapter.8,Problem_85.pdf,0.09,该PDF文件为电磁场课程习题，涉及平行极化波入射到非磁性介质平面边界时，临界角与布儒斯特角的关系推导及绘图。
电磁场/电磁场与电磁波习题答案/Chapter.8/Problem_86.pdf,"{""id"": ""6a0727c5abfe09661dcd8d3a"", ""reused_existing"": false}",,电磁场电磁场与电磁波习题答案 Chapter.8,课程,电磁场,电磁场与电磁波习题答案 Chapter.8,Problem_86.pdf,0.2,该问题要求利用斯涅尔折射定律，将反射系数T和透射系数χ表示为相对介电常数εr1、εr2和入射角φi的函数，并针对εr1/εr2=2.25的情况，绘制垂直极化和平行极化下T和χ随φc变化的曲线。文本推导了菲涅尔公式，给出了垂直和平行极化下的反射与透射系数表达式。
电磁场/电磁场与电磁波习题答案/Chapter.8/Problem_87.pdf,"{""id"": ""6a0727c6abfe09661dcd8d3b"", ""reused_existing"": false}",,电磁场电磁场与电磁波习题答案 Chapter.8,课程,电磁场,电磁场与电磁波习题答案 Chapter.8,Problem_87.pdf,0.15,该PDF文件包含一道电磁场习题，涉及垂直极化均匀平面波从空气斜入射到有耗介质平面的问题。要求推导透射电场和磁场强度相量的表达式，并证明折射角为复数且透射磁场为椭圆极化。文件提供了逐步推导过程，包括入射场、波数、传输系数等参数。适用于电磁场课程中平面波斜入射与有耗介质传播的学习。
电磁场/电磁场与电磁波习题答案/Chapter.8/Problem_88.pdf,"{""id"": ""6a0727c7abfe09661dcd8d3c"", ""reused_existing"": false}",,电磁场电磁场与电磁波习题答案 Chapter.8,课程,电磁场,电磁场与电磁波习题答案 Chapter.8,Problem_88.pdf,0.1,该PDF文件包含电磁场中平行极化波的反射与传输系数推导，涉及斯涅尔定律、介质界面、切向场分量等概念，通过数学推导比较了不同定义下的系数关系。
电磁场/电磁场与电磁波习题答案/Chapter.8/Problem_9.pdf,"{""id"": ""6a0727c7abfe09661dcd8d3d"", ""reused_existing"": false}",,电磁场电磁场与电磁波习题答案 Chapter.8,课程,电磁场,电磁场与电磁波习题答案 Chapter.8,Problem_9.pdf,0.1,该PDF文件为电磁场课程习题解答，涉及均匀平面波在空气中沿+y方向传播时磁场强度的瞬时表达式，计算波数k0及t=3ms时Hz为零的位置，并推导电场强度E的瞬时表达式。
电磁场/电磁场习题参考答案_电气22刘文桢_v8.0.0.240621_beta.pdf,"{""id"": ""6a072745abfe09661dcd8c8a"", ""reused_existing"": false}",,电磁场复习资料,课程,电磁场,复习资料,电磁场习题参考答案_电气22刘文桢_v8.0.0.240621_beta.pdf,1.21,《电磁场》课后习题参考答案v8.0.0.240621_beta，包含第三章静电场习题3.1至3.6的详细解答。利用高斯定理和拉普拉斯方程求解电场强度与电位分布，涉及球对称、柱对称及多层介质问题，适用于电气专业学生复习。
电磁场/电磁场实验指导书2019（陈修订）.pdf,"{""id"": ""6a0729f7abfe09661dcd8e35"", ""reused_existing"": false}",,电磁场实验资料,课程,电磁场,实验资料,电磁场实验指导书2019（陈修订）.pdf,1.06,华中科技大学电气与电子工程学院工程电磁场课程组编写的实验指导书，包含学生实验守则、四个实验（部分电容测量、电流场测量、螺管线圈磁场研究、罗氏线圈特性测量）及附录。旨在加强电磁场理论感性认识，提高操作技能。
电磁场/电磁场扫描 (1).pdf,"{""id"": ""6a072746abfe09661dcd8c8b"", ""reused_existing"": false}",,电磁场复习资料,课程,电磁场,复习资料,电磁场扫描 (1).pdf,2.28,电磁场学科扫描版PDF资料，可能包含课程讲义或习题集，适用于电磁场理论学习与复习。
电磁场/电磁场教学日历2026.doc,"{""id"": ""6a0729f7abfe09661dcd8e36"", ""reused_existing"": false}",,电磁场实验资料,课程,电磁场,实验资料,电磁场教学日历2026.doc,0.05,电磁场课程2026年教学日历，包含课程安排、实验、考试等教学环节的时间规划。
电磁场/第1章 数学基础-01.pptx,"{""id"": ""6a072870abfe09661dcd8d50"", ""reused_existing"": false}",,电磁场课件,课程,电磁场,课件,第1章 数学基础-01.pptx,0.2,电磁场课程第1章数学基础第一部分，介绍矢量分析与场论基本概念。
电磁场/第1章 数学基础-02.pptx,"{""id"": ""6a072877abfe09661dcd8d51"", ""reused_existing"": false}",,电磁场课件,课程,电磁场,课件,第1章 数学基础-02.pptx,5.72,电磁场课程第1章数学基础第二部分，介绍矢量分析与坐标系等数学工具。
电磁场/第七次电磁场作业分析.docx,"{""id"": ""6a072747abfe09661dcd8c8c"", ""reused_existing"": false}",,电磁场复习资料,课程,电磁场,复习资料,第七次电磁场作业分析.docx,0.46,第七次电磁场作业分析涵盖同心圆柱电容器漏电流、同心电缆漏电流、漏电流相关问题及浅埋半球形接地器模型。重点包括通过I-J-E-U关系求解参数、功率损耗的两种积分方法、泊松方程与边界条件应用、跨步电压与接地电阻计算。常见错误涉及积分变量误用、公式化简及边界条件混淆。
电磁场/第四章电流场边值问题.pptx,"{""id"": ""6a072884abfe09661dcd8d52"", ""reused_existing"": false}",,电磁场课件,课程,电磁场,课件,第四章电流场边值问题.pptx,1.53,第四章电流场边值问题的PPT课件
电磁场/绪论.pptx,"{""id"": ""6a072885abfe09661dcd8d53"", ""reused_existing"": false}",,电磁场课件,课程,电磁场,课件,绪论.pptx,2.37,电磁场课程的绪论部分，介绍基本概念与课程框架。
电磁场/静电场中的介质受力分析（电工技术学报，完整版）.pdf,"{""id"": ""6a07288aabfe09661dcd8d58"", ""reused_existing"": false}",,电磁场课程资料,课程,电磁场,课程资料,静电场中的介质受力分析（电工技术学报，完整版）.pdf,0.93,本文从洛伦兹力公式出发，分析了静电场中介质受力的不同麦克斯韦应力张量形式，包括洛伦兹、爱因斯坦-劳布和闵可夫斯基形式，证明了它们的一致性，并讨论了各自的物理意义。结论指出，不同应力张量将静电力归因于不同因素，且法向分量无明确物理解释。适用于电磁场课程中电场力与介质相互作用的学习。
电磁场/静电场习题课1 (1).pptx,"{""id"": ""6a07274babfe09661dcd8c8d"", ""reused_existing"": false}",,电磁场复习资料,课程,电磁场,复习资料,静电场习题课1 (1).pptx,0.3,静电场习题课PPT，包含习题讲解与知识点梳理。
电磁场/静电场习题课1.pptx,"{""id"": ""6a07274fabfe09661dcd8c8e"", ""reused_existing"": false}",,电磁场复习资料,课程,电磁场,复习资料,静电场习题课1.pptx,0.3,静电场习题课PPT，包含习题讲解与知识点复习。
电磁场/静电场测试试卷.docx,"{""id"": ""6a07275babfe09661dcd8c94"", ""reused_existing"": false}",,电磁场往年题,课程,电磁场,往年题,静电场测试试卷.docx,0.16,华中科技大学电气学院《静电场》测验试卷，涵盖静电场特征方程、标量电位边值问题、平行板电容器、双输电线电位、电荷体密度、矢量场散度旋度、介质分界面条件、同轴圆柱电容、静电伏特计、平行导线电容、倾斜极板电容器、圆柱导体对地电容等知识点。
电路实验/lesson_1/第一次实验 20251107-2.pdf,"{""id"": ""6a07288cabfe09661dcd8d5a"", ""reused_existing"": false}",,电路实验lesson_1,课程,电路实验,lesson_1,第一次实验 20251107-2.pdf,2.46,电路测试实验课程介绍，涵盖基本测试原理、误差分析、仪器使用、测量方法、安全操作及仿真技术。成绩由平时、综合实验和期末考试构成，实验室开放供预习不足学生补充实验。引入虚拟仪器技术。
电路实验/lesson_1/第一次课20251107.pdf,"{""id"": ""6a07288cabfe09661dcd8d5b"", ""reused_existing"": false}",,电路实验lesson_1,课程,电路实验,lesson_1,第一次课20251107.pdf,3.74,电路实验课程第一次课，介绍电路测试技术基础直流单元，强调实验规则包括安全操作、接线原则、仪表使用及实验台整理。
电路实验/lesson_2/2 实验三 故障检查.pdf,"{""id"": ""6a0729f9abfe09661dcd8e38"", ""reused_existing"": false}",,电路实验lesson_2,课程,电路实验,lesson_2,2 实验三 故障检查.pdf,0.16,实验三故障检查，学习用电压表和电流表查找电路故障，包括电阻短路/开路、二极管开路/短路/反接等故障类型，记录检测步骤与数据，画出实际故障线路图。
电路实验/lesson_2/2 实验二 线性有源一端口网络等效参数的测定.pdf,"{""id"": ""6a072a15abfe09661dcd8e42"", ""reused_existing"": false}",,电路实验lesson_2,课程,电路实验,lesson_2,2 实验二 线性有源一端口网络等效参数的测定.pdf,0.13,本实验学习线性有源一端口网络等效电路参数的测量方法，要求设计开路电压约8V、等效电阻约100-120Ω的网络，测量端口伏安特性并计算等效参数，最后验证原网络与等效网络的等效性。
电路实验/lesson_2/review.docx,"{""id"": ""6a072a16abfe09661dcd8e43"", ""reused_existing"": false}",,电路实验lesson_2,课程,电路实验,lesson_2,review.docx,0.02,该文档包含两个实验：实验二为线性有源一端口网络等效参数测定，涉及设计电路、测量伏安特性、计算Uoc和Req并验证等效；实验三为故障检查，通过带电测量电压电流定位电阻或二极管的开路、短路等故障。
电路实验/lesson_2/第二次课20251114.pdf,"{""id"": ""6a072a17abfe09661dcd8e44"", ""reused_existing"": false}",,电路实验lesson_2,课程,电路实验,lesson_2,第二次课20251114.pdf,2.28,本次课程为电路测试技术直流单元第二次课，内容涵盖虚拟仪器综合实验动员、实验平台简介、实验二故障检查及实验三线性有源一端口网络等效参数测定。强调平时成绩含仿真实验报告，综合实验需组队使用myDAQ并汇报。
电路实验/lesson_3/3 实验四 交流参数与互感的测量.pdf,"{""id"": ""6a07288fabfe09661dcd8d5e"", ""reused_existing"": false}",,电路实验lesson_3,课程,电路实验,lesson_3,3 实验四 交流参数与互感的测量.pdf,0.22,实验四介绍用三表法（交流电流表、电压表、功率表）测量无源网络交流等效参数，以及测量耦合线圈同名端和互感系数的方法。内容包括实验目的、预习要求、任务与方法（如等效电感法和互感电动势法）、注意事项及报告要求。
电路实验/lesson_3/review.docx,"{""id"": ""6a072890abfe09661dcd8d5f"", ""reused_existing"": false}",,电路实验lesson_3,课程,电路实验,lesson_3,review.docx,0.02,实验四要求完成三件事：用等效电感法判断互感元件同名端并填表1；测互感系数M，包括等效电感法（填表2）和互感电动势法（自设计线路）；用三表法测交流参数并判断阻抗性质（感性/容性），对比并C前后电流变化填表3。需注意安全规则：调压器归零、电压≤20V、电流≤250mA。
电路实验/lesson_3/第三次课20251121.pdf,"{""id"": ""6a072890abfe09661dcd8d60"", ""reused_existing"": false}",,电路实验lesson_3,课程,电路实验,lesson_3,第三次课20251121.pdf,1.69,本次课程为电路测试技术交流单元，内容包括MyDAQ综合实验说明、交流实验仪表设备及操作注意事项，并涉及实验四（交流参数与互感的测量）及预习实验五、六。同时说明器件领取地点及分组选题规则。
电路实验/lesson_4/4 实验五 日光灯电路与功率因数的提高.pdf,"{""id"": ""6a072892abfe09661dcd8d62"", ""reused_existing"": false}",,电路实验lesson_4,课程,电路实验,lesson_4,4 实验五 日光灯电路与功率因数的提高.pdf,0.2,本实验旨在加深对提高功率因数意义的理解，掌握提高功率因数的方法，并了解日光灯电路的工作原理。通过测量不同电容值下的电压、电流、功率等数据，绘制cosφ=f(C)和I=f(C)曲线，并计算使负载端cosφ=1所需并联电容值。
电路实验/lesson_4/4 实验六 三相电路中的电压、电流关系1.pdf,"{""id"": ""6a072892abfe09661dcd8d63"", ""reused_existing"": false}",,电路实验lesson_4,课程,电路实验,lesson_4,4 实验六 三相电路中的电压、电流关系1.pdf,0.16,实验六研究三相电路星形连接下对称与不对称负载的电压电流关系，包括相序测定、负载对称/不对称工况测量，以及有/无中线的影响。实验要求预习相序测量方法，计算理论值，并完成数据整理与相量图绘制。
电路实验/lesson_4/review.docx,"{""id"": ""6a072893abfe09661dcd8d64"", ""reused_existing"": false}",,电路实验lesson_4,课程,电路实验,lesson_4,review.docx,0.02,实验五：日光灯电路与功率因数的提高。通过并联电容改变功率因数，测量不同电容下的电压、电流、功率，计算cosφ，绘制曲线，并计算全补偿所需电容。注意安全操作，电容需并联在负载两端。
电路实验/lesson_4/第四次课20251128.pdf,"{""id"": ""6a072895abfe09661dcd8d65"", ""reused_existing"": false}",,电路实验lesson_4,课程,电路实验,lesson_4,第四次课20251128.pdf,1.75,本次课程涵盖实验五（功率因数提高）、实验六（三相电路电压电流关系）及预习实验七（相位及元件特性示波测量法）和实验八（一阶电路响应）。重点包括日光灯电路功率因数校正方法、电容并联补偿、安全操作注意事项及仿真分析。
电路实验/lesson_5/6 实验7 元件特性的示波器测量法.pdf,"{""id"": ""6a072897abfe09661dcd8d67"", ""reused_existing"": false}",,电路实验lesson_5,课程,电路实验,lesson_5,6 实验7 元件特性的示波器测量法.pdf,0.13,实验指导书，介绍用示波器测量电压、电流、相位差及元件特性的方法。包括RC移相电路相位差测量（直接法、椭圆截距法、示波器直接读取）和线性/非线性电阻伏安特性曲线测量。
电路实验/lesson_5/6 实验九 一阶电路的响应.pdf,"{""id"": ""6a072897abfe09661dcd8d68"", ""reused_existing"": false}",,电路实验lesson_5,课程,电路实验,lesson_5,6 实验九 一阶电路的响应.pdf,0.14,本实验学习用示波器观察一阶电路过渡过程，测量时间常数，并观察RC电路在方波激励下的响应规律。通过选择不同电阻值，观察不同时间常数下的电压电流波形，并测量时间常数与理论值对比。
电路实验/lesson_5/review.docx,"{""id"": ""6a072898abfe09661dcd8d69"", ""reused_existing"": false}",,电路实验lesson_5,课程,电路实验,lesson_5,review.docx,0.02,本文档为电路实验复习资料，涵盖信号源与示波器用法、RC移相测量相位差与幅值（三种方法：Y-T直接观察、椭圆截距法、Measure直接测量），以及线性/非线性电阻伏安特性测量（采样电阻法）。
电路实验/lesson_5/第五次课20251205.pdf,"{""id"": ""6a07289aabfe09661dcd8d6a"", ""reused_existing"": false}",,电路实验lesson_5,课程,电路实验,lesson_5,第五次课20251205.pdf,1.91,本次课程介绍信号源与示波器的基本设置，包括通道选择、波形、频率、幅值、偏置、相位等，以及示波器的输入耦合、探头、工作方式、垂直/水平控制、触发、测量方式等。实验七讲解相位及元件特性的示波器测量法（直接法和椭圆截距法），实验八涉及一阶电路的响应。下次课为myDAQ综合实验汇报。
电路实验/lesson_6/7 实验十 二阶电路的响应.pdf,"{""id"": ""6a07289cabfe09661dcd8d6c"", ""reused_existing"": false}",,电路实验lesson_6,课程,电路实验,lesson_6,7 实验十 二阶电路的响应.pdf,0.13,"本实验研究RLC串联二阶电路在正方波激励下的响应，通过改变电阻R使电路处于过阻尼或欠阻尼状态，观察并记录u_s、u_C、i_L波形，计算振荡角频率和阻尼系数，绘制状态轨迹。实验需预习理论知识并确定参数（L=100mH, C=0.1μF, 方波10Vpp, 200Hz）。"
电路实验/lesson_6/7 实验十一 串联谐振电路.pdf,"{""id"": ""6a07289cabfe09661dcd8d6d"", ""reused_existing"": false}",,电路实验lesson_6,课程,电路实验,lesson_6,7 实验十一 串联谐振电路.pdf,0.13,本实验旨在观察RLC串联谐振现象，理解谐振条件与特点，学习测定频率特性曲线。实验要求预习谐振条件、计算谐振频率并绘制幅频特性，任务包括找出谐振点、测量电流波形及幅频相频数据。注意事项强调保持电源电压恒定，电感内阻计入总电阻。报告需绘制电路图、对比理论曲线并完成思考题。
电路实验/lesson_6/review.docx,"{""id"": ""6a07289cabfe09661dcd8d6e"", ""reused_existing"": false}",,电路实验lesson_6,课程,电路实验,lesson_6,review.docx,0.02,电路实验考试重点包括接线、仪器设置、波形记录、参数测量、误差分析等操作题。实验十为RLC串联二阶电路的响应，研究元件参数与响应形态的关系，需观察过阻尼和欠阻尼状态，记录波形并计算振荡角频率和阻尼系数。实验十一为串联谐振电路，通过正弦扫频找到谐振点，测量幅频和相频特性，注意电感内阻的影响。
电路实验/lesson_6/第七次课20251219.pdf,"{""id"": ""6a07289eabfe09661dcd8d6f"", ""reused_existing"": false}",,电路实验lesson_6,课程,电路实验,lesson_6,第七次课20251219.pdf,0.97,本次课程涵盖考试说明、实验九（二阶电路的响应）和实验十（串联谐振电路）。考试为闭卷，含笔答题30分和操作题70分，重点包括误差分析、直流、交流及动态单元。实验九涉及过阻尼和欠阻尼状态，参数包括uspp=10V、f=200Hz、L=0.1H、C=0.1μF等。
电路实验/simulation1/仿真1：实验二 线性有源一端口网络等效参数测量的仿真要求.pdf,"{""id"": ""6a0728a0abfe09661dcd8d71"", ""reused_existing"": false}",,电路实验simulation1,课程,电路实验,simulation1,仿真1：实验二 线性有源一端口网络等效参数测量的仿真要求.pdf,0.36,本文件为华中科技大学《电路测试技术基础》课程实验二的仿真要求，涉及线性有源一端口网络等效参数（开路电压、短路电流、等效电阻）的测量。任务包括设计含1-2个独立电压源和3-4个电阻的混联电路，确保元件安全；通过Multisim仿真获得端口伏安关系，并构建戴维南等效电路。预习要求涵盖电路创建、直流扫描分析、参数扫描求最大功率及等效参数测量方法。
电路实验/simulation1/仿真实验报告——实验一.docx,"{""id"": ""6a0728a0abfe09661dcd8d72"", ""reused_existing"": false}",,电路实验simulation1,课程,电路实验,simulation1,仿真实验报告——实验一.docx,0.23,该仿真实验报告涉及线性有源一端口网络的等效参数测量，使用Multisim软件进行电路设计与仿真，通过直流扫描分析获得端口伏安关系，并计算开路电压Uoc=7.46562V、等效电阻Req=118.058Ω，同时验证了元件功率安全及最大功率传输条件。
电路实验/simulation1/仿真实验报告——实验一ver1.docx,"{""id"": ""6a0728a1abfe09661dcd8d73"", ""reused_existing"": false}",,电路实验simulation1,课程,电路实验,simulation1,仿真实验报告——实验一ver1.docx,0.23,本实验设计线性有源一端口网络，使用Multisim仿真测量开路电压Uoc=7.46562V和等效电阻Req=118.058Ω，并通过功率计算确保所有元件安全工作。实验包括电路设计、直流扫描分析外特性、参数扫描分析最大功率传输，以及Matlab辅助验证。最终完成仿真实验报告。
电路实验/simulation1/仿真实验报告——实验一ver1.pdf,"{""id"": ""6a0728a2abfe09661dcd8d74"", ""reused_existing"": false}",,电路实验simulation1,课程,电路实验,simulation1,仿真实验报告——实验一ver1.pdf,0.38,该实验报告使用Multisim软件设计并仿真线性有源一端口网络，测量其开路电压Uoc、短路电流Isc和等效电阻Req，并通过直流扫描分析端口伏安关系。电路包含两个独立电压源和多个电阻，确保各元件功率不超过额定值。还分析了负载获得最大功率的条件，利用Matlab计算验证了戴维南等效参数。
电路实验/simulation3/7 实验十 二阶电路的响应.pdf,"{""id"": ""6a07289cabfe09661dcd8d6c"", ""reused_existing"": true}",,电路实验simulation3,课程,电路实验,simulation3,7 实验十 二阶电路的响应.pdf,0.13,"本实验指导书针对RLC串联二阶电路在正方波激励下的响应，涵盖过阻尼与欠阻尼状态的波形观察、状态轨迹绘制及振荡角频率与阻尼系数的测量。实验要求掌握暂态过程理论，确定电路参数（L=100mH, C=0.1μF），并记录电阻值。"
电路实验/simulation3/仿真3：实验十 二阶电路的响应仿真要求.pdf,"{""id"": ""6a0728a3abfe09661dcd8d76"", ""reused_existing"": false}",,电路实验simulation3,课程,电路实验,simulation3,仿真3：实验十 二阶电路的响应仿真要求.pdf,0.28,华中科技大学电路测试技术基础课程实验十：二阶电路响应仿真要求。使用Multisim软件对RLC串联二阶电路进行仿真，改变电阻R使电容电压处于欠阻尼、临界阻尼和过阻尼状态，观察波形并测量振荡频率和阻尼系数。
电路实验/simulation3/仿真实验报告格式要求.docx,"{""id"": ""6a0728a4abfe09661dcd8d77"", ""reused_existing"": false}",,电路实验simulation3,课程,电路实验,simulation3,仿真实验报告格式要求.docx,1.46,本文档为二阶电路响应仿真实验报告格式要求，包含实验目的、任务、电路设计与仿真结果。实验通过Multisim搭建RLC串联电路，在正方波激励下观察电容电压的暂态响应，调节电阻使电路处于欠阻尼、临界阻尼和过阻尼状态，并测量振荡频率与阻尼系数。
电路实验/电路测试技术实验报告-电气.pdf,"{""id"": ""6a0728a5abfe09661dcd8d79"", ""reused_existing"": false}",,电路测试技术实验报告-电气,课程,电路实验,实验资料,电路测试技术实验报告-电气.pdf,0.18,华中科技大学电气与电子工程学院电路测试课程组的实验报告说明，涵盖实验目的、原理、任务、数据记录、结果分析及报告要求，强调预习、原始记录和工程化绘图。
电路实验/综合试验/7（实验要求）利用NI-myDAQ进行电机调速实验.docx,"{""id"": ""6a0728a7abfe09661dcd8d7b"", ""reused_existing"": false}",,电路实验综合试验,课程,电路实验,综合试验,7（实验要求）利用NI-myDAQ进行电机调速实验.docx,0.37,利用NI-myDAQ进行电机调速实验，通过LabVIEW编程输出PWM波，经ULN2003驱动直流电机，实现占空比可调的转速控制。
电路实验/综合试验/7（实验要求）利用NI-myDAQ进行电机调速实验.pdf,"{""id"": ""6a0728a8abfe09661dcd8d7c"", ""reused_existing"": false}",,电路实验综合试验,课程,电路实验,综合试验,7（实验要求）利用NI-myDAQ进行电机调速实验.pdf,0.47,华中科技大学电路测试技术课程实验要求，利用NI-myDAQ进行电机调速实验。实验目的包括掌握虚拟仪器编程、直流电机PWM调速原理、脉宽调制方法，以及使用myDAQ和LabVIEW输出可调占空比的PWM波。实验原理涉及直流电机转速公式和PWM技术，使用ULN2003驱动电机。任务包括搭建硬件电路、编写LabVIEW程序实现可调占空比PWM输出，并观察电机转速变化。
电路实验/综合试验/第7组综合实验报告.docx,"{""id"": ""6a0728a8abfe09661dcd8d7d"", ""reused_existing"": false}",,电路实验综合试验,课程,电路实验,综合试验,第7组综合实验报告.docx,1.77,基于NI MyDAQ和LabVIEW的直流电机PWM调速综合实验报告，涵盖虚拟仪器编程、脉宽调制原理、ULN2003驱动电路搭建及占空比可调PWM波生成，实现电机转速控制。
电路理论/18动态电路的状态方程.pdf,"{""id"": ""6a0728c9abfe09661dcd8d9a"", ""reused_existing"": false}",,电路理论课程资料,课程,电路理论,课程资料,18动态电路的状态方程.pdf,2.21,第18章动态电路的状态方程，包括状态变量分析的基本概念、状态方程的建立、复频域解法和状态空间与状态轨迹。
电路理论/2019-2020电路试卷及答案.pdf,"{""id"": ""69d4e0020ade361580f16aee"", ""reused_existing"": true}",,电路理论往年题,课程,电路理论,往年题,2019-2020电路试卷及答案.pdf,1.4,2019-2020学年电路理论课程试卷及答案，共4页。
电路理论/2023-2024春电路理论试卷及答案（回忆版）.pdf,"{""id"": ""6a0728bcabfe09661dcd8d8c"", ""reused_existing"": false}",,电路理论往年题,课程,电路理论,往年题,2023-2024春电路理论试卷及答案（回忆版）.pdf,1.3,2023-2024学年春季学期电路理论期末考试试卷及参考答案（回忆版），包含十道大题，涵盖电路分析、戴维南定理、最大功率传输、正弦稳态、三相电路等知识点。
电路理论/2024-2025年电气学院电路理论(下)期末考试.pdf,"{""id"": ""6a0728bcabfe09661dcd8d8d"", ""reused_existing"": false}",,电路理论往年题,课程,电路理论,往年题,2024-2025年电气学院电路理论(下)期末考试.pdf,0.67,2024-2025年电气学院电路理论(下)期末考试回忆版，包含非对称三相电路、耦合电感、传递函数与滤波器、串并联谐振、复频域分析等知识点，缺少第6-8题及第18-19章内容，无答案，仅供交流参考。
电路理论/2024-2025春电路理论.pdf,"{""id"": ""6a0728bdabfe09661dcd8d8e"", ""reused_existing"": false}",,电路理论往年题,课程,电路理论,往年题,2024-2025春电路理论.pdf,0.82,2024-2025春电路理论试卷回忆版，包含节点电压法、最大功率传输等题目。
电路理论/ch16二端口网络.pdf,"{""id"": ""6a0728c9abfe09661dcd8d9b"", ""reused_existing"": false}",,电路理论课程资料,课程,电路理论,课程资料,ch16二端口网络.pdf,0.85,第16章二端口网络，包括定义、参数、等效电路、相互连接及有载二端口网络。
电路理论/ch17动态电路的复频域分析.pdf,"{""id"": ""6a0728caabfe09661dcd8d9c"", ""reused_existing"": false}",,电路理论课程资料,课程,电路理论,课程资料,ch17动态电路的复频域分析.pdf,0.76,第17章动态电路的复频域分析，包括拉普拉斯变换及逆变换、动态电路的复频域分析法、网络函数。
电路理论/ch19网络的矩阵方程（简化）.pdf,"{""id"": ""6a0728cdabfe09661dcd8d9d"", ""reused_existing"": false}",,电路理论课程资料,课程,电路理论,课程资料,ch19网络的矩阵方程（简化）.pdf,0.77,第19章网络的矩阵方程，包括图论基本概念、网络结构矩阵描述、典型支路方程矩阵形式、节点分析、回路分析和基本割集分析方程的矩阵形式。
电路理论/ch20均匀传输线的正弦稳态分析（简化）.pdf,"{""id"": ""6a0728cdabfe09661dcd8d9e"", ""reused_existing"": false}",,电路理论课程资料,课程,电路理论,课程资料,ch20均匀传输线的正弦稳态分析（简化）.pdf,2.13,第20章均匀传输线的正弦稳态分析，包括分布参数电路概念、传输线方程的正弦稳态解、行波、原参数和副参数、电压电流有效值、无损耗传输线及等效电路。
电路理论/chap 01.pdf,"{""id"": ""6a0728ceabfe09661dcd8d9f"", ""reused_existing"": false}",,电路理论课程资料,课程,电路理论,课程资料,chap 01.pdf,1.05,第一章电路模型与基本定律，介绍电路模型、基本变量、电路元件和基尔霍夫定律。
电路理论/chap 02.pdf,"{""id"": ""6a0728cfabfe09661dcd8da0"", ""reused_existing"": false}",,电路理论课程资料,课程,电路理论,课程资料,chap 02.pdf,0.92,第二章电阻电路等效变换，包括等效概念、串并联、星三角变换、电源变换及含受控源电路化简。
电路理论/chap 03.pdf,"{""id"": ""6a0728cfabfe09661dcd8da1"", ""reused_existing"": false}",,电路理论课程资料,课程,电路理论,课程资料,chap 03.pdf,0.81,第三章电路分析方程，涵盖节点分析、网孔分析和支路电流分析法，含例题和方程列写方法。
电路理论/chap 04.pdf,"{""id"": ""6a0728d0abfe09661dcd8da2"", ""reused_existing"": false}",,电路理论课程资料,课程,电路理论,课程资料,chap 04.pdf,0.99,第四章电路定理，涵盖线性特性、叠加定理、替代定理、戴维宁/诺顿定理、最大功率传输定理、特勒根和互易定理，目标为熟练应用这些定理分析电路。
电路理论/chap 07.pdf,"{""id"": ""6a0728d1abfe09661dcd8da3"", ""reused_existing"": false}",,电路理论课程资料,课程,电路理论,课程资料,chap 07.pdf,0.79,第七章电容、电感及动态电路，涵盖广义函数、动态元件特性、初始状态分析等。
电路理论/chap 08.pdf,"{""id"": ""6a0728d1abfe09661dcd8da4"", ""reused_existing"": false}",,电路理论课程资料,课程,电路理论,课程资料,chap 08.pdf,0.95,第八章一阶电路的暂态分析，涵盖零输入响应、零状态响应、全响应和三要素法，以及RC电路的方波响应和正弦电源激励下的响应。
电路理论/chap 09.pdf,"{""id"": ""6a0728d2abfe09661dcd8da5"", ""reused_existing"": false}",,电路理论课程资料,课程,电路理论,课程资料,chap 09.pdf,0.55,第九章二阶电路的暂态分析，包括零输入响应、全响应及一般二阶电路的计算方法。
电路理论/chap 10.pdf,"{""id"": ""6a0728d3abfe09661dcd8da6"", ""reused_existing"": false}",,电路理论课程资料,课程,电路理论,课程资料,chap 10.pdf,1.13,第十章正弦稳态分析，涵盖正弦电量、相量法、阻抗和导纳、正弦稳态电路分析及相量图应用。
电路理论/chap 11.pdf,"{""id"": ""6a0728d3abfe09661dcd8da7"", ""reused_existing"": false}",,电路理论课程资料,课程,电路理论,课程资料,chap 11.pdf,0.81,第十一章正弦稳态电路的功率，涵盖瞬时功率、有功功率、无功功率、视在功率、复功率、功率因数校正及最大功率传输。
电路理论/content_1719657085551.pdf,"{""id"": ""69d4e0070ade361580f16af2"", ""reused_existing"": true}",,电路理论往年题,课程,电路理论,往年题,content_1719657085551.pdf,0.41,《电路理论》样卷，共10道电路分析题，适用于信息大类本科生64学时课程闭卷考试。
电路理论/content_1719840151826.pdf,"{""id"": ""69d4e0050ade361580f16aef"", ""reused_existing"": true}",,电路理论课程资料,课程,电路理论,课程资料,content_1719840151826.pdf,3.2,2018-2019学年电路理论课程资料
电路理论/朋辈辅导-电路理论(1).pdf,"{""id"": ""6a0728d4abfe09661dcd8da8"", ""reused_existing"": false}",,电路理论课程资料,课程,电路理论,课程资料,朋辈辅导-电路理论(1).pdf,4.09,电路理论朋辈辅导资料，涵盖特勒根定理与互易定理、三相正弦稳态电路、零输入/零状态/全响应及经典例题分析。
电路理论/期末复习-电路理论.pdf,"{""id"": ""6a0728c0abfe09661dcd8d8f"", ""reused_existing"": false}",,电路理论往年题,课程,电路理论,往年题,期末复习-电路理论.pdf,22.89,电路理论期末复习资料，涵盖电路模型、基本定律、等效变换、电路定理、正弦稳态分析等章节。
电路理论/电分上串讲-毛晨燊2.pptx,"{""id"": ""6a0728acabfe09661dcd8d7f"", ""reused_existing"": false}",,电路理论复习资料,课程,电路理论,复习资料,电分上串讲-毛晨燊2.pptx,13.04,电路分析上册串讲课件，由毛晨燊制作。
电路理论/电分上串讲_方凯嵩.pptx,"{""id"": ""6a0728afabfe09661dcd8d80"", ""reused_existing"": false}",,电路理论复习资料,课程,电路理论,复习资料,电分上串讲_方凯嵩.pptx,14.26,电路分析上册串讲课件，作者方凯嵩。
电路理论/电分下串讲_毛晨燊.pptx,"{""id"": ""6a0728b2abfe09661dcd8d81"", ""reused_existing"": false}",,电路理论复习资料,课程,电路理论,复习资料,电分下串讲_毛晨燊.pptx,11.66,电路分析下册串讲PPT，作者毛晨燊。
电路理论/电气2022级电路模拟考试参考答案.pdf,"{""id"": ""6a0728c1abfe09661dcd8d90"", ""reused_existing"": false}",,电路理论往年题,课程,电路理论,往年题,电气2022级电路模拟考试参考答案.pdf,1.2,电气2022级电路模拟考试参考答案，包含KCL等电路分析内容。
电路理论/电路(上)真题_2011春_40学时_答案 (1).pdf,"{""id"": ""6a0728c1abfe09661dcd8d91"", ""reused_existing"": false}",,电路理论往年题,课程,电路理论,往年题,电路(上)真题_2011春_40学时_答案 (1).pdf,0.25,2011年春《电路理论(上)》40学时真题及答案，包含结点方程、网孔方程、运算放大器、冲激响应等电路分析题目。
电路理论/电路(上)真题_2011春_40学时_试题 (1).pdf,"{""id"": ""6a0728c2abfe09661dcd8d92"", ""reused_existing"": false}",,电路理论往年题,课程,电路理论,往年题,电路(上)真题_2011春_40学时_试题 (1).pdf,0.17,2010-2011学年第二学期电路理论（上）试题，40学时闭卷考试，包含10道电路分析题目。
电路理论/电路(上)真题_2022春_48学时_答案.pdf,"{""id"": ""6a0728c2abfe09661dcd8d93"", ""reused_existing"": false}",,电路理论往年题,课程,电路理论,往年题,电路(上)真题_2022春_48学时_答案.pdf,0.31,2022春电路理论(上)48学时真题答案，包含电路分析题目解答。
电路理论/电路(下)真题_2010秋_电气学院用_试题.pdf,"{""id"": ""6a0728c3abfe09661dcd8d94"", ""reused_existing"": false}",,电路理论往年题,课程,电路理论,往年题,电路(下)真题_2010秋_电气学院用_试题.pdf,0.13,2010-2011学年第一学期电路理论（下）试题，电气大类本科生64学时闭卷考试。包含12道大题，涵盖正弦稳态电路分析、最大功率传输、理想变压器、三相电路、拉普拉斯变换、二端口网络、非正弦周期电路、图论、状态方程、均匀传输线等内容。
电路理论/电路(下)真题_2015秋_电气学院用_试题.pdf,"{""id"": ""6a0728c4abfe09661dcd8d95"", ""reused_existing"": false}",,电路理论往年题,课程,电路理论,往年题,电路(下)真题_2015秋_电气学院用_试题.pdf,16.09,2015年秋季学期电气学院电路(下)课程考试真题，适用于复习备考。
电路理论/电路下串讲1-上册部分-李晓丹.pdf,"{""id"": ""6a0728b2abfe09661dcd8d82"", ""reused_existing"": false}",,电路理论复习资料,课程,电路理论,复习资料,电路下串讲1-上册部分-李晓丹.pdf,1.46,电路理论(下)串讲，重点讲解三相电路，包括对称三相电源、电源连接和负载连接。
电路理论/电路下串讲_沈毅.pdf,"{""id"": ""6a0728b4abfe09661dcd8d83"", ""reused_existing"": false}",,电路理论复习资料,课程,电路理论,复习资料,电路下串讲_沈毅.pdf,3.3,电路理论（下）串讲资料，由沈毅讲解，涵盖正弦稳态分析和相量法等内容。
电路理论/电路作业参考答案(第17-21章，电气学院用).pdf,"{""id"": ""6a0728b5abfe09661dcd8d84"", ""reused_existing"": false}",,电路理论复习资料,课程,电路理论,复习资料,电路作业参考答案(第17-21章，电气学院用).pdf,0.85,《电路理论》习题参考答案（电气学院版），涵盖第17-21章，包含拉普拉斯变换、逆变换、复频域电路分析等知识点，适用于电气学院学生复习参考。
电路理论/电路样卷（参考答案）.pdf,"{""id"": ""6a0728b6abfe09661dcd8d85"", ""reused_existing"": false}",,电路理论复习资料,课程,电路理论,复习资料,电路样卷（参考答案）.pdf,1.78,电路理论课程的样卷及参考答案。
电路理论/电路理论(下)学解勘误 (1).pdf,"{""id"": ""6a0728b6abfe09661dcd8d86"", ""reused_existing"": false}",,电路理论复习资料,课程,电路理论,复习资料,电路理论(下)学解勘误 (1).pdf,0.28,《电路理论(下)》学解勘误，包含2019秋和2015秋两套习题的解答与修正，涉及电容、电阻、电感、阻抗、功率、状态方程、节点分析、传输线等知识点。
电路理论/电路理论(下)学解勘误.pdf,"{""id"": ""6a0728b6abfe09661dcd8d86"", ""reused_existing"": true}",,电路理论复习资料,课程,电路理论,复习资料,电路理论(下)学解勘误.pdf,0.28,《电路理论(下)》学解勘误，包含2019秋和2015秋两套试题的解答与勘误，涉及电容、电感、阻抗、功率、状态方程、传输线等知识点，适用于电气学院学生复习。
电路理论/电路理论上2022-样卷.pdf,"{""id"": ""6a0728c5abfe09661dcd8d96"", ""reused_existing"": false}",,电路理论往年题,课程,电路理论,往年题,电路理论上2022-样卷.pdf,0.17,华中科技大学2021-2022学年第二学期电路理论（上）考试A卷样卷，包含十道大题及参考答案。
电路理论/电路理论下_样卷.pdf,"{""id"": ""6a0728b7abfe09661dcd8d87"", ""reused_existing"": false}",,电路理论复习资料,课程,电路理论,复习资料,电路理论下_样卷.pdf,0.34,电路理论（下）样卷，包含10道题目，涵盖最大功率传输、三相电路功率计算、非正弦周期电路有效值与平均功率、二端口网络参数与等效电阻、状态方程与输出方程、复频域电路分析、节点分析方程、均匀传输线特性与电压计算等知识点。
电路理论/电路理论下第2部分-李晓丹.pdf,"{""id"": ""6a0728d6abfe09661dcd8da9"", ""reused_existing"": false}",,电路理论课程资料,课程,电路理论,课程资料,电路理论下第2部分-李晓丹.pdf,12.33,电路理论下第2部分，涵盖正弦稳态电路的频率响应、谐振电路、滤波器及周期性非正弦稳态电路等内容。
电路理论/电路理论串讲-唐卓扬.pptx,"{""id"": ""6a0728b9abfe09661dcd8d88"", ""reused_existing"": false}",,电路理论复习资料,课程,电路理论,复习资料,电路理论串讲-唐卓扬.pptx,16.67,电路理论串讲PPT，由唐卓扬制作。
电路理论/电路理论串讲.pptx,"{""id"": ""6a0728baabfe09661dcd8d89"", ""reused_existing"": false}",,电路理论复习资料,课程,电路理论,复习资料,电路理论串讲.pptx,16.14,电路理论课程的串讲PPT文件。
电路理论/电路理论教学内容2024.pdf,"{""id"": ""69d4dfd70ade361580f16ade"", ""reused_existing"": true}",,电路理论课程资料,课程,电路理论,课程资料,电路理论教学内容2024.pdf,0.14,电路理论课程2024年教学内容，涵盖电路模型、基本定律、电阻电路等效变换等章节。
电路理论/电路理论（下）_2024年秋季_教学日历.doc,"{""id"": ""6a0728d7abfe09661dcd8daa"", ""reused_existing"": false}",,电路理论课程资料,课程,电路理论,课程资料,电路理论（下）_2024年秋季_教学日历.doc,0.09,电路理论（下）2024年秋季教学日历，包含课程安排、章节内容等。
电路理论/电路理论（下）_2025年秋季_教学日历.pdf,"{""id"": ""6a0728bbabfe09661dcd8d8a"", ""reused_existing"": false}",,电路理论复习资料,课程,电路理论,复习资料,电路理论（下）_2025年秋季_教学日历.pdf,0.3,华中科技大学电气工程专业电路理论（下）课程2025年秋季教学日历，包含教学内容、学时安排、作业和测验计划。
电路理论/第12章三相正弦稳态电路.ppt,"{""id"": ""6a0728c6abfe09661dcd8d98"", ""reused_existing"": false}",,第12章三相正弦稳态电路,课程,电路理论,课件,第12章三相正弦稳态电路.ppt,2.19,第12章三相正弦稳态电路PPT课件
电路理论/第13章含磁耦合元件的正弦稳态电路.pdf,"{""id"": ""6a0728d7abfe09661dcd8dab"", ""reused_existing"": false}",,电路理论课程资料,课程,电路理论,课程资料,第13章含磁耦合元件的正弦稳态电路.pdf,0.83,第13章含磁耦合元件的正弦稳态电路，包括耦合电感、互感、线性变压器、理想变压器及其工程应用。
电路理论/第14章正弦稳态电路的频率响应（2019）.pdf,"{""id"": ""6a0729faabfe09661dcd8e39"", ""reused_existing"": false}",,电路理论课程资料,课程,电路理论,课程资料,第14章正弦稳态电路的频率响应（2019）.pdf,1.16,第14章正弦稳态电路的频率响应，包括传递函数、频率响应、滤波器和谐振电路。
电路理论/第15章周期性非正弦稳态电路（三相简化）.pdf,"{""id"": ""6a0729fbabfe09661dcd8e3a"", ""reused_existing"": false}",,电路理论课程资料,课程,电路理论,课程资料,第15章周期性非正弦稳态电路（三相简化）.pdf,0.98,第15章讲解周期性非正弦稳态电路的分析方法，包括傅里叶级数展开、有效值和平均功率计算，以及对称三相非正弦周期电流电路。
计算机/1-2.pdf,"{""id"": ""6a0728e4abfe09661dcd8db2"", ""reused_existing"": false}",,计算机课程资料,课程,计算机,课程资料,1-2.pdf,0.86,介绍二进制数的算术运算，包括无符号和有符号数的加法、减法、乘法规则及示例。
计算机/2025年 电信 计算机组成原理与接口技术 考试卷回忆版初稿（计组 微机原理）.pdf,"{""id"": ""6a0728e2abfe09661dcd8db0"", ""reused_existing"": false}",,2025年 电信 计算机组成原理与接口技术 考试卷回忆版初稿（计组 微机原理）,课程,计算机,往年题,2025年 电信 计算机组成原理与接口技术 考试卷回忆版初稿（计组 微机原理）.pdf,0.78,2025年电信学院计算机组成原理与接口技术考试回忆版，包含填空题（单精度浮点数、C语言溢出、计算机组成结构、PC寄存器）和MIPS汇编题（递归求数位和、大小写翻转），涉及栈操作、大小端存储等知识点。
计算机/CH03_逻辑门电路.pdf,"{""id"": ""6a0729fcabfe09661dcd8e3c"", ""reused_existing"": false}",,计算机复习资料,课程,计算机,复习资料,CH03_逻辑门电路.pdf,2.67,本章介绍逻辑门电路的基本概念、分类及工作原理，重点讲解CMOS和TTL门电路的结构、特性与应用，包括MOS管的开关特性、基本逻辑门（与、或、与非等）的功能，以及三态门、OD门和传输门等特殊门电路。同时涵盖逻辑门电路的使用注意事项和Verilog HDL描述方法。
计算机/CH0B_exercise.pdf,"{""id"": ""6a0729fdabfe09661dcd8e3d"", ""reused_existing"": false}",,计算机复习资料,课程,计算机,复习资料,CH0B_exercise.pdf,2.3,计算机学科数字逻辑课程习题，涵盖二进制数识别、十进制与二进制/八进制/十六进制转换、原码反码补码、8421BCD码及逻辑代数证明。
计算机/习题课.pdf,"{""id"": ""6a0729feabfe09661dcd8e3e"", ""reused_existing"": false}",,计算机复习资料,课程,计算机,复习资料,习题课.pdf,1.86,何云峰老师主讲的逻辑代数与组合逻辑电路习题课，包含卡诺图化简多输出逻辑函数及电梯系统监测电路设计，适合计算机专业学生复习。
计算机/工程设计作业_第七组_第2题_语音伪装器设计.pdf,"{""id"": ""6a0728e0abfe09661dcd8dad"", ""reused_existing"": false}",,计算机实验资料,课程,计算机,实验资料,工程设计作业_第七组_第2题_语音伪装器设计.pdf,4.27,华中科技大学光学与电子信息学院《信号与系统》课程工程设计报告，题目为语音伪装器设计。报告包括变声原理理论模型（重采样、时域压拓、Griffin & Lim算法、STFT瞬时频率估算、PV-TSM原理）和程序设计（GUI、音频录制播放、波形频谱显示、主要函数如wsola时间伸缩、pitch_shift_audio音高变换、formant_shift共振峰移位）。
计算机/谢广昊 计算机组成原理实验报告.pdf,"{""id"": ""6a0728e1abfe09661dcd8dae"", ""reused_existing"": false}",,计算机实验资料,课程,计算机,实验资料,谢广昊 计算机组成原理实验报告.pdf,2.57,华中科技大学计算机科学与技术学院2022年《计算机组成原理》课程实验报告，由谢广昊完成，包含数据表示实验和运算器实验，涉及设计要求、方案设计、实验步骤、故障调试及测试分析。
计算机/集成电路学院2025年保研手册 （定稿）.pdf,"{""id"": ""6a0728e5abfe09661dcd8db3"", ""reused_existing"": false}",,计算机课程资料,课程,计算机,课程资料,集成电路学院2025年保研手册 （定稿）.pdf,2.44,华中科技大学集成电路学院2025年保研手册，包含指导委员会、编委会及版权信息。
课外书/置身事内 中国政府与经济发展【复旦经院“毕业课”解读经济生活背后的政府角色。罗永浩、刘格菘、张军、.pdf,"{""id"": ""6a072a00abfe09661dcd8e40"", ""reused_existing"": false}",,置身事内 中国政府与经济发展【复旦经院“毕业课”解读经济生活背后的政府角色。罗永浩、刘格菘、张军、,课程,课外书,课程资料,置身事内 中国政府与经济发展【复旦经院“毕业课”解读经济生活背后的政府角色。罗永浩、刘格菘、张军、.pdf,4.66,本书由兰小欢撰写，深入剖析中国政府在经济发展中的角色与作用，结合现实案例，解读经济生活背后的政府逻辑，适合对政治经济学感兴趣的读者。
近现代史/课后思考题参考答案.doc,"{""id"": ""6a0728e7abfe09661dcd8db6"", ""reused_existing"": false}",,近现代史复习资料,课程,近现代史,复习资料,课后思考题参考答案.doc,0.08,本文档为近现代史课程课后思考题参考答案，涵盖鸦片战争作为中国近代史起点的原因、近代中国的主要矛盾、社会性质及其基本特征等核心知识点，适合复习备考使用。
近现代史/选择题库2号 (含答案).doc,"{""id"": ""6a0728e8abfe09661dcd8db7"", ""reused_existing"": false}",,近现代史复习资料,课程,近现代史,复习资料,选择题库2号 (含答案).doc,0.13,《中国近现代史纲要》选择题题库，包含鸦片战争、近代中国社会矛盾、不平等条约等知识点，附答案，适合复习备考。
近现代史/选择题库2号 (无答案).doc,"{""id"": ""6a0728e8abfe09661dcd8db8"", ""reused_existing"": false}",,近现代史复习资料,课程,近现代史,复习资料,选择题库2号 (无答案).doc,0.14,《中国近现代史纲要》复习资料，包含单项选择题，涵盖鸦片战争、不平等条约、主要矛盾、反侵略斗争等知识点，无答案，适合自测练习。
近现代史/选择题题库1号（含答案）.doc,"{""id"": ""6a0728e9abfe09661dcd8db9"", ""reused_existing"": false}",,近现代史复习资料,课程,近现代史,复习资料,选择题题库1号（含答案）.doc,0.45,该文档为近现代史选择题题库，涵盖从英国资产阶级革命到鸦片战争后中国社会性质变化等知识点，包括半殖民地半封建社会、主要矛盾、不平等条约等核心内容，适合复习备考。
近现代史/选择题题库1号（无答案）.doc,"{""id"": ""6a0728e9abfe09661dcd8dba"", ""reused_existing"": false}",,近现代史复习资料,课程,近现代史,复习资料,选择题题库1号（无答案）.doc,0.22,该文件为近现代史选择题题库，涵盖上编综述“风云变幻的八十年”内容，涉及资本主义时代标志、帝国主义殖民形式、鸦片战争影响、近代中国社会性质、主要矛盾及不平等条约等知识点，共14道选择题，适合复习备考。
量子力学/(彩印)量子力学划重点.pdf,"{""id"": ""6a0728f9abfe09661dcd8dc8"", ""reused_existing"": false}",,量子力学往年题,课程,量子力学,往年题,(彩印)量子力学划重点.pdf,28.09,量子力学课程重点整理资料，彩印版，适用于期末复习或考前冲刺，涵盖核心知识点与考点总结。
量子力学/25量子力学回忆版.pdf,"{""id"": ""6a0728f9abfe09661dcd8dc9"", ""reused_existing"": false}",,量子力学往年题,课程,量子力学,往年题,25量子力学回忆版.pdf,0.5,2025年量子力学试题回忆版，包含10道选择题（涉及波粒二象性、量子化条件、波函数性质、能级结构、自旋-轨道耦合等）、1道简答题（简述普朗克等科学家的贡献）和7道计算题（涵盖平面波归一化、动量平均值、角动量本征函数、变分法求基态能量、表象变换、全同玻色子波函数、自旋算符等）。
量子力学/Chapter-4.pdf,"{""id"": ""6a0728faabfe09661dcd8dca"", ""reused_existing"": false}",,量子力学往年题,课程,量子力学,往年题,Chapter-4.pdf,7.28,该文本片段为量子力学课程期中回顾，涵盖波函数与薛定谔方程，对比经典力学与量子力学对微观粒子状态描述的不同侧重点。
量子力学/《量子力学新讲》陈童 中科院高能物理研究所.pdf,"{""id"": ""6a0728fdabfe09661dcd8dce"", ""reused_existing"": false}",,量子力学课件,课程,量子力学,课件,《量子力学新讲》陈童 中科院高能物理研究所.pdf,8.56,陈童编写的《量子力学新讲》讲义，涵盖量子力学建立、普朗克能量量子化、玻尔氢原子模型、波粒二象性等内容，适用于学习与教学。
量子力学/孙雅婷《曾谨言教程答案》.pdf,"{""id"": ""6a0728ebabfe09661dcd8dbc"", ""reused_existing"": false}",,量子力学复习资料,课程,量子力学,复习资料,孙雅婷《曾谨言教程答案》.pdf,1.82,孙雅婷整理的《曾谨言教程答案》PDF，涵盖量子力学课程习题解答，适合复习与自测。
量子力学/平衡态统计物理.pdf,"{""id"": ""6a0728ecabfe09661dcd8dbd"", ""reused_existing"": false}",,量子力学复习资料,课程,量子力学,复习资料,平衡态统计物理.pdf,3.1,刘川编写的《平衡态统计物理》讲义，适用于北京大学物理学院课程。讲义从系综理论出发，略去热力学和非平衡态统计，重点讲述平衡态统计，并融入热力学内容。新增液体统计理论、稀薄等离子体Debye-Hückel理论及自旋模型相变等内容。每章附有习题，分为基础与拓展两类。先修课程为普物热学，不要求量子力学基础。
量子力学/第二章-波函数和薛定谔方程.pdf,"{""id"": ""6a0728f6abfe09661dcd8dc5"", ""reused_existing"": false}",,量子力学实验资料,课程,量子力学,实验资料,第二章-波函数和薛定谔方程.pdf,11.59,本章介绍波函数和薛定谔方程，从德布罗意波假设出发，推导物质波的能量动量关系，并回顾1927年戴维孙-革末电子衍射实验验证电子的波动性。最后引入薛定谔方程，建立波函数与粒子能量、动量的联系。
量子力学/经典电动力学.pdf,"{""id"": ""6a0728feabfe09661dcd8dcf"", ""reused_existing"": false}",,量子力学课件,课程,量子力学,课件,经典电动力学.pdf,3.41,北京大学刘川教授编写的经典电动力学讲义，版本历经多次更新（1.0至1.5），涵盖静电学、电磁波传播、辐射、多极场、色散介质、波导与光纤等内容，采用国际单位制与高斯制混合使用，适合物理专业学生与教师学习参考。
"量子力学/量子力学习题精选与剖析( 第三版)钱伯初, 曾谨言.pdf","{""id"": ""6a0728edabfe09661dcd8dbe"", ""reused_existing"": false}",,量子力学复习资料,课程,量子力学,复习资料,"量子力学习题精选与剖析( 第三版)钱伯初, 曾谨言.pdf",7.47,量子力学习题精选与剖析（第三版），钱伯初、曾谨言编著，包含量子力学核心习题与详细解析，适合巩固知识点与备考。
量子力学/量子力学习题解答-陈鄂生-最清晰版.pdf,"{""id"": ""6a0728eeabfe09661dcd8dbf"", ""reused_existing"": false}",,量子力学复习资料,课程,量子力学,复习资料,量子力学习题解答-陈鄂生-最清晰版.pdf,11.07,陈鄂生编写的量子力学习题解答，PDF版本清晰，包含大量物理资料，适合量子力学课程学习与复习。
量子力学/量子力学复习知识点 [20210519](1).pdf,"{""id"": ""6a0728fbabfe09661dcd8dcb"", ""reused_existing"": false}",,量子力学往年题,课程,量子力学,往年题,量子力学复习知识点 [20210519](1).pdf,0.13,量子力学复习资料，涵盖考试题型（填空、简答、计算题）、评分标准（平时20%+考试80%）、考试形式（闭卷）及核心知识点列表，包括能量量子化、波粒二象性、薛定谔方程、算符、自旋、微扰论等。
量子力学/量子力学导论-曾谨言-习题答案.pdf,"{""id"": ""6a0728efabfe09661dcd8dc0"", ""reused_existing"": false}",,量子力学复习资料,课程,量子力学,复习资料,量子力学导论-曾谨言-习题答案.pdf,0.8,曾谨言《量子力学导论》第一章习题答案，涵盖一维无限深势阱、三维无限深方势阱、谐振子和平面转子的能量本征值求解，利用de Broglie驻波条件和量子化条件推导。
量子力学/量子力学总复习.pdf,"{""id"": ""6a0728f1abfe09661dcd8dc1"", ""reused_existing"": false}",,量子力学复习资料,课程,量子力学,复习资料,量子力学总复习.pdf,2.4,量子力学总复习资料，涵盖量子力学诞生背景、经典物理困难（黑体辐射、光电效应、原子光谱）及Planck-Einstein、Bohr、de-Broglie等理论，并介绍波动力学与矩阵力学的发展方向。
量子力学/量子力学点睛课堂.pptx,"{""id"": ""6a072901abfe09661dcd8dd0"", ""reused_existing"": false}",,量子力学课件,课程,量子力学,课件,量子力学点睛课堂.pptx,9.1,量子力学点睛课堂的PPT课件
量子力学/量子力学笔记—冷轩(宁波大学物理与技术学院，讲师).pdf,"{""id"": ""6a072904abfe09661dcd8dd3"", ""reused_existing"": false}",,量子力学笔记—冷轩(宁波大学物理与技术学院，讲师),课程,量子力学,课程资料,量子力学笔记—冷轩(宁波大学物理与技术学院，讲师).pdf,6.74,冷轩（宁波大学物理与技术学院讲师）编写的量子力学笔记，包含个人主页、科研工作及联动文档链接，强调内容可能存在疏漏，欢迎指正。
量子力学/量子力学笔记（悦悦）.pdf,"{""id"": ""6a0728f4abfe09661dcd8dc2"", ""reused_existing"": false}",,量子力学复习资料,课程,量子力学,复习资料,量子力学笔记（悦悦）.pdf,27.06,量子力学笔记（悦悦）的PDF扫描版，内容为手写笔记，可能包含量子力学核心知识点与公式整理。
量子力学/量子力学考研笔记-很好-含曾谨言的卷一和教程练习题解答.pdf,"{""id"": ""6a0728f4abfe09661dcd8dc3"", ""reused_existing"": false}",,量子力学复习资料,课程,量子力学,复习资料,量子力学考研笔记-很好-含曾谨言的卷一和教程练习题解答.pdf,1.35,该PDF为2012年整理的量子力学考研笔记，涵盖曾谨言《量子力学教程》卷一内容及练习题解答，包含数学基础如行列式、概率、三角函数、积分和级数等，适合考研复习。
量子力学/量子力学讲义.pdf,"{""id"": ""6a0728fcabfe09661dcd8dcc"", ""reused_existing"": false}",,量子力学往年题,课程,量子力学,往年题,量子力学讲义.pdf,0.38,量子力学期末复习讲义，涵盖量子力学诞生、波函数与薛定谔方程、力学量算符表示、态和力学量表象等核心内容，包含黑体辐射、光电效应、一维势阱、氢原子等知识点。
量子力学/量子力学讲义陈童.pdf,"{""id"": ""6a072903abfe09661dcd8dd1"", ""reused_existing"": false}",,量子力学课件,课程,量子力学,课件,量子力学讲义陈童.pdf,9.9,该文件为陈童编写的量子力学讲义目录，涵盖从最大尺度（可观测宇宙）到最小尺度（量子力学）的物理概念，以及量子力学的建立过程，包括普朗克能量量子化、玻尔氢原子模型、波粒二象性和电子自旋等内容。
量子力学/集成电路学院量子力学真题-学生记忆版.pdf,"{""id"": ""6a0728f7abfe09661dcd8dc6"", ""reused_existing"": false}",,量子力学实验资料,课程,量子力学,实验资料,集成电路学院量子力学真题-学生记忆版.pdf,0.05,华中科技大学集成电路学院2022级量子力学考题（学生记忆版），包含选择题、简答题（量子力学诞生困难、电子波动性实验）、一维势垒散射、角动量本征态、Lx矩阵本征值、微扰论、氢原子自旋、泡利矩阵、全同费米子、表象变换等。
马原/02_第二章实践与认识及其发展规律.pdf,"{""id"": ""6a072910abfe09661dcd8de2"", ""reused_existing"": false}",,马原课程资料,课程,马原,课程资料,02_第二章实践与认识及其发展规律.pdf,2.04,本章介绍马克思主义实践观、认识论和价值论，阐述实践的本质、认识的发展规律、真理的客观性及真理与价值的辩证统一，强调实践是检验真理的唯一标准，并探讨理论创新与实践创新的良性互动。
马原/03_第三章人类社会及其发展规律.pdf,"{""id"": ""6a072911abfe09661dcd8de3"", ""reused_existing"": false}",,马原课程资料,课程,马原,课程资料,03_第三章人类社会及其发展规律.pdf,2.25,本章学习历史唯物主义基本原理，包括社会存在与社会意识的辩证关系、社会基本矛盾及其运动规律、文明多样性、社会发展动力及人民群众和个人在社会历史中的作用。通过马克思和恩格斯的唯物史观，揭示社会发展的客观规律，强调物质生产方式的基础作用，并探讨自然地理环境、人口因素等社会存在要素。旨在提高运用历史唯物主义正确认识历史和现实的能力。
马原/07_第七章共产主义崇高理想及其最终实现.pdf,"{""id"": ""6a072912abfe09661dcd8de4"", ""reused_existing"": false}",,马原课程资料,课程,马原,课程资料,07_第七章共产主义崇高理想及其最终实现.pdf,1.09,本章学习预见未来社会的方法论原则，把握共产主义社会的基本特征，认识实现共产主义的历史必然性和长期性，理解共产主义远大理想与中国特色社会主义共同理想的辩证关系，坚定理想信念，投身新时代事业。
马原/0导论讲解.docx,"{""id"": ""6a072905abfe09661dcd8dd5"", ""reused_existing"": false}",,马原复习资料,课程,马原,复习资料,0导论讲解.docx,0.05,本文为马克思主义基本原理导论复习笔记，涵盖马克思主义的定义、组成（哲学、政治经济学、科学社会主义）及基本原理，并介绍其创立的社会历史条件、工人运动背景和思想理论渊源。
马原/2023-56总复习 (1).ppt,"{""id"": ""6a072906abfe09661dcd8dd6"", ""reused_existing"": false}",,马原复习资料,课程,马原,复习资料,2023-56总复习 (1).ppt,0.0,马原课程2023年总复习PPT，涵盖核心知识点与复习要点。
马原/2024年概论.pdf,"{""id"": ""6a072913abfe09661dcd8de5"", ""reused_existing"": false}",,马原课程资料,课程,马原,课程资料,2024年概论.pdf,2.11,2024年《概论》目录，涵盖马克思主义中国化时代化的历史进程、理论成果，以及毛泽东思想、新民主主义革命理论等核心内容。
马原/2实践与认识及其发展规律.docx,"{""id"": ""6a072914abfe09661dcd8de6"", ""reused_existing"": false}",,马原课程资料,课程,马原,课程资料,2实践与认识及其发展规律.docx,4.75,本文基于《马克思主义基本原理》第二章，系统阐述马克思主义哲学认识论的革命性变革，深入分析科学实践观的本体论、认识论和价值论内涵，探讨实践的本质特征及其在当代科技背景下的延展，强调实践是认识的基础、真理与价值统一的中介。
马原/3人类社会及其发展规律.docx,"{""id"": ""6a072906abfe09661dcd8dd7"", ""reused_existing"": false}",,马原复习资料,课程,马原,复习资料,3人类社会及其发展规律.docx,0.04,本章介绍唯物史观的基本原理，包括历史观的基本问题、唯心史观的缺陷、唯物史观的变革，以及社会存在与社会意识的辩证关系。重点分析社会存在的物质构成、社会意识的立体结构及其相对独立性，并融入生态马克思主义等现代视角。
马原/5资本主义发展趋势复习.docx,"{""id"": ""6a072907abfe09661dcd8dd8"", ""reused_existing"": false}",,马原复习资料,课程,马原,复习资料,5资本主义发展趋势复习.docx,3.97,本章分析资本主义从自由竞争到垄断的演变，阐述生产集中与资本集中的辩证运动、垄断形成的经济机理、垄断组织形式的演进，以及垄断与竞争的辩证关系。强调垄断是资本主义内部矛盾运动的必然产物，垄断条件下的竞争具有新特点，旨在帮助学生理解现代资本主义的本质。
马原/7共产主义理想.docx,"{""id"": ""6a072908abfe09661dcd8dd9"", ""reused_existing"": false}",,马原复习资料,课程,马原,复习资料,7共产主义理想.docx,3.96,本章运用历史唯物主义揭示人类社会从必然王国向自由王国飞跃的规律，阐明共产主义取代资本主义的历史必然性，并探讨远大理想与共同理想的统一。重点介绍预见未来社会的方法论原则，包括基于社会发展规律、批判旧世界发现新世界、在实践中深化认识等，强调共产主义理论的科学性与实践性。
马原/华科《马原》题库.pdf,"{""id"": ""6a072908abfe09661dcd8dda"", ""reused_existing"": false}",,马原复习资料,课程,马原,复习资料,华科《马原》题库.pdf,0.4,华中科技大学《马克思主义基本原理》题库，包含单项选择题，涵盖马克思主义标志性著作、哲学基本问题、唯物辩证法、实践与认识、价值、社会形态、商品价值等核心知识点，适合复习备考。
马原/模电23年2月.pdf,"{""id"": ""6a072906abfe09661dcd8dd6"", ""reused_existing"": true}",,马原复习资料,课程,马原,复习资料,模电23年2月.pdf,0.0,马原学科中，模电课程2023年2月的PDF资料，可能包含模拟电子技术相关知识点或试题。
马原/模电参考.pdf,"{""id"": ""6a072906abfe09661dcd8dd6"", ""reused_existing"": true}",,马原复习资料,课程,马原,复习资料,模电参考.pdf,0.0,马原学科下的模电参考PDF文件，可能包含模拟电子技术的基础知识点、电路分析或相关参考材料，适合作为学习辅助资料。
马原/选择题题库.pdf,"{""id"": ""6a07290aabfe09661dcd8ddb"", ""reused_existing"": false}",,马原复习资料,课程,马原,复习资料,选择题题库.pdf,5.37,马原学科选择题题库PDF文件，包含马克思主义基本原理相关选择题练习，适用于备考复习。
马原/邓天平串讲_20231225.pptx,"{""id"": ""6a072906abfe09661dcd8dd6"", ""reused_existing"": true}",,马原复习资料,课程,马原,复习资料,邓天平串讲_20231225.pptx,0.0,邓天平老师关于马克思主义基本原理的串讲PPT，日期为2023年12月25日。
马原/马 原复习提纲.pptx,"{""id"": ""6a072906abfe09661dcd8dd6"", ""reused_existing"": true}",,马原复习资料,课程,马原,复习资料,马 原复习提纲.pptx,0.0,马原课程复习提纲PPT，涵盖核心知识点与复习要点。
马原/马克思主义基本原理习题集.doc,"{""id"": ""6a072906abfe09661dcd8dd6"", ""reused_existing"": true}",,马原复习资料,课程,马原,复习资料,马克思主义基本原理习题集.doc,0.0,马克思主义基本原理课程的习题集，包含选择题、简答题等题型，适合复习备考使用。
马原/马克思主义基本原理习题集.pdf,"{""id"": ""6a07290babfe09661dcd8ddc"", ""reused_existing"": false}",,马原复习资料,课程,马原,复习资料,马克思主义基本原理习题集.pdf,0.38,马克思主义基本原理习题集，包含单项选择题，涵盖马克思主义标志性著作、哲学基本问题、唯物辩证法、认识论、价值论、社会存在、阶级斗争、社会形态、商品价值等知识点，适合复习备考。
马原/马原复习提纲(1).pdf,"{""id"": ""6a07290babfe09661dcd8ddd"", ""reused_existing"": false}",,马原复习资料,课程,马原,复习资料,马原复习提纲(1).pdf,0.25,马原复习提纲涵盖导论和第一章，包括马克思主义定义、三个组成部分、创立背景、鲜明特征，以及哲学基本问题、物质、运动、时空、物质意识辩证关系、联系发展、矛盾同一性与斗争性等核心知识点。
马原/马原复习课/从打印店找的去年论述题与材料分析题答案.docx,6a0724a9abfe09661dcd8b17,从打印店找的去年论述题与材料分析题答案,从打印店找的去年论述题与材料分析题答案,课程,马原,马原复习课,从打印店找的去年论述题与材料分析题答案.docx,0.02,马原课程论述题与材料分析题答案，涵盖辩证否定观、人民群众历史作用、联系与发展、价值本质、经济基础与上层建筑等知识点，附实例分析，适用于期末复习。
马原/马原思维导图.pdf,"{""id"": ""6a07290cabfe09661dcd8dde"", ""reused_existing"": false}",,马原复习资料,课程,马原,复习资料,马原思维导图.pdf,2.44,马原课程的思维导图PDF，系统梳理马克思主义基本原理的核心概念与逻辑框架，适合复习与知识整合。
马原/马原提纲.pdf,"{""id"": ""6a07290dabfe09661dcd8ddf"", ""reused_existing"": false}",,马原复习资料,课程,马原,复习资料,马原提纲.pdf,0.35,《马克思主义基本原理》复习提纲，涵盖导论、第一章世界的物质性及发展规律、第二章实践与认识及其发展规律等核心内容，包括马克思主义定义、组成部分、创立、鲜明特征，以及哲学基本问题、物质、运动、意识、矛盾、量变质变、否定之否定等知识点。
马原/马原预习.pdf,"{""id"": ""6a07290fabfe09661dcd8de0"", ""reused_existing"": true}",,马原课程资料,课程,马原,课程资料,马原预习.pdf,25.86,马原课程的预习资料，PDF格式，适合学生提前了解课程内容。
马原/马原预习速通.pdf,"{""id"": ""6a07290fabfe09661dcd8de0"", ""reused_existing"": false}",,马原复习资料,课程,马原,复习资料,马原预习速通.pdf,25.86,马原课程预习速通资料，涵盖马克思主义基本原理核心知识点，适合快速复习与备考。
